security_id,security_name,symbol,isin,security_type,company,chp_number,agch_approved,is_private,redemption_date,annual_interest,linkage,linkage_type,last_price,annual_yield,base_indices,is_tradable,first_seen
1110915,אדמה אגח ב,אדמה.ק2,IL0011109159,"אג""ח קונצרני","אדמה פתרונות לחקלאות בע""מ",520043605,כן,לא,30/11/2036,5.15000,מדד המחירים לצרכן,,159.05,4.2,103.1,True,2026-10-08
1220839,אופל בלאנס אגחד,אופל.ק4,IL0012208398,"אג""ח קונצרני","אופל בלאנס השקעות בע""מ",513734566,כן,לא,30/06/2030,5.50000,לא צמוד,,101.4,3.1,,True,2026-10-08
1209014,אורשי אגח ה,ארשי.ק5,IL0012090143,"אג""ח קונצרני","אורשי ג.ש. בע""מ",513547224,כן,לא,31/12/2027,7.05055,לא צמוד,,103.24,3.3,,True,2026-10-08
1183037,איידיאייהנ הת ו,אדאה.ק6,IL0011830374,"אג""ח קונצרני","איי.די.איי. הנפקות (2010) בע""מ",514486042,כן,לא,15/12/2031,2.18000,לא צמוד,,96.26,3.3,,True,2026-10-08
1229350,איידיאייהנ הת ז,אדאה.ק7,IL0012293507,"אג""ח קונצרני","איי.די.איי. הנפקות (2010) בע""מ",514486042,כן,לא,23/09/2035,5.13000,לא צמוד,,102.43,2.5,,True,2026-10-08
1133487,ארפורט    אגח ה,ארפט.ק5,IL0011334872,"אג""ח קונצרני","איירפורט סיטי בע""מ",511659401,כן,לא,28/02/2029,2.34000,מדד המחירים לצרכן,,121.17,3.9,102.3,True,2026-10-08
1160944,ארפורט    אגח ט,ארפט.ק9,IL0011609448,"אג""ח קונצרני","איירפורט סיטי בע""מ",511659401,כן,לא,30/08/2035,0.65000,מדד המחירים לצרכן,,108.41,2.3,100.8,True,2026-10-08
1195981,ארפורט    אגח י,ארפט.ק10,IL0011959819,"אג""ח קונצרני","איירפורט סיטי בע""מ",511659401,כן,לא,30/04/2029,5.00000,לא צמוד,,103.7,3.6,,True,2026-10-08
1195999,ארפורט   אגח יא,ארפט.ק11,IL0011959991,"אג""ח קונצרני","איירפורט סיטי בע""מ",511659401,כן,לא,01/05/2039,2.64000,מדד המחירים לצרכן,,109.95,0.9,103.2,True,2026-10-08
1211564,ארפורט   אגח יב,ארפט.ק12,IL0012115643,"אג""ח קונצרני","איירפורט סיטי בע""מ",511659401,כן,לא,30/04/2037,3.60000,מדד המחירים לצרכן,,110.72,2.2,108.8,True,2026-10-08
1232834,ארפורט   אגח יג,ארפט.ק13,IL0012328345,"אג""ח קונצרני","איירפורט סיטי בע""מ",511659401,כן,לא,01/05/2033,4.44000,לא צמוד,,101.31,2.1,,True,2026-10-08
1232842,ארפורט   אגח יד,ארפט.ק14,IL0012328428,"אג""ח קונצרני","איירפורט סיטי בע""מ",511659401,כן,לא,30/04/2040,2.80000,מדד המחירים לצרכן,,99.62,1.3,104.1,True,2026-10-08
1197128,איסתא אג א,אסתא.ה1,IL0011971285,"אג""ח להמרה",איסתא ליינס חברת הנסיעות של הסטודנטים בישראל,520042763,כן,לא,30/06/2028,4.85000,לא צמוד,,108.7,-4.7,,True,2026-10-08
1232867,איסתא נכס אגח א,איסנ.ק1,IL0012328675,"אג""ח קונצרני","איסתא נכסים בע""מ",512553058,כן,לא,30/06/2033,5.42000,לא צמוד,,99.69,1.4,,True,2026-10-08
1188739,אנקור פרופ אגחג,אקרפ.ק3,IL0011887390,"אג""ח קונצרני",אנקור פרופרטיס,1939883,כן,לא,15/07/2027,8.50000,לא צמוד,,103.78,5.4,,True,2026-10-08
1226844,אנקור פרופ אגחה,אקרפ.ק5,IL0012268442,"אג""ח קונצרני",אנקור פרופרטיס,1939883,כן,לא,15/07/2030,8.30000,לא צמוד,,88.78,-6.1,,True,2026-10-08
1240589,אנקור פרופ אגחו,אקרפ.ק6,IL0012405895,"אג""ח קונצרני",אנקור פרופרטיס,1939883,כן,לא,15/01/2030,6.80000,לא צמוד,,100.1,0.1,,True,2026-10-08
7550148,אקויטל    אגח 3,אקטל.ק3,IL0075501481,"אג""ח קונצרני","אקויטל בע""מ",520030859,כן,לא,25/07/2034,1.64000,לא צמוד,,88.99,2.0,,True,2026-10-08
1197607,אקויטל    אגח 4,אקטל.ק4,IL0011976078,"אג""ח קונצרני","אקויטל בע""מ",520030859,כן,לא,25/07/2036,5.31000,לא צמוד,,104.24,1.9,,True,2026-10-08
1138825,ביט ישיראגיא-רמ,בטש.11-מ,IL0011388258,"אג""ח קונצרני","ביטוח ישיר - השקעות פיננסיות בע""מ",520044439,כן,לא,30/06/2028,4.60000,לא צמוד,,102.38,3.8,,True,2026-10-08
1210244,ביט ישיראגיב-רמ,בטש.12-מ,IL0012102443,"אג""ח קונצרני","ביטוח ישיר - השקעות פיננסיות בע""מ",520044439,כן,לא,30/06/2034,4.70000,מדד המחירים לצרכן,,114.75,-1.3,107.2,True,2026-10-08
1199488,בית זיקוק אגח 2,בזא.ק2,IL0011994881,"אג""ח קונצרני","בית זיקוק אשדוד בע""מ",513775163,כן,לא,30/04/2029,7.25000,לא צמוד,,108.3,5.7,,True,2026-10-08
1215136,בית זיקוק אגח 3,בזא.ק3,IL0012151366,"אג""ח קונצרני","בית זיקוק אשדוד בע""מ",513775163,כן,לא,30/06/2034,5.81000,לא צמוד,,104.84,5.8,,True,2026-10-08
1247154,בית זיקוק אגח 4,בזא.ק4,IL0012471541,"אג""ח קונצרני","בית זיקוק אשדוד בע""מ",513775163,כן,לא,31/03/2033,5.04000,לא צמוד,,97.82,-2.2,,True,2026-10-08
1211937,ברנד אגח ב,ברנד.ק2,IL0012119371,"אג""ח קונצרני",ברנד תעשיות,520040346,כן,לא,30/06/2031,6.90000,לא צמוד,,104.22,5.9,,True,2026-10-08
1241066,ברנד אגח ג,ברנד.ק3,IL0012410663,"אג""ח קונצרני",ברנד תעשיות,520040346,כן,לא,30/06/2033,6.26000,לא צמוד,,99.4,-0.6,,True,2026-10-08
2590511,בזן       אגח י,בזן.ק10,IL0025905113,"אג""ח קונצרני","בתי זקוק לנפט בע""מ",520036658,כן,לא,25/09/2031,2.70000,לא צמוד,,94.88,3.6,,True,2026-10-08
1211986,בזן      אגח טו,בזן.ק15,IL0012119868,"אג""ח קונצרני","בתי זקוק לנפט בע""מ",520036658,כן,לא,25/12/2034,5.25000,לא צמוד,,103.33,3.4,,True,2026-10-08
2590578,בזן      אגח יב,בזן.ק12,IL0025905782,"אג""ח קונצרני","בתי זקוק לנפט בע""מ",520036658,כן,לא,25/09/2029,5.00000,לא צמוד,,101.03,4.0,,True,2026-10-08
1195346,בזן      אגח יג,בזן.ק13,IL0011953465,"אג""ח קונצרני","בתי זקוק לנפט בע""מ",520036658,כן,לא,26/09/2032,5.75000,לא צמוד,,103.92,3.2,,True,2026-10-08
1242585,בזן      אגח יז,בזן.ק17,IL0012425851,"אג""ח קונצרני","בתי זקוק לנפט בע""מ",520036658,כן,לא,25/09/2036,4.05000,לא צמוד,,97.46,0.2,,True,2026-10-08
1135417,פניקס הון אגח ה,פנהס.ק5,IL0011354177,"אג""ח קונצרני","הפניקס גיוסי הון (2009) בע""מ",514290345,כן,לא,01/11/2026,2.25000,מדד המחירים לצרכן,,122.6,4.0,98.8,True,2026-10-08
1201953,פניקס הון אגחטו,פנהס.ק15,IL0012019530,"אג""ח קונצרני","הפניקס גיוסי הון (2009) בע""מ",514290345,כן,לא,30/06/2033,4.69000,לא צמוד,,101.26,2.4,,True,2026-10-08
1220334,פניקס הון אגחטז,פנהס.ק16,IL0012203340,"אג""ח קונצרני","הפניקס גיוסי הון (2009) בע""מ",514290345,כן,לא,01/11/2034,5.15000,לא צמוד,,105.1,1.9,,True,2026-10-08
1159359,פניקס הון אגחיא,פנהס.ק11,IL0011593592,"אג""ח קונצרני","הפניקס גיוסי הון (2009) בע""מ",514290345,כן,לא,30/04/2032,2.62000,לא צמוד,,97.54,3.3,,True,2026-10-08
1195585,פניקס הון אגחיב,פנהס.ק12,IL0011955858,אגח הוני ניתן למחיקה,"הפניקס גיוסי הון (2009) בע""מ",514290345,כן,לא,05/02/2071,2.09000,מדד המחירים לצרכן,,115.04,2.4,101.4,True,2026-10-08
1188135,פניקס הון אגחיג,פנהס.ק13,IL0011881351,"אג""ח קונצרני","הפניקס גיוסי הון (2009) בע""מ",514290345,כן,לא,31/10/2032,5.51000,לא צמוד,,102.46,2.1,,True,2026-10-08
1201946,פניקס הון אגחיד,פנהס.ק14,IL0012019464,"אג""ח קונצרני","הפניקס גיוסי הון (2009) בע""מ",514290345,כן,לא,28/02/2033,2.31000,מדד המחירים לצרכן,,107.86,2.7,105.1,True,2026-10-08
1220342,פניקס הון אגחיז,פנהס.ק17,IL0012203423,"אג""ח קונצרני","הפניקס גיוסי הון (2009) בע""מ",514290345,כן,לא,01/02/2035,3.14000,מדד המחירים לצרכן,,107.38,3.2,0.0,True,2026-10-08
1230283,פניקס הון אגחיח,פנהס.ק18,IL0012302837,אגח הוני ניתן למחיקה,"הפניקס גיוסי הון (2009) בע""מ",514290345,כן,לא,30/09/2075,2.79000,מדד המחירים לצרכן,,98.0,0.8,103.6,True,2026-10-08
6390405,דיסק השק אגח יא,דסקש.ק11,IL0063904051,"אג""ח קונצרני","חברת השקעות דיסקונט בע""מ",520023896,כן,לא,31/12/2027,3.57663,לא צמוד,,99.93,4.1,,True,2026-10-08
1218833,חגג אירופה אגחה,חגגא.ק5,IL0012188335,"אג""ח קונצרני","חג'ג' אירופה דיוולופמנט צ.ש. בע""מ",515682292,כן,לא,01/07/2029,5.00000,לא צמוד,,93.46,2.8,,True,2026-10-08
1241231,חגג אירופה אגחו,חגגא.ק6,IL0012412313,"אג""ח קונצרני","חג'ג' אירופה דיוולופמנט צ.ש. בע""מ",515682292,כן,לא,01/01/2032,6.38000,לא צמוד,,99.4,-0.6,,True,2026-10-08
1232727,ירושליםהנ אגח כ,ירשה.ק20,IL0012327271,"אג""ח קונצרני","ירושלים מימון והנפקות (2005) בע""מ",513682146,כן,לא,31/03/2032,2.57000,מדד המחירים לצרכן,,101.31,3.0,104.1,True,2026-10-08
1161769,ירושליםהנ אגחטו,ירשה.ק15,IL0011617698,"אג""ח קונצרני","ירושלים מימון והנפקות (2005) בע""מ",513682146,כן,לא,31/12/2026,0.20000,מדד המחירים לצרכן,,117.78,3.4,101.2,True,2026-10-08
1172170,ירושליםהנ אגחטז,ירהנ.ק16,IL0011721706,"אג""ח קונצרני","ירושלים מימון והנפקות (2005) בע""מ",513682146,כן,לא,30/06/2028,0.20000,מדד המחירים לצרכן,,116.85,3.5,100.1,True,2026-10-08
1182054,ירושליםהנ אגחיח,ירשה.ק18,IL0011820540,"אג""ח קונצרני","ירושלים מימון והנפקות (2005) בע""מ",513682146,כן,לא,30/09/2029,0.20000,מדד המחירים לצרכן,,112.52,3.9,102.4,True,2026-10-08
1201433,ירושליםהנ אגחיט,ירשה.ק19,IL0012014333,"אג""ח קונצרני","ירושלים מימון והנפקות (2005) בע""מ",513682146,כן,לא,31/01/2031,2.59000,מדד המחירים לצרכן,,109.95,3.6,105.4,True,2026-10-08
1247667,ירושליםהנ אגחכא,ירשה.ק21,IL0012476672,"אג""ח קונצרני","ירושלים מימון והנפקות (2005) בע""מ",513682146,כן,לא,02/04/2034,2.58000,מדד המחירים לצרכן,,99.08,-0.9,105.8,True,2026-10-08
1176312,ירושליםהנפ נד17,ירשה.ק17,IL0011763120,אגח הוני ניתן למחיקה,"ירושלים מימון והנפקות (2005) בע""מ",513682146,כן,לא,31/05/2032,1.22000,מדד המחירים לצרכן,,118.37,4.2,100.9,True,2026-10-08
2320224,ישראמקו   אגח ב,ישרמק.ק2,IL0023202240,"אג""ח קונצרני",ישראמקו-נגב 2,550010003,כן,לא,10/10/2030,3.77000,דולר,,88.01,1.0,3.41,True,2026-10-08
2320232,ישראמקו   אגח ג,ישרמק.ק3,IL0023202323,"אג""ח קונצרני",ישראמקו-נגב 2,550010003,כן,לא,10/10/2030,2.24000,לא צמוד,,95.97,3.5,,True,2026-10-08
1229244,ישראמקו   אגח ד,ישרמק.ק4,IL0012292442,"אג""ח קונצרני",ישראמקו-נגב 2,550010003,כן,לא,25/07/2035,5.01000,לא צמוד,,102.59,1.3,,True,2026-10-08
1230309,כלל הון  אגח טו,כללה.ק15,IL0012303090,אגח הוני ניתן למחיקה,כללביט מימון,513754069,כן,לא,31/10/2075,5.12000,לא צמוד,,101.65,0.7,,True,2026-10-08
1220524,כלל הון  אגח יד,כללה.ק14,IL0012205246,"אג""ח קונצרני",כללביט מימון,513754069,כן,לא,30/09/2039,5.51000,לא צמוד,,105.04,1.9,,True,2026-10-08
1160647,כלל הון אגח  יא,כללה.ק11,IL0011606477,"אג""ח קונצרני",כללביט מימון,513754069,כן,לא,31/03/2033,2.64000,לא צמוד,,94.61,2.9,,True,2026-10-08
1179928,כלל הון אגח  יב,כללה.ק12,IL0011799280,"אג""ח קונצרני",כללביט מימון,513754069,כן,לא,01/04/2035,2.50000,לא צמוד,,90.42,2.0,,True,2026-10-08
1197920,כלל הון אגח  יג,כללה.ק13,IL0011979205,"אג""ח קונצרני",כללביט מימון,513754069,כן,לא,31/07/2037,5.31000,לא צמוד,,104.64,1.2,,True,2026-10-08
1168517,מגדלי תיכוןאגחה,מגתכ.ק5,IL0011685174,"אג""ח קונצרני","מגדלי הים התיכון בע""מ",512719485,כן,לא,01/07/2029,3.04000,לא צמוד,,98.41,3.5,,True,2026-10-08
1199124,מגדלי תיכוןאגחו,מגתכ.ק6,IL0011991242,"אג""ח קונצרני","מגדלי הים התיכון בע""מ",512719485,כן,לא,30/06/2032,5.48000,לא צמוד,,105.64,2.5,,True,2026-10-08
1217694,מגדלי תיכוןאגחז,מגתכ.ק7,IL0012176942,"אג""ח קונצרני","מגדלי הים התיכון בע""מ",512719485,כן,לא,01/07/2035,5.29000,לא צמוד,,104.58,2.0,,True,2026-10-08
2310498,מז טפ הנ אגח 62,מזהנ.ק62,IL0023104982,"אג""ח קונצרני","מזרחי טפחות חברה להנפקות בע""מ",520032046,כן,לא,22/10/2028,0.10000,מדד המחירים לצרכן,,112.53,3.5,102.3,True,2026-10-08
2310548,מז טפ הנ אגח 63,מזהנ.ק63,IL0023105484,"אג""ח קונצרני","מזרחי טפחות חברה להנפקות בע""מ",520032046,כן,לא,13/04/2031,2.74000,לא צמוד,,97.97,3.1,,True,2026-10-08
2310555,מז טפ הנ אגח 64,מזהנ.ק64,IL0023105559,"אג""ח קונצרני","מזרחי טפחות חברה להנפקות בע""מ",520032046,כן,לא,13/04/2031,0.10000,מדד המחירים לצרכן,,109.98,3.5,103.5,True,2026-10-08
1191667,מז טפ הנ אגח 66,מזהנ.ק66,IL0011916678,"אג""ח קונצרני","מזרחי טפחות חברה להנפקות בע""מ",520032046,כן,לא,08/12/2031,1.64000,מדד המחירים לצרכן,,111.3,3.4,107.6,True,2026-10-08
1196807,מז טפ הנ אגח 67,מזהנ.ק67,IL0011968075,"אג""ח קונצרני","מזרחי טפחות חברה להנפקות בע""מ",520032046,כן,לא,12/06/2033,2.06000,מדד המחירים לצרכן,,108.07,2.7,104.0,True,2026-10-08
1202142,מז טפ הנ אגח 68,מזהנ.ק68,IL0012021429,"אג""ח קונצרני","מזרחי טפחות חברה להנפקות בע""מ",520032046,כן,לא,25/12/2033,1.99000,מדד המחירים לצרכן,,107.53,2.8,105.1,True,2026-10-08
1213883,מז טפ הנ אגח 70,מזהנ.ק70,IL0012138835,"אג""ח קונצרני","מזרחי טפחות חברה להנפקות בע""מ",520032046,כן,לא,28/11/2036,2.68000,מדד המחירים לצרכן,,106.4,1.8,109.1,True,2026-10-08
1243088,מז טפ הנ אגח 72,מזהנ.ק72,IL0012430885,"אג""ח קונצרני","מזרחי טפחות חברה להנפקות בע""מ",520032046,כן,לא,08/06/2033,3.96000,לא צמוד,,99.98,0.0,,True,2026-10-08
1247428,מז טפ הנ אגח 74,מזהנ.ק74,IL0012474289,"אג""ח קונצרני","מזרחי טפחות חברה להנפקות בע""מ",520032046,כן,לא,16/09/2032,4.06000,לא צמוד,,99.31,-0.7,,True,2026-10-08
2310464,מז טפ הנפ אגח61,מזהנ.ק61,IL0023104644,"אג""ח קונצרני","מזרחי טפחות חברה להנפקות בע""מ",520032046,כן,לא,04/12/2026,0.50000,מדד המחירים לצרכן,,119.1,3.8,101.2,True,2026-10-08
1191675,מז טפ הנפ הת 65,מזהנ.ק65,IL0011916751,אגח הוני ניתן למחיקה,"מזרחי טפחות חברה להנפקות בע""מ",520032046,כן,לא,08/06/2033,3.31000,מדד המחירים לצרכן,,114.02,3.7,107.6,True,2026-10-08
1202159,מז טפ הנפ הת 69,מזהנ.ק69,IL0012021593,אגח הוני ניתן למחיקה,"מזרחי טפחות חברה להנפקות בע""מ",520032046,כן,לא,25/06/2034,3.36000,מדד המחירים לצרכן,,110.95,3.3,105.1,True,2026-10-08
1213891,מז טפ הנפ הת 71,מזהנ.ק71,IL0012138918,אגח הוני ניתן למחיקה,"מזרחי טפחות חברה להנפקות בע""מ",520032046,כן,לא,28/11/2035,3.38000,מדד המחירים לצרכן,,109.29,3.0,109.1,True,2026-10-08
1243096,מז טפ הנפ נד 73,מזהנ.ק73,IL0012430968,אגח הוני ניתן למחיקה,"מזרחי טפחות חברה להנפקות בע""מ",520032046,כן,לא,08/12/2036,2.61000,מדד המחירים לצרכן,,99.85,-0.2,105.1,True,2026-10-08
2310183,מז טפ הנפק   42,מזהנ.ק42,IL0023101830,"אג""ח קונצרני","מזרחי טפחות חברה להנפקות בע""מ",520032046,כן,לא,07/06/2030,3.40335,מדד המחירים לצרכן,,126.14,2.8,99.4,True,2026-10-08
2310225,מז טפ הנפק   46,מזהנ.ק46,IL0023102259,"אג""ח קונצרני","מזרחי טפחות חברה להנפקות בע""מ",520032046,כן,לא,28/09/2027,1.22000,מדד המחירים לצרכן,,120.63,4.1,100.2,True,2026-10-08
2310381,מז טפ הנפק   52,מזהנ.ק52,IL0023103810,"אג""ח קונצרני","מזרחי טפחות חברה להנפקות בע""מ",520032046,כן,לא,01/07/2030,0.20000,מדד המחירים לצרכן,,110.43,2.7,100.1,True,2026-10-08
2380053,ממן       אגח ג,ממן.ק3,IL0023800530,"אג""ח קונצרני","ממן-מסופי מטען וניטול בע""מ",520036435,כן,לא,31/12/2028,2.39000,לא צמוד,,98.38,3.3,,True,2026-10-08
1155928,מניבים ריט אגחב,מנרט.ק2,IL0011559288,"אג""ח קונצרני","מניבים קרן הריט החדשה בע""מ",515327120,כן,לא,31/12/2027,2.75000,מדד המחירים לצרכן,,120.73,3.9,101.8,True,2026-10-08
1177658,מניבים ריט אגחג,מנרט.ק3,IL0011776585,"אג""ח קונצרני","מניבים קרן הריט החדשה בע""מ",515327120,כן,לא,31/12/2029,0.85000,מדד המחירים לצרכן,,114.13,3.5,101.3,True,2026-10-08
1193929,מניבים ריט אגחד,מנרט.ק4,IL0011939290,"אג""ח קונצרני","מניבים קרן הריט החדשה בע""מ",515327120,כן,לא,31/12/2031,3.18000,מדד המחירים לצרכן,,114.94,2.9,102.3,True,2026-10-08
1238336,מניבים ריט אגחה,מנרט.ק5,IL0012383365,"אג""ח קונצרני","מניבים קרן הריט החדשה בע""מ",515327120,כן,לא,01/01/2034,2.10000,מדד המחירים לצרכן,,98.87,4.7,103.5,True,2026-10-08
1139542,פז אנרגיה אגח ו,פז.ק6,IL0011395428,"אג""ח קונצרני",פז חברת נפט,510216054,כן,לא,30/11/2028,1.94000,מדד המחירים לצרכן,,121.26,3.3,99.3,True,2026-10-08
1142595,פז אנרגיה אגח ז,פז.ק7,IL0011425951,"אג""ח קונצרני",פז חברת נפט,510216054,כן,לא,01/12/2030,1.23000,מדד המחירים לצרכן,,118.63,4.1,100.6,True,2026-10-08
1162817,פז אנרגיה אגח ח,פז.ק8,IL0011628174,"אג""ח קונצרני",פז חברת נפט,510216054,כן,לא,30/11/2031,2.43000,לא צמוד,,96.57,3.3,,True,2026-10-08
1205947,פז אנרגיה אגח ט,פז.ק9,IL0012059478,"אג""ח קונצרני",פז חברת נפט,510216054,כן,לא,31/05/2035,5.86000,לא צמוד,,109.44,2.7,,True,2026-10-08
1109495,פלאזה סנט אגח א,פלזס.ק1,IL0011094955,"אג""ח קונצרני",פלאזה סנטרס אן.וי,33248324,כן,לא,01/01/2027,6.00000,מדד המחירים לצרכן,,1.61,-79.4,99.4,True,2026-10-08
1109503,פלאזה סנט אגח ב,פלזס.ק2,IL0011095036,"אג""ח קונצרני",פלאזה סנטרס אן.וי,33248324,כן,לא,01/01/2027,6.90000,מדד המחירים לצרכן,,1.7,-78.7,102.5,True,2026-10-08
1204718,קופרליין  אגח ד,קפלן.ק4,IL0012047184,"אג""ח קונצרני",קופרליין אמריקאס,1865427,כן,לא,31/03/2030,7.50000,לא צמוד,,82.02,-11.5,,True,2026-10-08
1224070,קופרליין  אגח ה,קפלן.ק5,IL0012240706,"אג""ח קונצרני",קופרליין אמריקאס,1865427,כן,לא,30/06/2028,6.01616,לא צמוד,,97.97,1.0,,True,2026-10-08
1162353,קרדן נדלן אגח ד,קרנז.ק4,IL0011623530,"אג""ח קונצרני","קרדן נדל""ן יזום ופיתוח בע""מ",520041005,כן,לא,31/12/2026,2.40000,לא צמוד,,100.08,4.2,,True,2026-10-08
1172725,קרדן נדלן אגח ה,קרנז.ק5,IL0011727257,"אג""ח קונצרני","קרדן נדל""ן יזום ופיתוח בע""מ",520041005,כן,לא,31/12/2028,2.50000,לא צמוד,,97.79,3.9,,True,2026-10-08
1217553,קרדן נדלן אגח ו,קרנד.ק6,IL0012175530,"אג""ח קונצרני","קרדן נדל""ן יזום ופיתוח בע""מ",520041005,כן,לא,31/12/2030,5.46000,לא צמוד,,102.02,2.8,,True,2026-10-08
7770191,שופרסל    אגח ד,שפרסל.ק4,IL0077701915,"אג""ח קונצרני","שופרסל בע""מ",520022732,כן,לא,08/10/2029,2.99000,מדד המחירים לצרכן,,121.41,3.0,102.3,True,2026-10-08
7770209,שופרסל    אגח ה,שפרסל.ק5,IL0077702095,"אג""ח קונצרני","שופרסל בע""מ",520022732,כן,לא,08/10/2029,5.09000,לא צמוד,,101.73,3.3,,True,2026-10-08
7770217,שופרסל    אגח ו,שפרסל.ק6,IL0077702178,"אג""ח קונצרני","שופרסל בע""מ",520022732,כן,לא,08/10/2028,4.30000,מדד המחירים לצרכן,,123.6,3.9,100.1,True,2026-10-08
7770258,שופרסל    אגח ז,שפרסל.ק7,IL0077702582,"אג""ח קונצרני","שופרסל בע""מ",520022732,כן,לא,20/08/2030,3.52000,לא צמוד,,99.22,3.4,,True,2026-10-08
2580132,תדיראן גרו אגח3,תדראן.ק3,IL0025801320,"אג""ח קונצרני",תדיראן הולדינגס,520036732,כן,לא,30/06/2028,1.75000,לא צמוד,,96.0,3.6,,True,2026-10-08
1208784,תדיראן גרו אגח4,תדראן.ק4,IL0012087842,"אג""ח קונצרני",תדיראן הולדינגס,520036732,כן,לא,30/06/2034,5.85000,לא צמוד,,105.43,3.0,,True,2026-10-08
1235282,תדיראן גרו אגח5,תדראן.ק5,IL0012352824,"אג""ח קונצרני",תדיראן הולדינגס,520036732,כן,לא,30/06/2034,2.50000,לא צמוד,,91.05,11.6,,True,2026-10-08
