heteriske_code,heteriske_name,category,permit_link
759,"מנוס - בן יפונה 10 בע""מ","נדל""ן",https://drive.google.com/file/d/1cLthnttlJC28eFdRcnDTKh3mvkIQxccw/view?usp=sharing
758,"מנוס - שאול המלך 63 בע""מ","נדל""ן",https://drive.google.com/file/d/1tl9g_y1efXz2SwelYlF8Je6lFlkzOH93/view?usp=sharing
757,"מנוס - שמעוני 34 בע""מ","נדל""ן",https://drive.google.com/file/d/13p35BwHSL2Cm4y2v1dUHL70g8Ah7WDn-/view?usp=sharing
524,"מנוס ניהול ואחזקות בע""מ","נדל""ן",https://drive.google.com/file/d/1Omg2BuDQ379U9FjIhLIyqfsc7KdUK6Wx/view?usp=sharing
475,"מרכז בית יעקב בארץ ישראל (ע""ר)",מוסדות חינוך,https://drive.google.com/file/d/164iUXaOfZ7l7ocwzo7ai1vK8SAOsMcV7/view?usp=sharing
532,"נדרים פלוס מערכות מידע בע""מ",מאגד אשראי,https://drive.google.com/file/d/1-JlA4eHd8BuG7R6Jd3Ab6CyA350j_rdT/view?usp=sharing
692,עיריית אלעד,כללי,https://drive.google.com/file/d/15BrtLMZm8nyoMS01MGZoRhe7gBov--1b/view?usp=drive_link
419,עיריית ירושלים,עירייה,https://drive.google.com/file/d/1UqouDziIAsLP_aNPXrA2OODzD1PCjMnH/view?usp=sharing
687,"רם אדרת סלעית גני איילון בע""מ",מוזיקה,https://drive.google.com/file/d/1Mb4h7tJ2Dm5G_0oVulbn3KrIluSJBck8/view?usp=drive_link
1323,"פיתוח מזרח ירושלים בע""מ",בניה,https://heteriske.com/wp-content/uploads/custom_uploads/2026/05/היתר-עסקא-פיתוח-מזרח-ירושלים.pdf
1141,"גרינקאר (אייימאד) יבוא ומסחר בע""מ",יבוא ושיווק,https://heteriske.com/wp-content/uploads/custom_uploads/2026/08/גרינקאר-אייימאד-יבוא-ומסחר-בע_מ.pdf
868,"קול יששכר ע""ר",מוסדות,https://heteriske.com/wp-content/uploads/custom_uploads/2026/08/קול-יששכר-ע_ר.pdf
1082,"גומל חסדים טובים בע""מ","נדל""ן",https://heteriske.com/wp-content/uploads/custom_uploads/2026/08/גומל-חסדים-טובים-בע_מ.pdf
851,"די.בי.אס נצח קפיטל גרופ בע""מ",פיננסים,https://heteriske.com/wp-content/uploads/custom_uploads/2026/08/די.בי.אס-נצח-קפיטל-גרופ-בע_מ.pdf
1092,"דרך 38 מרכז לבריאות בע""מ",יעוץ,https://heteriske.com/wp-content/uploads/custom_uploads/2026/08/דרך-38-מרכז-לבריאות-בע_מ.pdf
1093,"דרך 38 שירותים מקצועיים בע""מ",יעוץ,https://heteriske.com/wp-content/uploads/custom_uploads/2026/08/דרך-38-שירותים-מקצועיים-בע_מ.pdf
1098,"וויידלי מובייל בע""מ",טלפוניה,https://heteriske.com/wp-content/uploads/custom_uploads/2026/08/וויידלי-מובייל-בע_מ.pdf
1138,פסיפלורה,חנות,https://heteriske.com/wp-content/uploads/custom_uploads/2026/08/פסיפלורה.pdf
1159,פיתרון,הלוואות והשקעות,https://heteriske.com/wp-content/uploads/custom_uploads/2026/08/פיתרון.pdf
1146,"שי מידע פיננסים והשקעות בע""מ",צ'יינג',https://heteriske.com/wp-content/uploads/custom_uploads/2026/08/שי-מידע-פיננסים-והשקעות-בע_מ.pdf
1059,"איחוד מגורי ישראל בע""מ","נדל""ן",https://heteriske.com/wp-content/uploads/custom_uploads/2026/08/איחוד-מגורי-ישראל-בע_מ.pdf
1064,"אפי קפיטל אחזקות בע""מ","נדל""ן",https://drive.google.com/file/d/16o3xT1fCi58pGpohOruq5GxJI7yROgY6/view?usp=drive_link
1065,"אפי קפיטל אחזקות משכנות בראל בע""מ","נדל""ן",https://drive.google.com/file/d/1s330kZJFI-Wi974dG6ueLNnA8wYIbIbc/view?usp=drive_link
1162,פירות הכיכר,מפעלי אוכל וצרכניות,https://heteriske.com/wp-content/uploads/custom_uploads/2026/08/פירות-הכיכר.pdf
1145,"יאדיר תורה בנגב בע""מ",עמותה,https://heteriske.com/wp-content/uploads/custom_uploads/2026/08/יאדיר-תורה-בנגב-בע_מ.pdf
853,"כספא סליקה כשרה בע""מ",אשראי,https://heteriske.com/wp-content/uploads/custom_uploads/2026/08/כספא-סליקה-כשרה-בע_מ.pdf
1139,"משכן התורה נתיבות (ע""ר)",עמותה,https://heteriske.com/wp-content/uploads/custom_uploads/2026/08/משכן-התורה-נתיבות-ע_ר.pdf
1143,"נטעי ראובן (ע""ר)",עמותה,https://heteriske.com/wp-content/uploads/custom_uploads/2026/08/נטעי-ראובן-ע_ר.pdf
1142,קהלני שלום,ביגוד,https://heteriske.com/wp-content/uploads/custom_uploads/2026/08/קהלני-שלום.pdf
1053,"א.י קרן גשרים אשראי בע""מ",הלוואות והשקעות,https://heteriske.com/wp-content/uploads/custom_uploads/2026/08/א.י-קרן-גשרים-אשראי-בע_מ-1.pdf
1084,גשרים 2 - שותפות השקעה שותפות מוגבלת,לימודים,https://heteriske.com/wp-content/uploads/custom_uploads/2026/08/גשרים-2-שותפות-השקעה-שותפות-מוגבלת.pdf
1085,גשרים 2 שותפות אשראי שותפות מוגבלת,לימודים,https://heteriske.com/wp-content/uploads/custom_uploads/2026/08/גשרים-2-שותפות-אשראי-שותפות-מוגבלת.pdf
1086,גשרים 2-שותפות ליווי בניה שותפות מוגבלת,לימודים,https://drive.google.com/file/d/1WzptvZXlbGASby8CJMq98a40-uxhm9Ye/view?usp=drive_link
1157,"פיינסטר בע""מ",הלוואות והשקעות,https://heteriske.com/wp-content/uploads/custom_uploads/2026/08/פיינסטר-בע_מ.pdf
1063,"אנ""ש משכנתאות ופתרונות אשראי חכמים בע""מ",מימון,https://heteriske.com/wp-content/uploads/custom_uploads/2026/08/אנ_ש-משכנתאות-ופתרונות-אשראי-חכמים-בע_מ.pdf
1147,"ארבל ב.ש. פתרונות מימון ומשכנתאות בע""מ",מימון,https://heteriske.com/wp-content/uploads/custom_uploads/2026/08/ארבל-ב.ש.-פתרונות-מימון-ומשכנתאות-בע_מ.pdf
1054,"אבי בן רפאל יעוץ והדרכה לבטיחות בדרכים בע""מ",קורסים,https://heteriske.com/wp-content/uploads/custom_uploads/2026/08/אבי-בן-רפאל-יעוץ-והדרכה-לבטיחות-בדרכים-בע_מ.pdf
1102,"יעקב בן יוסף מערכות תקשורת מתקדמות בע""מ",תקשורת,https://heteriske.com/wp-content/uploads/custom_uploads/2026/08/יעקב-בן-יוסף-מערכות-תקשורת-מתקדמות-בע_מ.pdf
865,י. שרעבי ושות' משרד עורכי דין ונוטריון,"עו""ד",https://heteriske.com/wp-content/uploads/custom_uploads/2026/08/י.-שרעבי-ושות-משרד-עורכי-דין-ונוטריון.pdf
864,"א.ב.ג. קרית יערים בע""מ","נדל""ן",https://heteriske.com/wp-content/uploads/custom_uploads/2026/08/א.ב.ג.-קרית-יערים-בע_מ.pdf
1154,אלון מורן,"נדל""ן",https://drive.google.com/file/d/1eloSiVVbtYiOjjujD_6UFWqLTfOY1upy/view?usp=sharing
1153,אלישע אלישי להב,"נדל""ן",https://drive.google.com/file/d/1xeD4g4hfoZJ_bs6IrNAwtpy2UAubUYu_/view?usp=sharing
1088,"דלקל אחזקות 2009 בע""מ",גז,https://heteriske.com/wp-content/uploads/custom_uploads/2026/08/דלקל-אחזקות-2009-בע_מ.pdf
1089,"דלקל גז בע""מ",גז,https://heteriske.com/wp-content/uploads/custom_uploads/2026/08/דלקל-גז-בע_מ.pdf
1136,"דלקל דקלים בע""מ",גז,https://heteriske.com/wp-content/uploads/custom_uploads/2026/08/דלקל-דקלים-בע_מ.pdf
1137,"דלקל מואס גז בע""מ",גז,https://heteriske.com/wp-content/uploads/custom_uploads/2026/08/דלקל-מואס-גז-בע_מ.pdf
1135,"דלקל נכסים (2015) בע""מ",גז,https://heteriske.com/wp-content/uploads/custom_uploads/2026/08/דלקל-נכסים-2015-בע_מ.pdf
1090,"דלקלומט בע""מ",דלק,https://heteriske.com/wp-content/uploads/custom_uploads/2026/08/דלקלומט-בע_מ.pdf
1148,"טי.סי.אי תמ""א במרכז בע""מ","נדל""ן",https://drive.google.com/file/d/1fvO4MYSnxk_N38DfXelElIQFVn_eh3l8/view?usp=sharing
1100,"י.א.מ.א. מרגליות פיתוח בע""מ",גז,https://heteriske.com/wp-content/uploads/custom_uploads/2026/08/י.א.מ.א.-מרגליות-פיתוח-בע_מ.pdf
1101,"ים הדר סוכנות לביטוח (2017) בע""מ",ביטוחים,https://heteriske.com/wp-content/uploads/custom_uploads/2026/08/ים-הדר-סוכנות-לביטוח-2017-בע_מ.pdf
854,"ירוחם תיווך ויזמות בע""מ","נדל""ן",https://heteriske.com/wp-content/uploads/custom_uploads/2026/08/ירוחם-תיווך-ויזמות-בע_מ.pdf
872,מגה פון,לצפיה בהיתר עסקה,https://heteriske.com/wp-content/uploads/custom_uploads/2026/08/מגה-פון-.pdf
1149,"פנחס 70 רמת גן בע""מ","נדל""ן",https://heteriske.com/wp-content/uploads/custom_uploads/2026/08/פנחס-70-רמת-גן-בע_מ.pdf
1150,"פרסונל אינווסט בע""מ","נדל""ן",https://heteriske.com/wp-content/uploads/custom_uploads/2026/08/פרסונל-אינווסט-בע_מ.pdf
1151,"פרסונל אנד מור סוכנות לביטוח ותכנון פנסיוני (2018) בע""מ","נדל""ן",https://drive.google.com/file/d/14tTyfcoTBHFMRnu-t6Kno5gMKksoxrr1/view?usp=sharing
1152,"פרסונל יזמות מ.ל. בע""מ","נדל""ן",https://heteriske.com/wp-content/uploads/custom_uploads/2026/08/פרסונל-יזמות-מ.ל.-בע_מ.pdf
1155,"תשתיות השרון מ.ל בע""מ","נדל""ן",https://heteriske.com/wp-content/uploads/custom_uploads/2026/08/תשתיות-השרון-מ.ל-בע_מ.pdf
850,"סילבר ג.י. ניהול בע""מ",אשראי,https://heteriske.com/wp-content/uploads/custom_uploads/2026/08/סילבר-ג.י.-ניהול-בע_מ.pdf
848,"שרי את אלכס השקעות וניהול פרוייקטים בע""מ","נדל""ן",https://heteriske.com/wp-content/uploads/custom_uploads/2026/08/שרי-את-אלכס-השקעות-וניהול-פרוייקטים-בע_מ.pdf
862,"אורנשטיין ניהול וביצוע פרוייקטים בע""מ","נדל""ן",https://heteriske.com/wp-content/uploads/custom_uploads/2026/08/אורנשטיין-ניהול-וביצוע-פרוייקטים-בע_מ.pdf
860,"אפיקי מים נתיבות ע""ר",מוני מים,https://heteriske.com/wp-content/uploads/custom_uploads/2026/08/אפיקי-מים-נתיבות-ע_ר.pdf
859,"ארד בע""מ",מוני מים,https://heteriske.com/wp-content/uploads/custom_uploads/2026/08/ארד-בע_מ.pdf
873,Shower top,ארונות אמבט ופינות נטילה,https://heteriske.com/wp-content/uploads/custom_uploads/2026/08/Shower-top-.pdf
1048,א. זלוצ'בסקי,פאניות ואיפור,https://drive.google.com/file/d/1pY1rIT-BffItrusWGBhlcGORzhnjTQMC/view?usp=drive_link
863,"אברהם זילברברג בניה ויזום בע""מ","נדל""ן",https://heteriske.com/wp-content/uploads/custom_uploads/2026/08/אברהם-זילברברג-בניה-ויזום-בע_מ.pdf
1099,טוליפ,"כלי בית, שטיחים, עיצובים",https://drive.google.com/file/d/1FlMp7QPZja__vp_LACA_Byoi_Q413chS/view?usp=drive_link
1108,"מוסדות חסידי בעלז בני-ברק (ע""ר)",עמותות,https://heteriske.com/wp-content/uploads/custom_uploads/2026/08/מוסדות-חסידי-בעלז-בני-ברק-ע_ר.pdf
1109,מחסני המזון,מזון,https://drive.google.com/file/d/1S-3AkvfzOyyPiaki5MnnhjC59bcIbxY1/view?usp=drive_link
1110,מיגון ישראל,דלתות,https://drive.google.com/file/d/1Sgkk38XhkKvosQ9gwQuf-AKofVfQIF0Y/view?usp=drive_link
1167,ניהוז,פאניות ואיפור,https://drive.google.com/file/d/1ummXbqZca4VF5-wdUJzghBXjiWAKmXeR/view?usp=sharing
1161,קלאסי שוז,"ביגוד, נעלים",https://heteriske.com/wp-content/uploads/custom_uploads/2026/08/קלאסי-שוז.pdf
861,"אלסקה פרקמטיא בע""מ",מזון וצרכנות,https://heteriske.com/wp-content/uploads/custom_uploads/2026/08/אלסקה-פרקמטיא-בע_מ.pdf
871,"מגורי ביתר שי עולמות בע""מ","נדל""ן",https://drive.google.com/file/d/1wDssMbxwOvm5yebHB-CppiwOYdnQl6xx/view?usp=sharing
869,"נופי בראשית שי בגליל בע""מ","נדל""ן",https://heteriske.com/wp-content/uploads/custom_uploads/2026/08/נופי-בראשית-שי-בגליל-בע_מ.pdf
874,"נתיב החסד סופר חסד בע""מ",רשת מזון,https://heteriske.com/wp-content/uploads/custom_uploads/2026/08/נתיב-החסד-סופר-חסד-בע_מ.pdf
1165,פרימה,"ביגוד, נעלים",https://drive.google.com/file/d/1Fw5WozCfw98VHXx8vRLYnzd5V62_Jckx/view?usp=sharing
867,"קשת גיבורים בע""מ","נדל""ן",https://heteriske.com/wp-content/uploads/custom_uploads/2026/08/קשת-גיבורים-בע_מ.pdf
866,"קשת גיבורים שיווק בע""מ","נדל""ן",https://heteriske.com/wp-content/uploads/custom_uploads/2026/08/קשת-גיבורים-שיווק-בע_מ.pdf
849,"א.ר.א.ב. בונוס בע""מ",מימון,https://heteriske.com/wp-content/uploads/custom_uploads/2026/08/א.ר.א.ב.-בונוס-בע_מ.pdf
1055,"אובלי ערבויות בע""מ",חברות אשראי,https://heteriske.com/wp-content/uploads/custom_uploads/2026/08/אובלי-ערבויות-בע_מ.pdf
1076,ג'רוזלם צ'יינג',חלפנים / ציינג',https://heteriske.com/wp-content/uploads/custom_uploads/2026/08/גרוזלם-ציינג.pdf
858,"בית יעקב- בית יהודה אריה ע""ר",חינוך,https://heteriske.com/wp-content/uploads/custom_uploads/2026/08/בית-יעקב-בית-יהודה-אריה-ע_ר.pdf
1087,"דיילנא אוכל מרוקאי ביתי בע""מ",אוכל,https://heteriske.com/wp-content/uploads/custom_uploads/2026/08/דיילנא-אוכל-מרוקאי-ביתי-בע_מ.pdf
1096,"הנחלה - דיור להשכרה בע""מ","נדל""ן",https://heteriske.com/wp-content/uploads/custom_uploads/2026/08/הנחלה-דיור-להשכרה-בע_מ.pdf
870,"מגן אברהם קרנות לעזרה ולגמילות חסדים ע""ר",מוסדות,https://heteriske.com/wp-content/uploads/custom_uploads/2026/08/מגן-אברהם-קרנות-לעזרה-ולגמילות-חסדים-ע_ר.pdf
856,"ברקת מימון יזמים בע""מ",מימון,https://heteriske.com/wp-content/uploads/custom_uploads/2026/08/ברקת-מימון-יזמים-בע_מ.pdf
1140,"רזאור הנדסה ויעוץ בע""מ",מיזוג,https://heteriske.com/wp-content/uploads/custom_uploads/2026/08/רזאור-הנדסה-ויעוץ-בע_מ.pdf
1051,"א.א. תכלת השקעות בטכנולוגיה בע""מ","נדל""ן",https://heteriske.com/wp-content/uploads/custom_uploads/2026/08/א.א.-תכלת-השקעות-בטכנולוגיה-בע_מ.pdf
1058,"אחים גבאי חקלאות (1996) בע""מ",שונות,https://heteriske.com/wp-content/uploads/custom_uploads/2026/08/אחים-גבאי-חקלאות-1996-בע_מ.pdf
1060,"אימפקט אירופה ישראל יזמות והשקעות בע""מ","נדל""ן",https://heteriske.com/wp-content/uploads/custom_uploads/2026/08/אימפקט-אירופה-ישראל-יזמות-והשקעות-בע_מ.pdf
1083,"גרין סיטי נכסים בוקרשט בע""מ","נדל""ן",https://heteriske.com/wp-content/uploads/custom_uploads/2026/08/גרין-סיטי-נכסים-בוקרשט-בע_מ.pdf
1091,דפוס שילת,דפוס,https://drive.google.com/file/d/1kCceGeMU0hjd3IkAtQVvOsTXtplnkT_S/view?usp=drive_link
1094,"ה.ש.מ אירופה ישראל יזמות בע""מ","נדל""ן",https://heteriske.com/wp-content/uploads/custom_uploads/2026/08/ה.ש.מ-אירופה-ישראל-יזמות-בע_מ.pdf
1105,"מ.א.מ.י.א יזמות והשקעות בע""מ","נדל""ן",https://heteriske.com/wp-content/uploads/custom_uploads/2026/08/מ.א.מ.י.א-יזמות-והשקעות-בע_מ.pdf
1827,"""חויבי""",ניהול ועד בית,https://heteriske.com/wp-content/uploads/custom_uploads/2026/05/חויבי.pdf
2843,3SV Asset and Holding Management,בנקאות,https://heteriske.com/wp-content/uploads/custom_uploads/2026/08/3SV-Asset-and-Holding-Management.pdf
2825,ACS Participações,בנקאות,https://heteriske.com/wp-content/uploads/custom_uploads/2026/08/ACS-Participacoes.pdf
2851,ADAR IND. COM. IMP. EXP. LTDA.,טקסטיל,https://heteriske.com/wp-content/uploads/custom_uploads/2026/08/ברזיל-אדר.pdf
2852,ADAR IND. COM. IMP. EXP. LTDA.,טקסטיל,https://heteriske.com/wp-content/uploads/custom_uploads/2026/08/ברזיל-אדר.pdf
2853,ADAR IND. COM. IMP. EXP. LTDA.,טקסטיל,https://heteriske.com/wp-content/uploads/custom_uploads/2026/08/ברזיל-אדר.pdf
2854,ADAR IND. COM. IMP. EXP. LTDA.,טקסטיל,https://heteriske.com/wp-content/uploads/custom_uploads/2026/08/ברזיל-אדר.pdf
21,Aicom,תקשורת לעסקים,https://drive.google.com/file/d/1RNN8rUxlxHdWxmAZo_HSXhStF8Y71ISn/view?usp=sharing
2403,AJS Asset Management,בנקאות,https://heteriske.com/wp-content/uploads/custom_uploads/2026/07/31.846.936.pdf
2404,Alberto Joseph Safra Holding Ltda.,בנקאות,https://heteriske.com/wp-content/uploads/custom_uploads/2026/07/35.606.157.pdf
629,aridesk,מחשבים,https://drive.google.com/file/d/1dVNyU_c1c_s2sLVSMIzQrDcidlJ3VYO6/view?usp=sharing
2408,Asa Assessor de Invesrimentos,בנקאות,https://heteriske.com/wp-content/uploads/custom_uploads/2026/07/60.239.358.pdf
2402,Asa Asset Management,בנקאות,https://heteriske.com/wp-content/uploads/custom_uploads/2026/07/19.807.960.pdf
2409,Asa Digital Assets S.A.,בנקאות,https://heteriske.com/wp-content/uploads/custom_uploads/2026/07/60.483.028.pdf
2405,Asa Real Estate IMoveis Ltda.,בנקאות,https://heteriske.com/wp-content/uploads/custom_uploads/2026/07/57.047.807.pdf
2406,Asa Services,בנקאות,https://heteriske.com/wp-content/uploads/custom_uploads/2026/07/60.233.275.pdf
2407,Asa Sistemas Technologicos Ltda.,בנקאות,https://heteriske.com/wp-content/uploads/custom_uploads/2026/07/60.233.455.pdf
2411,"Asa Sociedade de Credito, Financiamento e Investimentos S.A.",בנקאות,https://heteriske.com/wp-content/uploads/custom_uploads/2026/07/78.703.388.pdf
2410,"Asa Sociedade de Credito, Financiamento e Investos S.A.",בנקאות,https://heteriske.com/wp-content/uploads/custom_uploads/2026/07/61.166.983.pdf
2855,AVANTI IND. COM. IMP. EXP. LTDA.,טקסטיל,https://heteriske.com/wp-content/uploads/custom_uploads/2026/08/ברזיל-אדר.pdf
2856,AVANTI IND. COM. IMP. EXP. LTDA.,טקסטיל,https://heteriske.com/wp-content/uploads/custom_uploads/2026/08/ברזיל-אדר.pdf
2857,AVANTI IND. COM. IMP. EXP. LTDA.,טקסטיל,https://heteriske.com/wp-content/uploads/custom_uploads/2026/08/ברזיל-אדר.pdf
2858,AVANTI IND. COM. IMP. EXP. LTDA.,טקסטיל,https://heteriske.com/wp-content/uploads/custom_uploads/2026/08/ברזיל-אדר.pdf
2829,BANCO DAYCOVAL,בנקאות,https://heteriske.com/wp-content/uploads/custom_uploads/2026/08/BANCO-DAYCOVAL.pdf
2836,BELMONT GROUP CORP.,בנקאות,https://heteriske.com/wp-content/uploads/custom_uploads/2026/08/BELMONT-GROUP-CORP.pdf
2848,Brl1 Consortium S/A,בנקאות,https://heteriske.com/wp-content/uploads/custom_uploads/2026/08/Brl1-Consortium-SA.pdf
2847,Cainvest Bank and Trust Limited,בנקאות,https://heteriske.com/wp-content/uploads/custom_uploads/2026/08/Cainvest-Bank-and-Trust-Limited.pdf
2845,Cainvest International S.A,בנקאות,https://heteriske.com/wp-content/uploads/custom_uploads/2026/08/Cainvest-International-S.A.pdf
2849,CISA Fundo de Investimento Financeiro Multimercado,בנקאות,https://heteriske.com/wp-content/uploads/custom_uploads/2026/08/CISA-Fundo-de-Investimento-Financeiro-Multimercado.pdf
2850,CISA Liquidity Provider Ltd,בנקאות,https://heteriske.com/wp-content/uploads/custom_uploads/2026/08/CISA-Liquidity-Provider-Ltd.pdf
2844,Create Brokerage,בנקאות,https://heteriske.com/wp-content/uploads/custom_uploads/2026/08/Create-Brokerage.pdf
2828,CSS AGENCIA DE TURISMO,בנקאות,https://heteriske.com/wp-content/uploads/custom_uploads/2026/08/CSS-AGENCIA-DE-TURISMO.pdf
2846,Dartley Securities Limited,בנקאות,https://heteriske.com/wp-content/uploads/custom_uploads/2026/08/Dartley-Securities-Limited.pdf
2842,DAYCO FINANCIAL CORPORATION BVI,בנקאות,https://heteriske.com/wp-content/uploads/custom_uploads/2026/08/DAYCO-FINANCIAL-CORPORATION-BVI.pdf
2834,DAYCOVAL ASSET MANAGEMENT,בנקאות,https://heteriske.com/wp-content/uploads/custom_uploads/2026/08/DAYCOVAL-ASSET-MANAGEMENT.pdf
2826,DAYPREV VIDA E PREVIDÊNCIA.,בנקאות,https://heteriske.com/wp-content/uploads/custom_uploads/2026/08/DAYPREV-VIDA-E-PREVIDENCIA.pdf
647,EIN compit holding LLC,"נדל""ן",https://drive.google.com/file/d/1xcbiZjyHtzYP5EhL1yCOqlkJxVA81Mu-/view?usp=sharing
669,EIN compit II holding LLC,"נדל""ן",https://drive.google.com/file/d/1tB74C727FCFb4bq61SqAiG1BDSXAFG3b/view?usp=sharing
729,EIN compit Inc,"נדל""ן",https://drive.google.com/file/d/1EKz-V_opeMCG2wUiHWMaZdmU94Rklv45/view?usp=drive_link
666,EIN compit Now LLC,"נדל""ן",https://drive.google.com/file/d/12vwBFxf2fb2SbILM-4TsZ_KGZBal2Ey-/view?usp=sharing
665,EIN Tavivian Gronp Inc,"נדל""ן",https://drive.google.com/file/d/1_3w9LjTUyMxodhYG7gbFs87jUNXdxZLt/view?usp=sharing
2833,FONTAINE BUSINESS S.A.,בנקאות,https://heteriske.com/wp-content/uploads/custom_uploads/2026/08/FONTAINE-BUSINESS-S.A.pdf
2819,GLOBAL POWER DIGITAL PAYMENTS LTDA,בנקאות,https://heteriske.com/wp-content/uploads/custom_uploads/2026/08/GLOBAL-POWER-DIGITAL-PAYMENTS-LTDA.pdf
1988,GLOBUS REAL ESTATE INVESTMENTS BATUMI,"נדל""ן",https://heteriske.com/wp-content/uploads/custom_uploads/2026/05/GLOBUS-REAL-ESTATE-INVESTMENTS-BATUMI.pdf
717,GO APP,תכנות,https://drive.google.com/file/d/127APiZoQd67HSqfkZlUhmuMPaRNmMf3Y/view?usp=sharing
2841,HELVETICA MANAGEMENT CORP,בנקאות,https://heteriske.com/wp-content/uploads/custom_uploads/2026/08/HELVETICA-MANAGEMENT-CORP.pdf
2827,IFPP “Ptomotora” de Serviços de Consultoria e Cadastro Ltda.,בנקאות,https://heteriske.com/wp-content/uploads/custom_uploads/2026/08/IFPP-Ptomotora-de-Servicos-de-Consultoria-e-Cadastro-Ltda.pdf
2820,KATEC IMPORTATION LTDA,בנקאות,https://heteriske.com/wp-content/uploads/custom_uploads/2026/08/katgc.pdf
1987,KERALA EXPERT SRL,"נדל""ן",https://heteriske.com/wp-content/uploads/custom_uploads/2026/05/KERALA-EXPERT-SRL.pdf
2832,KRONU HOLDINGS LTD. BVI,בנקאות,https://heteriske.com/wp-content/uploads/custom_uploads/2026/08/KRONU-HOLDINGS-LTD.-BVI.pdf
1907,LENDAL US INC. EIN,"נדל""ן",https://heteriske.com/wp-content/uploads/custom_uploads/2026/05/LENDAL-US-INC.-EIN-.pdf
1810,LR SOUTHEND LTD,"נדל""ן",https://heteriske.com/wp-content/uploads/custom_uploads/2026/05/LR-SOUTHEND-LTD-.pdf
1945,M המשכנתאות,יעוץ,https://heteriske.com/wp-content/uploads/custom_uploads/2026/05/M-המשכנתאות-.pdf
2830,MASINA INVESTMENTS INC. BVI,בנקאות,https://heteriske.com/wp-content/uploads/custom_uploads/2026/08/MASINA-INVESTMENTS-INC.-BVI.pdf
2821,MONFICA COMERCIO E IMPORTADORA LTDA,בנקאות,https://heteriske.com/wp-content/uploads/custom_uploads/2026/08/monfica.pdf
1807,NAPOL - DIAMONDS,שונות,https://heteriske.com/wp-content/uploads/custom_uploads/2026/05/NAPOL-DIAMONDS-.pdf
2840,NEW DAY BUSINESS HOLDINGS LTD. BVI,בנקאות,https://heteriske.com/wp-content/uploads/custom_uploads/2026/08/NEW-DAY-BUSINESS-HOLDINGS-LTD.-BVI.pdf
2823,OURIBANK MULTIPLE BANK,בנקאות,https://heteriske.com/wp-content/uploads/custom_uploads/2026/08/אורי-בנק-.pdf
2148,SCI EVEN,"נדל""ן",https://heteriske.com/wp-content/uploads/custom_uploads/2026/05/SCI-EVEN.pdf
2837,SKYLIGHT OFFSHORE LIMITED,בנקאות,https://heteriske.com/wp-content/uploads/custom_uploads/2026/08/SKYLIGHT-OFFSHORE-LIMITED.pdf
728,SYNERO,יעוץ עסקי,https://drive.google.com/file/d/1-KQ9VXrh6VYB-XZD5hvO6R22ClRkTPmw/view?usp=drive_link
2839,THE FIRST VISA TRUST,בנקאות,https://heteriske.com/wp-content/uploads/custom_uploads/2026/08/THE-FIRST-VISA-TRUST.pdf
618,THE OWNERS CLASS LLC,"נדל""ן",https://drive.google.com/file/d/1gDrYDEDF1TRdJODy00IkM9z7s0bBdY0h/view?usp=sharing
2831,THREE PRINCESS INC.,בנקאות,https://heteriske.com/wp-content/uploads/custom_uploads/2026/08/THREE-PRINCESS-INC.pdf
2835,TREETOP INVESTMENTS,בנקאות,https://heteriske.com/wp-content/uploads/custom_uploads/2026/08/TREETOP-INVESTMENTS.pdf
2824,Valco Administration,בנקאות,https://heteriske.com/wp-content/uploads/custom_uploads/2026/08/Valco-Administration.pdf
2838,YELLOW MOON INVESTMENT SERVICES LIMITED,בנקאות,https://heteriske.com/wp-content/uploads/custom_uploads/2026/08/YELLOW-MOON-INVESTMENT-SERVICES-LIMITED.pdf
1949,YosseFinace,יעוץ,https://heteriske.com/wp-content/uploads/custom_uploads/2026/05/YosseFinace.pdf
2822,ZARAPLAST SA.,בנקאות,https://heteriske.com/wp-content/uploads/custom_uploads/2026/08/zaraplast.pdf
1413,"א. גורדו בע""מ",בנין פיתוח ואינסטלציה,https://heteriske.com/wp-content/uploads/custom_uploads/2026/06/א.גורדו2-בעמ.pdf
3283,א. פטמן ליווי עומק לשיווק רווחי,בניית אסטרטגיות מיתוג ושיווק לעסקים וארגונים כתיבת תוכן שיווקי מקצועי וספרותי,https://drive.google.com/file/d/141opedbBZSpopI3lVZudBMb2jNdtX3UA/view?usp=sharing
1681,א.ב. כיפות,יודיאקה,https://heteriske.com/wp-content/uploads/custom_uploads/2026/05/א.ב.-כיפות.pdf
1859,א.וייסלר עורכת דין ומגשרת,"עו""ד",https://heteriske.com/wp-content/uploads/custom_uploads/2026/05/א.וייסלר-עורכת-דין-ומגשרת.pdf
639,"א.ט.מ.ס מטריקס בע""מ","נדל""ן",https://drive.google.com/file/d/1Yctp8kjY6KEEvb_gDdHDXQMTvPJAUzhj/view?usp=sharing
61,א.ל. שפירא כוח אדם,משאבי אנוש,https://drive.google.com/file/d/1sZSS8FKeAuEDAqV4Qp78ADClfdPOOJXA/view
2000,"א.מ. רום השקעות (2007) בע""מ","נדל""ן",https://heteriske.com/wp-content/uploads/custom_uploads/2026/05/א.מ.-רום-השקעות-2007-בעמ.pdf
2145,א.צור,שונות,https://heteriske.com/wp-content/uploads/custom_uploads/2026/05/א.צור.pdf
2544,"אבא א.ב אחזקות נדלן בע""מ",כללי,https://heteriske.com/wp-content/uploads/custom_uploads/2026/08/אבא-א.ב-אחזקות-נדלן-בעמ.pdf
190,"אבי גטי 770 בע""מ",קופת חולים,https://drive.google.com/file/d/134vSPIs5m-IQ4hU5kjDHX4i5M2CmkIe5/view?usp=drive_link
927,אברהם ירט,יהלומים,https://heteriske.com/wp-content/uploads/custom_uploads/2026/05/אגבד-ייזום-פרויקטים-בתמא-38-בעמ.pdf
1821,"אגרטון ס.ד בע""מ","נדל""ן",https://heteriske.com/wp-content/uploads/custom_uploads/2026/05/אדיר-מיתוג-ופירסום.pdf
1856,אדיר מיתוג ופירסום,יעוץ,https://drive.google.com/file/d/1oU2XIS325kcu7qE-mY8a20s-r2GU09VZ/view?usp=sharing
651,"אדר נדל""ן והשקעות בע""מ","נדל""ן",https://drive.google.com/file/d/1stNQd37uWT4sC6VhRF7ycqfbfwLg4BcC/view?usp=sharing
527,"אהבת תורה וחסד רמת בית שמש (ע""ר)",חינוך,https://heteriske.com/wp-content/uploads/custom_uploads/2026/05/או.סי.ליינס-אינטרשיונל-בעמ.pdf
1808,"או.סי.ליינס אינטרשיונל בע""מ",מכס,https://heteriske.com/wp-content/uploads/custom_uploads/2026/05/או.סי.ליינס-בעמ.pdf
1809,"או.סי.ליינס בע""מ",מכס,https://heteriske.com/wp-content/uploads/custom_uploads/2026/05/אובליגו-ואליו-בעמ.pdf
1968,"אובליגו ואליו בע""מ",השקעות,https://heteriske.com/wp-content/uploads/custom_uploads/2026/05/אוורסט-38-ש.פ.-2014-בעמ.pdf
1840,"אוניברסיטת חיפה מלכ""ר",חינוך,https://heteriske.com/wp-content/uploads/custom_uploads/2026/05/אוניברסיטת-חיפה-מלכר.pdf
16,אוניקס קרמיקה,קרמיקה ואמבט,https://drive.google.com/file/d/1g5u9t3GK_SFCFsFnGAmJdEL32TxIPh4v/view?usp=sharing
672,"אופק (נ.ה.א) ניהול השקעות אלטרנטיביות בע""מ",בנקים,https://drive.google.com/file/d/1RNyTrBhJL_UeHDHD2ow6e8ZySVrwSbH-/view?usp=sharing
671,"אופק פרויקט לישנסקי 22 ראשון לציון בע""מ","נדל""ן",https://drive.google.com/file/d/1C8eV52p_IrdrfZUYEJhUQqszDHNp4Uo2/view?usp=sharing
2802,"אופקים סנטר בע""מ","נדל""ן",https://heteriske.com/wp-content/uploads/custom_uploads/2026/08/אופקים-סנטר-בעמ.pdf
484,"אופרה על הים בע""מ","ייזום ונדל""ן",https://drive.google.com/file/d/1q4LA7b34FJQYdk-uQHK56jp4S6Mg-fdF/view?usp=sharing
654,"אור - לציון ירושלים (ע""ר)",חינוך,https://drive.google.com/file/d/15V7wEM6JIXezfi7SEjztsGnAkGzHpe0J/view?usp=sharing
1953,אור-גני ישראל,טיפוח,https://heteriske.com/wp-content/uploads/custom_uploads/2026/05/אור-גני-ישראל-.pdf
1885,"אחדות הארץ המובטחת בע""מ","נדל""ן",https://heteriske.com/wp-content/uploads/custom_uploads/2026/05/אחדות-הארץ-המובטחת-בעמ.pdf
1920,"אי די אם אינטרנשיונל בע""מ",השקעות,https://heteriske.com/wp-content/uploads/custom_uploads/2026/05/אי-די-אם-אינטרנשיונל-בעמ.pdf
658,"אי-לון ג'יפי בע""מ",פיננסים,https://drive.google.com/file/d/1q7aJYnhD3Ryc2ELk_2q3TaCh5bpCRyHM/view?usp=sharing
1928,"אי.פי.ג'י פרי השקעות בע""מ","נדל""ן",https://heteriske.com/wp-content/uploads/custom_uploads/2026/05/אי.פי.גי-פרי-השקעות-בעמ.pdf
659,"איגוד העסקים החרדים בע""מ",ייעוץ עסקי,https://drive.google.com/file/d/1PA8mTNOF9rVVto7DKTb-TFonxjMOYkRD/view?usp=sharing
23,"אייטופ ב.ה. בע""מ",סלולר ואביזרים,https://drive.google.com/file/d/1-lq2-3pZ-kHY63wKRqub3ISohy4xkRGc/view?usp=sharing
1956,אייס פרינט -א.א. אדיר,דפוס,https://heteriske.com/wp-content/uploads/custom_uploads/2026/05/אייס-פרינט-א.א.-אדיר-.pdf
60,איכות הטבע,בריאות,https://drive.google.com/file/d/1ieGsXhl0SJ40C2hnfamb5harwgFAyWxj/view?usp=sharing
2547,"אינדיגו מגדל העמק בע""מ",כללי,https://heteriske.com/wp-content/uploads/custom_uploads/2026/08/אינדיגו-מגדל-העמק-בעמ.pdf
2553,"אינדיגו מניבים בע""מ",כללי,https://heteriske.com/wp-content/uploads/custom_uploads/2026/08/אינדיגו-מניבים-בעמ.pdf
2543,"אינדיגו ניהול בע""מ",כללי,https://heteriske.com/wp-content/uploads/custom_uploads/2026/08/אינדיגו-ניהול-בעמ.pdf
2549,"אינדיגו ניהול הצפון בע""מ",כללי,https://heteriske.com/wp-content/uploads/custom_uploads/2026/08/אינדיגו-ניהול-הצפון-בעמ.pdf
1739,"אינסוליין מדיקל בע""מ",השקעות,https://heteriske.com/wp-content/uploads/custom_uploads/2026/05/אינסוליין-מדיקל-בעמ.pdf
1926,"אלדד פרי אינטרנשיונל בע""מ","נדל""ן",https://heteriske.com/wp-content/uploads/custom_uploads/2026/05/אלדד-פרי-אינטרנשיונל-בעמ.pdf
1999,אלון מורן,"נדל""ן",https://heteriske.com/wp-content/uploads/custom_uploads/2026/05/אלון-מורן.pdf
1709,אלי ייבוא שיווק והפצה,יבוא ויצוא,https://heteriske.com/wp-content/uploads/custom_uploads/2026/05/אלי-ייבוא-שיווק-והפצה.pdf
461,"אליעזר הלוי 8 בע""מ",בנייה,https://drive.google.com/file/d/1aalI32APyvP5ocMO1KIouiuoeovGYhG0/view?usp=sharing
161,אליעזר קייקוב,מסחר ביהלומים,https://drive.google.com/file/d/127whWcr6R8VI7PBeLFan0xm5IXPYdnU9/view?usp=drive_link
1998,אלישע אלישי להב,"נדל""ן",https://heteriske.com/wp-content/uploads/custom_uploads/2026/05/אלישע-אלישי-להב.pdf
525,"אמ קיי הולדינגס ישראל 26 בע""מ","נדל""ן",https://drive.google.com/file/d/1pqdeqcGn-malp6QSiuP3oXQn_EWkBUOW/view?usp=sharing
635,"אם. אן. גי התחדשות עירונית בע""מ","נדל""ן",https://drive.google.com/file/d/1jLVzLPz0jLp67so-JrD5YdiQaNX6eaRx/view?usp=sharing
634,"אם.אן.ג'י התחדשות קרית ים בע""מ","נדל""ן",https://drive.google.com/file/d/1Zml37A7tUWXsgKN0OeeEVIHlC8-ohKVT/view?usp=sharing
2326,אמילי,סדנאות לעיסוי תינוקות ויעוץ להורים,https://heteriske.com/wp-content/uploads/custom_uploads/2026/07/אמילי.pdf
1740,"אנ""ש בע""מ",השקעות,https://heteriske.com/wp-content/uploads/custom_uploads/2026/05/אנש-בעמ.pdf
768,"אסיה סיירוס הנדסה וביצוע בע""מ","נדל""ן",https://drive.google.com/file/d/1d6EB1znlswYp15pZEi4b9QP2zd9EQDT4/view?usp=sharing
1962,"אפהל נדל""ן בע""מ","נדל""ן",https://heteriske.com/wp-content/uploads/custom_uploads/2026/05/אפהל-נדלן-בעמ.pdf
661,"אפטק א. א. י. בע""מ","נדל""ן",https://drive.google.com/file/d/1NU60Xs8cxlptxOwDoIBazZgBWFLHVawc/view?usp=sharing
98,אפי'ס,קייטרינג,https://drive.google.com/file/d/1fYzszSgx87nmnKZuKO3B9JnX45opkEjZ/view?usp=sharing
1820,אפילוגיק בית שמש,טיפוח,https://heteriske.com/wp-content/uploads/custom_uploads/2026/05/אפילוגיק-בית-שמש.pdf
2803,"אפרת סנטר בע""מ","נדל""ן",https://heteriske.com/wp-content/uploads/custom_uploads/2026/08/אפרת-סנטר-בעמ.pdf
1994,"אקס טו וואן ישראל בע""מ",תקשורת,https://heteriske.com/wp-content/uploads/custom_uploads/2026/05/אקס-טו-וואן-ישראל-בעמ.pdf
713,אקסלנט,קורסים,https://drive.google.com/file/d/1Th2bNg-RnDGZOWXQMcrzdTeduHaQfw-1/view?usp=sharing
1854,אריה טוויג מאסטר בעסקים ושייוק דיגטלי,יעוץ,https://heteriske.com/wp-content/uploads/custom_uploads/2026/05/אריה-טוויג-מאסטר-בעסקים-ושייוק-דיגטלי.pdf
1983,"ארמס חברה לסחר בע""מ","נדל""ן",https://heteriske.com/wp-content/uploads/custom_uploads/2026/05/ארמס-חברה-לסחר-בעמ.pdf
1982,"ארמס מטווחי ירי בע""מ",שונות,https://heteriske.com/wp-content/uploads/custom_uploads/2026/05/ארמס-מטווחי-ירי-בעמ.pdf
59,ב.ח. שיווק,מגנטים והדפסות,https://drive.google.com/file/d/146EH-NM_SF6YXCfLm0hMtCr7GRXylP8P/view?usp=sharing
29,ב.שיינברגר עיצוב פנים,עיצוב פנים,https://drive.google.com/file/d/1OuGvRnS-mPcXtaaBSPX6c1rJ21iX9aiW/view?usp=sharing
449,"בוסתנים מקבוצת בית ירושלמי בע""מ",בנייה,https://drive.google.com/file/d/1AmfxhzeU4ws_tGc9Z-cT2pEExxWXvUgM/view?usp=sharing
452,"ביאליק האם מקבוצת בית ירושלמי בע""מ",בנייה,https://drive.google.com/file/d/1mkIzLLpvcRwgT7ApPUmjQa98MQYmd-Nq/view?usp=sharing
454,"ביאליק מקבוצת בית ירושלמי בע""מ",בנייה,https://drive.google.com/file/d/1FApmHJncb1Ddkh6Po568P7SHaZxnqRUB/view?usp=sharing
1952,"ביבלוג לוגיסטיקה בע""מ",הובלה ואחסנה,https://heteriske.com/wp-content/uploads/custom_uploads/2026/05/ביבלוג-לוגיסטיקה-בעמ.pdf
9,ביגלנס,אופטיקה,https://drive.google.com/file/d/1a8_-6bCS5yV5mdTlMcNNg3HfTJcvfy4e/view?usp=sharing
1744,ביוטי בית,ריהוט,https://heteriske.com/wp-content/uploads/custom_uploads/2026/05/ביוטי-בית.pdf
1811,ביזנסט,עסקים,https://heteriske.com/wp-content/uploads/custom_uploads/2026/05/ביזנסט.pdf
1800,"בית היצירה איבון בע""מ",ציוד לגני ילדים,https://heteriske.com/wp-content/uploads/custom_uploads/2026/05/בית-היצירה-איבון-בעמ.pdf
19,בית הכנסת המרכזי אילת השחר פרדס כץ,מוסדות ציבוריים,https://drive.google.com/file/d/1SeRMVnhrgMp1L3ogAw6D5gObRr0z8JYN/view?usp=sharing
443,"בית חדש מקבוצת בית ירושלמי בע""מ",בנייה,https://drive.google.com/file/d/1RzSn-nXDsDp44e37mhgrZVFxe3sXOd0W/view?usp=sharing
455,"בית ירוק מקבוצת בית ירושלמי שלי בע""מ",בנייה,https://drive.google.com/file/d/1dD_sNhWmNlZ7EyduorQFYwGT7Q7yYB0Y/view?usp=sharing
430,"בית ירושלמי שלי אחזקות וניהול פרוייקטים בע""מ",בנייה,https://drive.google.com/file/d/1dloq9WoW8lnyWk96To1iXLNra4u7FZOf/view?usp=drive_link
486,"בית ירושלמי שלי יזמות ובינוי בע""מ",בנייה,https://drive.google.com/file/d/1I9xpsZFQhW055rj5HWCZTRrCvDkoPtxP/view?usp=drive_link
485,"בית ירושלמי שלי נכסים בע""מ",בנייה,https://drive.google.com/file/d/1TI8sv2in8NMLNvKnU_IEe02_HyhKKeqI/view?usp=sharing
429,"בית ירושלמי שלי תמ""א 38 בע""מ",בנייה,https://drive.google.com/file/d/1BulHY3hgRCWaqeC3cpFku-FHTJ-0Oskz/view?usp=drive_link
1801,בית פלוס,"נדל""ן",https://heteriske.com/wp-content/uploads/custom_uploads/2026/05/בית-פלוס.pdf
2976,"בני ארי השקעות אודם בע""מ","השקעות נדל""ן",https://heteriske.com/wp-content/uploads/custom_uploads/2026/08/בני-ארי-היתר.pdf
2972,"בני ארי השקעות אחלמה בע""מ","השקעות נדל""ן",https://heteriske.com/wp-content/uploads/custom_uploads/2026/08/בני-ארי-היתר.pdf
3057,"בני ארי השקעות הודיה בע""מ","השקעות נדל""ן",https://heteriske.com/wp-content/uploads/custom_uploads/2026/08/בני-ארי-היתר.pdf
3059,"בני ארי השקעות חיה בע""מ","השקעות נדל""ן",https://heteriske.com/wp-content/uploads/custom_uploads/2026/08/בני-ארי-היתר.pdf
3055,"בני ארי השקעות יהודית בע""מ","השקעות נדל""ן",https://heteriske.com/wp-content/uploads/custom_uploads/2026/08/בני-ארי-היתר.pdf
2980,"בני ארי השקעות יהלום בע""מ","השקעות נדל""ן",https://heteriske.com/wp-content/uploads/custom_uploads/2026/08/בני-ארי-היתר.pdf
3056,"בני ארי השקעות ישפה בע""מ","השקעות נדל""ן",https://heteriske.com/wp-content/uploads/custom_uploads/2026/08/בני-ארי-היתר.pdf
3064,"בני ארי השקעות לאה בע""מ","השקעות נדל""ן",https://heteriske.com/wp-content/uploads/custom_uploads/2026/08/בני-ארי-היתר.pdf
2967,"בני ארי השקעות לשם בע""מ","השקעות נדל""ן",https://heteriske.com/wp-content/uploads/custom_uploads/2026/08/בני-ארי-היתר.pdf
3061,"בני ארי השקעות מיכאל בע""מ","השקעות נדל""ן",https://heteriske.com/wp-content/uploads/custom_uploads/2026/08/בני-ארי-היתר.pdf
3066,"בני ארי השקעות מיכל בע""מ","השקעות נדל""ן",https://heteriske.com/wp-content/uploads/custom_uploads/2026/08/בני-ארי-היתר.pdf
3068,"בני ארי השקעות מיכל בע""מ","השקעות נדל""ן",https://heteriske.com/wp-content/uploads/custom_uploads/2026/08/בני-ארי-היתר.pdf
2968,"בני ארי השקעות נעמה בע""מ","השקעות נדל""ן",https://heteriske.com/wp-content/uploads/custom_uploads/2026/08/בני-ארי-היתר.pdf
2977,"בני ארי השקעות נפך בע""מ","השקעות נדל""ן",https://heteriske.com/wp-content/uploads/custom_uploads/2026/08/בני-ארי-היתר.pdf
2978,"בני ארי השקעות פטדה בע""מ","השקעות נדל""ן",https://heteriske.com/wp-content/uploads/custom_uploads/2026/08/בני-ארי-היתר.pdf
2970,"בני ארי השקעות שהם בע""מ","השקעות נדל""ן",https://heteriske.com/wp-content/uploads/custom_uploads/2026/08/בני-ארי-היתר.pdf
1942,בני הישיבות,חשמל,https://heteriske.com/wp-content/uploads/custom_uploads/2026/05/בני-הישיבות.pdf
193,בני הישיבות גן הדסים מודיעין עילית,שירותים מקצועיים כלליים,https://drive.google.com/file/d/1aFfYD7MXol7WaJgRnSW9GtrHJD8gFuUX/view?usp=sharing
2545,"בנימין ויהודה אחזקות בע""מ",כללי,https://heteriske.com/wp-content/uploads/custom_uploads/2026/08/בנימין-ויהודה-אחזקות-בעמ.pdf
473,"בעל התניא ישראל בע""מ",בנייה,https://drive.google.com/file/d/15H0owJqyTqO2-akoU2i0UvKMJM5w71Y2/view?usp=sharing
2001,ברבר רבקה,מצעים,https://heteriske.com/wp-content/uploads/custom_uploads/2026/05/ברבר-רבקה-.pdf
2540,"ברוהאוס הגולן בע""מ","נדל""ן",https://heteriske.com/wp-content/uploads/custom_uploads/2026/08/ברוהאוס-הגולן-בעמ.pdf
1802,"ברכה בככר בע""מ",מפעלי אוכל וצרכניות,https://heteriske.com/wp-content/uploads/custom_uploads/2026/05/ברכה-בככר-בעמ.pdf
921,ברכה צדק,גרפיקה ופרסום,https://heteriske.com/wp-content/uploads/custom_uploads/2026/05/ברכת-ישראל.pdf
2813,ברמן עשת,אחזקות,https://heteriske.com/wp-content/uploads/custom_uploads/2026/05/ברק-לשם-פיננסים-בעמ.pdf
2124,"ברק לשם פיננסים בע""מ",אשראי,https://heteriske.com/wp-content/uploads/custom_uploads/2026/05/ברק-פיננסים-.pdf
2125,"ברק שוהם סוכנות פנסיוני(2015) בע""מ",אשראי,https://heteriske.com/wp-content/uploads/custom_uploads/2026/05/ברכת-ישראל.pdf
1702,בשעה טובה,כלי בית ושטיחים,https://drive.google.com/file/d/1N61tiBMGW-qamjQ9FgBhmjJsQs5T5hPb/view?usp=sharing
446,"בתים מקבוצת בית ירושלמי בע""מ",בנייה,https://drive.google.com/file/d/1Fdp5uKT8ebiVgYloQlNFBck5ThUlp6-g/view?usp=sharing
1841,גאולה אופטיקס,אופטיקה,https://heteriske.com/wp-content/uploads/custom_uploads/2026/05/גוט-קרמיק-.pdf
2117,גד,לצפיה בהיתר עסקה,https://heteriske.com/wp-content/uploads/custom_uploads/2026/05/גוטמן-אמיר-עוד.pdf
1700,גוט קרמיק,קרמיקה,https://heteriske.com/wp-content/uploads/custom_uploads/2026/05/גולדגרף-שוהם.pdf
2147,גולדגרף-שוהם,יודיאקה,https://heteriske.com/wp-content/uploads/custom_uploads/2026/05/גולדמוביל-קיה-מודיעין-בעמ.pdf
1813,"גטנדר בע""צ",הובלה ואחסנה,https://heteriske.com/wp-content/uploads/custom_uploads/2026/05/גיל-צעד-נבון-בעמ.pdf
1799,"גיל צעד נבון בע""מ",ביגוד והנעלה,https://heteriske.com/wp-content/uploads/custom_uploads/2026/05/גלאט-נופש-בעמ.pdf
2142,"גלעד משאט עו""ד","עו""ד",https://heteriske.com/wp-content/uploads/custom_uploads/2026/05/גלעד-משאט-עוד.pdf
1803,"גמ""ח אהבת חסד","גמחי""ם",https://heteriske.com/wp-content/uploads/custom_uploads/2026/05/גמח-אהבת-חסד.pdf
721,גן פייגי,חינוך,https://drive.google.com/file/d/1nkRkMSYjo3KMgXuuMPDDQLNmK2VIx-qn/view?usp=sharing
2011,גראנאטאוויטש יוכבד,בעלי מלאכה,https://heteriske.com/wp-content/uploads/custom_uploads/2026/05/גראנאטאוויטש-יוכבד.pdf
25,גרופריסייל,נדל״ן,https://drive.google.com/file/d/1gcEYezv0a7aq-QOoYv14TiHsX2exF75f/view?usp=sharing
1506,"גרייטדור תעשיות בע""מ",סורגים ופרזול,https://heteriske.com/wp-content/uploads/custom_uploads/2026/06/העתק-היתר-עיסקא-גרייטדור.pdf
192,גרשטנקורן טובה,טיפול רגשי,https://drive.google.com/file/d/1l5yVNDKhuuWci-1DeH9AMgBeywaxGwcn/view?usp=drive_link
2551,"גשר קדמה יזמות בע""מ",כללי,https://heteriske.com/wp-content/uploads/custom_uploads/2026/08/גשר-קדמה-יזמות-בעמ.pdf
24,ד. מלכא עיצוב פנים,עיצוב פנים,https://drive.google.com/file/d/1N26bOz2Dzr99XUoUukK5YnIPNUcCbLDa/view?usp=sharing
1726,"ד""ר בני כהן",מרפאת שיניים,https://heteriske.com/wp-content/uploads/custom_uploads/2026/05/דר-בני-כהן.pdf
1714,"ד""ר שפירו דניאל",מרפאת שיניים,https://heteriske.com/wp-content/uploads/custom_uploads/2026/05/דר-שפירו-דניאל.pdf
1684,דונה לינן (מצעי בן ברבר),מצעים,https://heteriske.com/wp-content/uploads/custom_uploads/2026/05/דונה-לינן-מצעי-בן-ברבר.pdf
1995,דפוס שילת,דפוס,https://heteriske.com/wp-content/uploads/custom_uploads/2026/05/דפוס-שילת-.pdf
435,"הבית בגנים מקבוצת בית ירושלמי בע""מ",בנייה,https://drive.google.com/file/d/1j7znn7bowP32bDLCkWVYxCj08430JAj6/view?usp=drive_link
436,"הבית בהרצוג מקבוצת בית ירושלמי בע""מ",בנייה,https://drive.google.com/file/d/1oW84k6J5Jut9EgE3k9l4-uozVYeUEu-O/view?usp=drive_link
458,"הבית בהשומר מקבוצת בית ירושלמי בע""מ",בנייה,https://drive.google.com/file/d/1UaWoiI5oBXRA_RlsK_hCj19QwYw49w_-/view?usp=sharing
450,"הבית בכרם מקבוצת בית ירושלמי בע""מ",בנייה,https://drive.google.com/file/d/1vbDhQF1DkDbywbGNx2pCC8YIBFdvItiw/view?usp=sharing
431,"הבית במעלות דפנה מקבוצת בית ירושלמי שלי בע""מ",בנייה,https://drive.google.com/file/d/11zgqHzmNXgYn8lVV4WdKatvT0VQRErSI/view?usp=drive_link
432,"הבית במרגולין מקבוצת בית ירושלמי בע""מ",בנייה,https://drive.google.com/file/d/1AexnCtxkEgV4ShQicA5SF0ek6l3v0n9B/view?usp=drive_link
487,"הבית בנורית מקבוצת בית ירושלמי בע""מ",בנייה,https://drive.google.com/file/d/1zsr-ScKvTzBjk1x-k9UpzvO2ZP52E9_8/view?usp=drive_link
457,"הבית בפינס מקבוצת בית ירושלמי בע""מ",בנייה,https://drive.google.com/file/d/1pfRzEHDaxL416AKS5zwuRQweFRAkJinn/view?usp=sharing
437,"הבית בקוסטריקה מקבוצת בית ירושלמי בע""מ",בנייה,https://drive.google.com/file/d/11JatfdwZZFzNGQAUkDMZg2afrhtO_0T6/view?usp=drive_link
438,"הבית ברמת שרת מקבוצת בית ירושלמי בע""מ",בנייה,https://drive.google.com/file/d/1D-RbBRSzisfCskJxVqayQbaFVuEehLLP/view?usp=drive_link
2139,"הבנק הדיגיטלי הראשון בע""מ",בנקים,https://heteriske.com/wp-content/uploads/custom_uploads/2026/05/הבנק-הדיגיטלי-הראשון-בעמ.pdf
30,"הדר אברהם חברה להשקעות בע""מ",השקעות פיננסיות,https://drive.google.com/file/d/1XsAQX9Kh6vQ6hx5asqImNSbpcZLqofab/view?usp=sharing
789,הויזמן מנחם,אדריכלות תוהשקעות,https://drive.google.com/file/d/12t633jyTyV3BLS70_Eb91MY5q1YD-bXB/view?usp=sharing
1991,הופמן ובניו,הסעות,https://heteriske.com/wp-content/uploads/custom_uploads/2026/05/הופמן-ובניו.pdf
12,הי קום-הומפיוטר,מכירת מחשבים,https://drive.google.com/file/d/1pVoWntJ-Kk8IpdKdDd7pCowyQciCRgUF/view?usp=sharing
68,הידורים,שירותים מקצועיים כלליים,https://drive.google.com/file/d/1O3uUYJsdv3d_nwiGyHVkv6cxwL9yfFGt/view?usp=sharing
1989,"היי-לימיט שותף כללי בע""מ",השקעות,https://heteriske.com/wp-content/uploads/custom_uploads/2026/05/היי-לימיט-שותף-כללי-בעמ.pdf
1798,היימשע בייגלס,מפעלי אוכל וצרכניות,https://heteriske.com/wp-content/uploads/custom_uploads/2026/05/היימשע-בייגלס.pdf
1882,"הל""ה 23-25 בע""מ","נדל""ן",https://heteriske.com/wp-content/uploads/custom_uploads/2026/05/הלה-23-25-בעמ.pdf
1691,הלבשה אישית l.v,ביגוד והנעלה,https://heteriske.com/wp-content/uploads/custom_uploads/2026/05/הלבשה-אישית-l.v.pdf
633,המרכז לבית ברמה,מוצרי צריכה,https://drive.google.com/file/d/1GECQLdQ2y5473MWOqnQ68AkGU51We9nO/view?usp=sharing
2814,"המרכז לתעשייה ומסחר מפרץ חיפה בע""מ",אחזקות,https://heteriske.com/wp-content/uploads/custom_uploads/2026/08/המרכז-לתעשיה-ומפרץ-חיפה.pdf
1944,הפאה של צילי,פאות,https://heteriske.com/wp-content/uploads/custom_uploads/2026/05/הפאה-של-צילי.pdf
2806,"הר שמואל סנטר בע""מ","נדל""ן",https://heteriske.com/wp-content/uploads/custom_uploads/2026/08/הר-שמואל-סנטר-בעמ.pdf
1957,"השבועון לבית היהודי -מ.ל. בע""מ",עיתונות,https://heteriske.com/wp-content/uploads/custom_uploads/2026/05/השבועון-לבית-היהודי-מ.ל.-בעמ.pdf
1835,"השטעטל דיור להשכרה בע""מ","נדל""ן",https://heteriske.com/wp-content/uploads/custom_uploads/2026/05/השטעטל-דיור-להשכרה-בעמ.pdf
1834,"השטעטל נכסים והשקעות בע""מ","נדל""ן",https://heteriske.com/wp-content/uploads/custom_uploads/2026/05/השטעטל-נכסים-והשקעות-בעמ.pdf
194,השכרת צימרים משה אזרחי,צימרים,https://drive.google.com/file/d/1HfLldbXBcEujyOfZXj3yoaKnhvZEWQF3/view?usp=drive_link
103,וולף יהושע פאלק,שירותים כלליים,https://drive.google.com/file/d/1JRUTJTpfDhyX4P6L-0V_qWcdvcjXEw8R/view?usp=sharing
1948,ויזר יוסף חיים,יעוץ,https://heteriske.com/wp-content/uploads/custom_uploads/2026/05/ויזר-יוסף-חיים.pdf
1855,וילונות דקורטיב,וילונות,https://heteriske.com/wp-content/uploads/custom_uploads/2026/05/וילונות-דקורטיב.pdf
1833,"ועשית הישר בע""מ","נדל""ן",https://heteriske.com/wp-content/uploads/custom_uploads/2026/05/ועשית-הישר-בעמ.pdf
1837,ח. רובינשטיין,"נדל""ן",https://heteriske.com/wp-content/uploads/custom_uploads/2026/05/ח.-רובינשטיין.pdf
2016,"חברת איזי בס בע""מ",הסעות,https://heteriske.com/wp-content/uploads/custom_uploads/2026/05/חברת-איזי-בס-בעמ.pdf
1658,"חברת בש-יונה בע""מ",מצות,https://heteriske.com/wp-content/uploads/custom_uploads/2026/05/חברת-בש-יונה-בעמ.pdf
765,חברת יוסף גרופ בזלמן ארן 3,"נדל""ן",https://drive.google.com/file/d/1Zc3WprMHpWXgRGabg7ED7vOPf3S6wYd4/view?usp=sharing
760,"חברת מבית משמחים בע""מ","נדל""ן",https://drive.google.com/file/d/1lf43z2NOIDT2Jm7toQydAQpLzdiyIHft/view?usp=sharing
1734,"חברת מי ק. גת בע""מ",תאגיד מים,https://heteriske.com/wp-content/uploads/custom_uploads/2026/05/חברת-מי-ק.-גת-בעמ.pdf
754,"חברת משכנות אומנים מסחרי בע""מ","נדל""ן",https://drive.google.com/file/d/1o8hIxucK8S_Guhi5CX_0x9MeQ4QD-_rk/view?usp=sharing
751,"חברת נימה שפע בע""מ","נדל""ן",https://drive.google.com/file/d/1_1iCpg1jDDKoxivkdAs_bnOaqQ3Gyzc0/view?usp=sharing
748,"חברת סלעית א.י.ש בע""מ","נדל""ן",https://drive.google.com/file/d/1yhvCw7M_iSPdvpTN0ybo9a1yFQB3m5c3/view?usp=sharing
749,"חברת סלעית א.י.ש נדל""ן בע""מ","נדל""ן",https://drive.google.com/file/d/1b5MVFXZmouldtDEDZ3sdewQjmvZJ070-/view?usp=sharing
747,"חברת סלעית אבי נדל""ן בע""מ","נדל""ן",https://drive.google.com/file/d/1s-ihM-6sh3TxEIHIaHGcsXi4uCo3nXAp/view?usp=sharing
746,"חברת סלעית דמרי 66 נדל""ן מגורים בע""מ","נדל""ן",https://drive.google.com/file/d/1rbbfdB-Nbsh0WU4sRhSWQ-JZSz609Uru/view?usp=sharing
745,"חברת סלעית דמרי בגבעה בע""מ","נדל""ן",https://drive.google.com/file/d/1vIOMtJikVVnIzbCm3C0-KYIffqHMr_91/view?usp=sharing
744,"חברת סלעית דמרי גבעת זאב בע""מ","נדל""ן",https://drive.google.com/file/d/1ydMdly3VxVE8w1gPfDYQl7Os1UQB2nCk/view?usp=sharing
743,"חברת סלעית יובלים בע""מ","נדל""ן",https://drive.google.com/file/d/1cbrUfbGeSKO9CWOpUBTBPBJqccp7XuH1/view?usp=sharing
742,"חברת סלעית יתד מגורים בע""מ","נדל""ן",https://drive.google.com/file/d/1sFdnlrYD5_EF5XNldL25h8lUDYJ2TmtK/view?usp=sharing
1934,"חברת עדי עד יזמות והשקעות א.ע בע""מ","נדל""ן",https://heteriske.com/wp-content/uploads/custom_uploads/2026/05/חברת-עדי-עד-יזמות-והשקעות-א.ע-בעמ.pdf
740,חברת עטרת ישועה,השקעות,https://drive.google.com/file/d/102sIzZm0__QCw60tixPT8wz-wC3C3MPv/view?usp=sharing
1705,חברת פאות מ.קופולוביץ,פאנות,https://heteriske.com/wp-content/uploads/custom_uploads/2026/05/חברת-פאות-מ.קופולוביץ.pdf
682,"חברת שפאן השקעות בע""מ",כללי,https://drive.google.com/file/d/1FIRMRnbuBwv079uCq-D-BJmFNN_elZsM/view?usp=drive_link
681,"חברת תות תקשורת ותוצאות בע""מ",כללי,https://drive.google.com/file/d/17KdQwR9HlSl6wKdXdcI_-vXZd8kr1FYr/view?usp=drive_link
2812,"חוצות הגולן בע""מ","נדל""ן",https://heteriske.com/wp-content/uploads/custom_uploads/2026/08/חוצות-הגולן-בעמ.pdf
1832,"חיטוי טק בע""מ","נדל""ן",https://heteriske.com/wp-content/uploads/custom_uploads/2026/05/חיטוי-טק-בעמ.pdf
1815,"חסדך יסעדני בע""מ","גמחי""ם",https://heteriske.com/wp-content/uploads/custom_uploads/2026/05/חסדך-יסעדני-בעמ.pdf
678,"טאבו נדל""ן ויזמות","נדל""ן",https://drive.google.com/file/d/1iLf6nBZc2_lHqfGK7jv2IoQ_qvjpoHpu/view?usp=drive_link
2801,"טובר אחזקות בע""מ","נדל""ן",https://heteriske.com/wp-content/uploads/custom_uploads/2026/08/טובר-אחזקות-בעמ.pdf
2554,"טובר נדלן בע""מ",כללי,https://heteriske.com/wp-content/uploads/custom_uploads/2026/08/טובר-נדלן-בעמ.pdf
2144,טועמיה,מפעלי אוכל וצרכניות,https://heteriske.com/wp-content/uploads/custom_uploads/2026/05/טועמיה.pdf
1997,"טי.סי.אי תמ""א במרכז בע""מ","נדל""ן",https://heteriske.com/wp-content/uploads/custom_uploads/2026/05/טי.סי.אי-תמא-במרכז-בעמ.pdf
2324,טליה איפור וסירוק,איפור,https://heteriske.com/wp-content/uploads/custom_uploads/2026/07/טליה-איפור-וסירוק.pdf
2116,י,עוגות וקינוחים,https://drive.google.com/file/d/12W8_SZkEWYLek0s4HUYPSsFgcbIupuvi/view?usp=sharing
1690,"י.ברסקי - איי בי תקשורת בע""מ",תקשורת,https://heteriske.com/wp-content/uploads/custom_uploads/2026/05/י.ברסקי-איי-בי-תקשורת-בעמ.pdf
1961,"יו אס טקסס בע""מ",יעוץ,https://heteriske.com/wp-content/uploads/custom_uploads/2026/05/יו-אס-טקסס-בעמ.pdf
887,יואל דיקשטיין תיירות,תיירות,https://drive.google.com/file/d/1m5aZE5_gcKKkzGgMte1_hol7OTIrTU3U/view?usp=sharing
1941,יובלים,"נדל""ן",https://heteriske.com/wp-content/uploads/custom_uploads/2026/05/יובלים.pdf
99,יונתן מנור מחשבים ורשתות,לצפיה בהיתר עסקה,https://drive.google.com/file/d/1h43La4PGsG3SD_VGQz_Vz9D8OuGs-NfO/view?usp=sharing
724,יוסף אילנברג י.נ.נ.א. שירותי אחזקה והפצה,הפקות מדיה,https://drive.google.com/file/d/1PYQgawyO_-PmYfnQOH4qjORFhEiCOy7p/view?usp=sharing
2815,יוסף עשת,אחזקות,https://heteriske.com/wp-content/uploads/custom_uploads/2026/08/יוסף-עשת.pdf
676,יופי של ריהוט סניף אלעד,רהיטים,https://drive.google.com/file/d/1ErHA3OoeCu0pxjQJfBc5bBgWz_xqAzZN/view?usp=sharing
2143,יוקרתית,ביגוד והנעלה,https://heteriske.com/wp-content/uploads/custom_uploads/2026/05/יוקרתית-.pdf
714,יין ומשקאות לוק,שיווק משקאת,https://drive.google.com/file/d/1Q8HY_Rp9P3_nAMeMgfBQ1wrvWASuEUD-/view?usp=sharing
1738,"יעד שיאן ניהול פרויקטים ויזמות בע""מ",אשראי,https://heteriske.com/wp-content/uploads/custom_uploads/2026/05/יעד-שיאן-ניהול-פרויקטים-ויזמות-בעמ.pdf
447,"כ""ט בנובמבר מקבוצת בית ירושלמי בע""מ",בנייה,https://drive.google.com/file/d/101AdevjW51HQCgarpbqYf9YnXYivH9Xz/view?usp=sharing
27,כהן אודליה,אופטיקה,https://drive.google.com/file/d/1gBWn9hNWk8h9OsyiGnhyxJq6OnnuDDFE/view?usp=sharing
1977,כידון,עיצובים,https://heteriske.com/wp-content/uploads/custom_uploads/2026/05/כידון.pdf
1505,כל בו הכוכב,טמבור,https://heteriske.com/wp-content/uploads/custom_uploads/2026/06/היתע-כל-בו-הכוכב.pdf
764,כסטלס,תיירות,https://drive.google.com/file/d/1IrmoGUIB6ZOGVGgl0GSAC1aVLvwT3jYf/view?usp=sharing
1814,כפתור ופרח אורלוגין,עיצובים,https://heteriske.com/wp-content/uploads/custom_uploads/2026/05/כפתור-ופרח-אורלוגין.pdf
1878,"כרמים נווה פת בע""מ","נדל""ן",https://heteriske.com/wp-content/uploads/custom_uploads/2026/05/כרמים-נווה-פת-בעמ.pdf
1900,"כרמים קרתא בן גמלא 6-8-10 בע""מ","נדל""ן",https://heteriske.com/wp-content/uploads/custom_uploads/2026/05/כרמים-קרתא-בן-גמלא-6-8-10-בעמ.pdf
1901,"כרמים קרתא בן גמלא ברוריה בע""מ","נדל""ן",https://heteriske.com/wp-content/uploads/custom_uploads/2026/05/כרמים-קרתא-בן-גמלא-ברוריה-בעמ.pdf
1902,"כרמים קרתא סן מרטין 4+6 בע""מ","נדל""ן",https://heteriske.com/wp-content/uploads/custom_uploads/2026/05/כרמים-קרתא-סן-מרטין-46-בעמ.pdf
1860,ל.שני,יעוץ,https://heteriske.com/wp-content/uploads/custom_uploads/2026/05/ל.שני.pdf
762,"לואן וייז (ישראל) בע""מ",יבוא ושיווק עץ,https://drive.google.com/file/d/1wgHykqUQM_UHw4oF2lU27uagPSkdOesG/view?usp=sharing
761,"לואן וייז בע""מ",יבוא ושיווק עץ,https://drive.google.com/file/d/1cj2GpQ7abNyLmGkgzhl4PuYbydoTa2qI/view?usp=sharing
1947,לוי -נוי דוד נחום,יעוץ,https://heteriske.com/wp-content/uploads/custom_uploads/2026/05/לוי-נוי-דוד-נחום.pdf
1712,ליברמן רהיטים,ריהוט,https://heteriske.com/wp-content/uploads/custom_uploads/2026/05/ליברמן-רהיטים.pdf
1838,ליזרוביץ ישראל,"נדל""ן",https://heteriske.com/wp-content/uploads/custom_uploads/2026/05/ליזרוביץ-ישראל.pdf
1844,לינדר משכנתאות והלוואות,אשראי,https://heteriske.com/wp-content/uploads/custom_uploads/2026/05/לינדר-משכנתאות-והלוואות-.pdf
13,ליצ'י - בגדי ילדים,מוזיקה,https://drive.google.com/file/d/1URsoS_dZb5e9P6OGXl21aHxxJ44BAi1y/view?usp=sharing
625,"מ לסר בע""מ",מזון,https://drive.google.com/file/d/1wGs4lHeHArL-k7GvWvcmFfWfLaW1qEug/view?usp=sharing
617,"מ.ב.צ. יזמות והשקעות בע""מ","נדל""ן",https://drive.google.com/file/d/1GFhp_EQiAVVWdsNj_0qwiC4chMEG4oD9/view?usp=sharing
20,מ.ר תקשורת,תקשורת לעסקים,https://drive.google.com/file/d/1j_E00kQNOLtB004MQruc7eZ22ZnqxmjA/view?usp=sharing
1970,"מאגר אוקיאנוס במרינה החדשה בע""מ","נדל""ן",https://heteriske.com/wp-content/uploads/custom_uploads/2026/05/מאגר-אוקיאנוס-במרינה-החדשה-בעמ.pdf
2808,"מאה שערים השקעות בע""מ","נדל""ן",https://heteriske.com/wp-content/uploads/custom_uploads/2026/08/מאה-שערים-השקעות-בעמ.pdf
31,מאסטרפון,סלולר ואביזרים,https://drive.google.com/file/d/1vN5x7hCG__G4wKmLBKs0tZAYgGZIFUHE/view?usp=sharing
2811,"מבשלות בירת הגולן בע""מ","נדל""ן",https://heteriske.com/wp-content/uploads/custom_uploads/2026/08/מבשלות-בירת-הגולן-בעמ-2.pdf
2810,מבשלת הגולן א.ח.ר (2009),"נדל""ן",https://heteriske.com/wp-content/uploads/custom_uploads/2026/08/מבשלת-הגולן-א.ח.ר-2009.pdf
725,"מגדלור לקהילה ולרוח (ע""ר)",עתונות,https://drive.google.com/file/d/1SEMZmMJ1lHndbYfpphdowzT7Vb4qwlkU/view?usp=sharing
439,"מגדלי קטמון מקבוצת בית ירושלמי - גראנד יזמות בע""מ",בנייה,https://drive.google.com/file/d/1wbLLcjbRkKMfpx7euRVhpvMyi9zjbWlm/view?usp=drive_link
442,"מגורים מקבוצת בית ירושלמי בע""מ",בנייה,https://drive.google.com/file/d/1c2HbsF3hyFz0L00WyMnmNkspnRCF2QtG/view?usp=drive_link
538,"מגן אפיקים בע""מ",מימון,https://drive.google.com/file/d/1yRs6Sx1ADHaXXxrxTua3RqVdvbJwQEVp/view?usp=sharing
469,מגן דוד אדום,"מד""א",https://drive.google.com/file/d/15XmX5-da5QNEQ3ceqJhrKlE-EltrHygX/view?usp=sharing
197,"מוזס יהונתן בע""מ",חשמל,https://drive.google.com/file/d/1wSsuZyxc2qxbGt1lhINLJ4jGSZdyQGaI/view?usp=drive_link
626,"מוסדות הגר""א רמת בית שמש (ע""ר)",חינוך,https://drive.google.com/file/d/10T97WqvN4EjGaOiQdzGpYm78WTNx6M7P/view?usp=sharing
1816,מוסדות חסידי בעלזא -בית שמש,חינוך,https://heteriske.com/wp-content/uploads/custom_uploads/2026/05/מוסדות-חסידי-בעלזא-בית-שמש.pdf
616,"מוסדות מחנה ישראל מרכז להנחלת ערכי היהדות בירושלים (ע""ר)",חינוך,https://drive.google.com/file/d/1sZZobZHP_9-uMprVLkSh36e9PQTU26vY/view?usp=sharing
636,מועצה אזורית מרחבים,רשות מקומית,https://drive.google.com/file/d/1uaaGaN0qiIW1ynqI3u8L3kEVQV8SMv_g/view?usp=sharing
1992,מועצה מקומית אלפי מנשה,רשויות מקומיות,https://heteriske.com/wp-content/uploads/custom_uploads/2026/05/מועצה-מקומית-אלפי-מנשה.pdf
2164,מועצה מקומית חריש,רשויות,https://heteriske.com/wp-content/uploads/custom_uploads/2026/05/מועצה-מקומית-חריש.pdf
5,מוריה שפרינגר- מיתוג,ייעוץ עסקי,https://drive.google.com/file/d/1KqdLlzUAG-Tb4o1p4P-pQSpcRJo3ZyGc/view?usp=sharing
1963,"מורינגה עץ הפלא בע""מ",ריהוט,https://heteriske.com/wp-content/uploads/custom_uploads/2026/05/מורינגה-עץ-הפלא-בעמ.pdf
2007,מטעמים,מפעלי אוכל וצרכניות,https://heteriske.com/wp-content/uploads/custom_uploads/2026/05/מטעמים.pdf
531,"מטרה הפקות בע""מ",מאגד אשראי,https://drive.google.com/file/d/10Q4WoLGgB8YciJVs4-MBCSLfy00SwNvN/view?usp=sharing
1829,"מידר גני עדן בע""מ","נדל""ן",https://heteriske.com/wp-content/uploads/custom_uploads/2026/05/מידר-גני-עדן-בעמ.pdf
1830,"מידר לב העיר בע""מ","נדל""ן",https://heteriske.com/wp-content/uploads/custom_uploads/2026/05/מידר-לב-העיר-בעמ.pdf
530,מיטב מימון שותפות מוגבלת,מימון,https://drive.google.com/file/d/1KX4a9-mwLD-_w5BghSBV7KxkKPxEHtiW/view?usp=sharing
1986,מיכאל גבאי,"נדל""ן",https://heteriske.com/wp-content/uploads/custom_uploads/2026/05/מיכאל-גבאי.pdf
1507,"מיכל סבה - משרד רו""ח וייעוץ מס",ייעוץ מס,https://heteriske.com/wp-content/uploads/custom_uploads/2026/06/היתע-משרד-ייעוץ-מס.pdf
3285,מילשטיין אהובה,קליניקה - רפואה אלטרנטיבית,https://drive.google.com/file/d/1WOZdLfyNpIv3tQ-s-bAaJUe_Dysq3wa3/view?usp=sharing
1886,"מימון אגריפס בע""מ","נדל""ן",https://heteriske.com/wp-content/uploads/custom_uploads/2026/05/מימון-אגריפס-בעמ.pdf
1887,"מימון פעמון בע""מ","נדל""ן",https://heteriske.com/wp-content/uploads/custom_uploads/2026/05/מימון-פעמון-בעמ.pdf
1862,"מיקרוקיט בע""מ",רפואה,https://heteriske.com/wp-content/uploads/custom_uploads/2026/05/מיקרוקיט-בעמ.pdf
10,מירב בן עבו - פרודקשיין,הפקות מדיה,https://drive.google.com/file/d/1ayg1NDpjWHfv-toHZpMXjPrQy0QmQRxp/view?usp=sharing
17,מכבסת האמוראים,מכבסה,https://drive.google.com/file/d/1XFtFwsHSXj-JnwbKUb1hDkuhnxvJeybc/view?usp=sharing
716,מכבסת שלגית,מכבסה,https://drive.google.com/file/d/1FbScrqVvGK7DPB0mV_tiK1eOhAsrT0MB/view?usp=sharing
1914,מכולת הקריה,מפעלי אוכל וצרכניות,https://heteriske.com/wp-content/uploads/custom_uploads/2026/05/מכולת-הקריה-.pdf
1111,מכולת הקריה,מכולת,https://drive.google.com/file/d/1R_nGOHuptLJ3-haX7KTncuAjS1aP8LmC/view?usp=drive_link
1715,מכולתת ציטליין 20,מפעלי אוכל וצרכניות,https://heteriske.com/wp-content/uploads/custom_uploads/2026/05/מכולתת-ציטליין-20.pdf
1693,מכון ואנוהו,יודיאקה,https://heteriske.com/wp-content/uploads/custom_uploads/2026/05/מכון-ואנוהו.pdf
520,"מכון חינוך וסיוע בית רבקה באידיש חסידי (ע""ר)",חינוך,https://drive.google.com/file/d/1xj_R-VRLyzJz_rwXJrducQxwuWR4XUXq/view?usp=sharing
2816,מכון לאוקמי גירסא,מכון לימודים,https://heteriske.com/wp-content/uploads/custom_uploads/2026/08/מכון-לאוקמי-גירסא.pdf
1795,מכון סופרי המלך,"סת""ם",https://heteriske.com/wp-content/uploads/custom_uploads/2026/05/מכון-סופרי-המלך.pdf
1843,מכללה אקדמית הדסה,חינוך,https://heteriske.com/wp-content/uploads/custom_uploads/2026/05/מכללה-אקדמית-הדסה.pdf
1984,מלול מאור,"נדל""ן",https://heteriske.com/wp-content/uploads/custom_uploads/2026/05/מלול-מאור-.pdf
8,מלכות שטריימלאך,שטריימלאך,https://drive.google.com/file/d/1NOcFNtjx0uRlL77Fz-zAYk_aNJCwdKzm/view?usp=sharing
720,"ממתקי שהכל בע""מ",מכולת,https://drive.google.com/file/d/1HretMvD1UJYQpuV1RhVsFtRvZ3c8a0jN/view?usp=sharing
1678,מנג'ט,מפעלי אוכל וצרכניות,https://heteriske.com/wp-content/uploads/custom_uploads/2026/05/מנגט-רוזנפלד-טאבה.pdf
28,מנדלוביץ בתיה יהודית,אולפן הקלטות,https://drive.google.com/file/d/1HxVONrEDWqfRJyh6lsplh8mlZDb_eVGf/view?usp=sharing
476,"מנוס - אליעזר הלוי 28 בע""מ",בנייה,https://drive.google.com/file/d/1hE_r-Ph9QHbAdrRRMWfGKUh8Tp-31NxH/view?usp=sharing
480,"מנוס - בוליביה 4 בע""מ",בנייה,https://drive.google.com/file/d/1hu6ij3ZmfSWLZMic3nQOLt4eMbYaXCbG/view?usp=sharing
478,"מנוס - בר יוחאי 18 בע""מ",בנייה,https://drive.google.com/file/d/1LrjErHJ7MyeOdkis8fc1RuZAkbjDStMC/view?usp=sharing
466,"מנוס - דידס 6 בע""מ",בנייה,https://drive.google.com/file/d/1iemPEZ_YhgJ-YG5umpN-OlN1-E5k0fA6/view?usp=sharing
477,"מנוס - ים סוף 3 בע""מ",בנייה,https://drive.google.com/file/d/14MyoInotPT_DMtx9KYghydDOmqGY-i_H/view?usp=sharing
463,"מנוס - ים סוף 5 בע""מ",בנייה,https://drive.google.com/file/d/1-ejABviB_m3xp9c3Xy4jPKn3CY89KjBq/view?usp=sharing
465,"מנוס - ריש לקיש 10 בע""מ",בנייה,https://drive.google.com/file/d/11vSO-jEf6pqdcQ5w4yq_N9O0n0PGvFuN/view?usp=sharing
621,"מנוס - שירותי ניהול בע""מ","נדל""ן",https://drive.google.com/file/d/1ARpmV91kX9Bqae0k-v39sp6zyJQur7GP/view?usp=sharing
462,"מנוס בן יפונה 8 בע""מ",בנייה,https://drive.google.com/file/d/1-SvDu-nc3RhhR2Pt5Omca2cJD8noYopp/view?usp=sharing
481,"מנוס השיירות 3 בע""מ",בנייה,https://drive.google.com/file/d/1AiSr_OuxqVpYYFUlDsy9frfUp69Rt-v7/view?usp=sharing
482,"מנוס- מקסיקו 22 בע""מ",בנייה,https://drive.google.com/file/d/1VK7Ns2fYb4OFZAyKx_igDRqSxp7eCwLJ/view?usp=sharing
479,"מנוס-אלעזר המודעי 4 בע""מ",בנייה,https://drive.google.com/file/d/1IOC4PBi6RfdB1_zd2DHERy_WKPiMkagG/view?usp=sharing
1689,מסגריית פאלוך,ריהוט,https://heteriske.com/wp-content/uploads/custom_uploads/2026/05/מסגריית-פאלוך.pdf
1975,מעדנית אגמים,מפעלי אוכל וצרכניות,https://heteriske.com/wp-content/uploads/custom_uploads/2026/05/מעדנית-אגמים.pdf
619,"מפעלות חסדי יוסף לחינוך ונתינה (ע""ר)",קהילה וחסד,https://drive.google.com/file/d/1x9yg61hKOfJ1GCZLM_iCzt7zVAdyLqIx/view?usp=sharing
69,מפעלי חינוך וחסד,חינוך,https://drive.google.com/file/d/1OvaT4MBNwBU0OXSln1MTUHgz0owqccaq/view?usp=sharing
648,"מפרץ עכו-חיפה 1934 בע""מ","השקעות ונדל""ן",https://drive.google.com/file/d/1CHUz2gIMEd0gNoBzjT0h5XuCgbood_rK/view?usp=sharing
1703,מקור הברכה,מפעלי אוכל וצרכניות,https://heteriske.com/wp-content/uploads/custom_uploads/2026/05/מקור-הברכה.pdf
1868,"מקור חיים החדשה בע""מ","נדל""ן",https://heteriske.com/wp-content/uploads/custom_uploads/2026/05/מקור-חיים-החדשה-בעמ.pdf
2548,"מרומי צפת העתיקה בע""מ",כללי,https://heteriske.com/wp-content/uploads/custom_uploads/2026/08/מרומי-צפת-העתיקה-בעמ.pdf
1863,"מרכז הפעמון - חברה לניהול ואחזקה 92' בע""מ",ניהול ועד בית,https://heteriske.com/wp-content/uploads/custom_uploads/2026/05/מרכז-הפעמון-חברה-לניהול-ואחזקה-92-בעמ.pdf
198,"מרכז לסת""ם","סת""ם",https://drive.google.com/file/d/1GF43mlAatuW2rIomRqloGj0kvSpVMARr/view?usp=drive_link
6,מרכזול,מזון,https://drive.google.com/file/d/1VLq2WN2uwyuBRDub2q2LyNn5SxkF5Nsf/view?usp=sharing
65,מרפאת שיניים,רפואת שיניים,https://drive.google.com/file/d/1HJGcrGK4V5lgVqJ0DL68oXq_GZ-aMEcc/view?usp=sharing
195,"מש""י - מרכז שקום ילדים",מוסדות ציבוריים,https://drive.google.com/file/d/1nb_6ep8f7mAyXNe0N-CVAsBB2l4wPZxg/view?usp=drive_link
1797,משה שמשון,שונות,https://heteriske.com/wp-content/uploads/custom_uploads/2026/05/משה-שמשון.pdf
1857,"משי נט מ.נ. בע""מ",מחשבים,https://heteriske.com/wp-content/uploads/custom_uploads/2026/05/משי-נט-מ.נ.-בעמ.pdf
723,משכנטיים,משכנתאות,https://drive.google.com/file/d/1VXhbRCbiNqupxDuYljK9GdtoVP0CRDyD/view?usp=sharing
1922,"משכני הדרים בע""מ","נדל""ן",https://heteriske.com/wp-content/uploads/custom_uploads/2026/05/משכני-הדרים-בעמ.pdf
1120,משכנתא 10,מימון,https://drive.google.com/file/d/1MFG1sdLLOZwp9rd15ZUUxPboeNy6Y5kA/view?usp=sharing
1870,"משקיעים בירושלים ייעוץ והשקעות נדל""ן בע""מ","נדל""ן",https://heteriske.com/wp-content/uploads/custom_uploads/2026/05/משקיעים-בירושלים-ייעוץ-והשקעות-נדלן-בעמ.pdf
1670,מתאים לך יופי,פאנות,https://heteriske.com/wp-content/uploads/custom_uploads/2026/05/מתאים-לך-יופיאקרמן-מיכל.pdf
1839,מתבגרים לחיים,יעוץ,https://heteriske.com/wp-content/uploads/custom_uploads/2026/05/מתבגרים-לחיים.pdf
650,"מתד ייזום והשקעות בע""מ","נדל""ן",https://drive.google.com/file/d/1mBvsql0XCc3mur-Tefk6JkLiTAyNIwfx/view?usp=sharing
488,"מתחדשים בעיר מקבוצת בית ירושלמי שלי בע""מ",בנייה,https://drive.google.com/file/d/11nAecoqnihP0URbHksHkaiVTqJCJWCrZ/view?usp=drive_link
1679,נגריית גולדברג,ריהוט,https://heteriske.com/wp-content/uploads/custom_uploads/2026/05/נגריית-גולדברג.pdf
448,"נדל""ן מקבוצת בית ירושלמי בע""מ",בנייה,https://drive.google.com/file/d/1E7MKUbj8cBjAgmPTPfGFkI4qt1-JyflK/view?usp=sharing
533,"נדרים קארד בע""מ",פיננסים,https://drive.google.com/file/d/1JLEhoJ2s-eBMj5aDAlK-7AuE5uQKXd7E/view?usp=sharing
1848,נופטק מחשבים,מחשבים,https://heteriske.com/wp-content/uploads/custom_uploads/2026/05/נופטק-מחשבים.pdf
753,"נופי אילן הירוקה בע""מ","נדל""ן",https://drive.google.com/file/d/1LambZA43_DbNfB0r6NirJTyNAh-ed-9L/view?usp=sharing
1881,"נופי בית הכרם בע""מ","נדל""ן",https://heteriske.com/wp-content/uploads/custom_uploads/2026/05/נופי-בית-הכרם-בעמ.pdf
2552,"נופי צפת 2019 בע""מ",כללי,https://heteriske.com/wp-content/uploads/custom_uploads/2026/08/נופי-צפת-2019-בעמ.pdf
2542,"נופי ראש פינה בע""מ",כללי,https://heteriske.com/wp-content/uploads/custom_uploads/2026/08/נופי-ראש-פינה-בעמ.pdf
445,"נופים מקבוצת בית ירושלמי והדס קפיטל בע""מ",בנייה,https://drive.google.com/file/d/1Rv1bqnenTq9vOyA76sDgLoCX0dP6bssQ/view?usp=sharing
1846,"נופך - דניאל ייזום נדל""ן בע""מ","נדל""ן",https://heteriske.com/wp-content/uploads/custom_uploads/2026/05/נופך-דניאל-ייזום-נדלן-בעמ.pdf
2325,"נחלת שלמה זלמן (ע""ר)",כולל אברכים,https://heteriske.com/wp-content/uploads/custom_uploads/2026/07/נחלת-שלמה-זלמן-ע_ר.pdf
536,נטליה ת.א.א. השקעות,"נדל""ן",https://drive.google.com/file/d/1GarLOl7f4E1yR2WTOGe-ssY5lxP_o439/view?usp=sharing
14,"ניגון טויס בע""מ",צעצועים ומשחקים,https://drive.google.com/file/d/1fbstdwpp98JXvX85MKYhYQqhEB7PodUe/view?usp=sharing
752,"ניו אייג' מרקט בע""מ","נדל""ן",https://drive.google.com/file/d/13qM1Sbuq8rnm1RJof-OB3DxP838lx1WF/view?usp=sharing
4,ניו בורן / פיקאבו,מוצרי תינוקות,https://drive.google.com/file/d/1UFoq2XFdVWUfiauHGsvg29fT78ybPvcU/view?usp=sharing
718,"ניו סטאר סילבר בע""מ",כלי כסף,https://drive.google.com/file/d/1jmd4AoD6eLhzJPm9q6D1nMQmn3B4eA_i/view?usp=sharing
1869,"ניימן השקעות ויזמות בע""מ","נדל""ן",https://heteriske.com/wp-content/uploads/custom_uploads/2026/05/ניימן-השקעות-ויזמות-בעמ.pdf
459,"נימבל פיננסים בע""מ",בנייה,https://drive.google.com/file/d/1CHMzu7xezY9XON0IuYz85a1pfvgWEGY1/view?usp=sharing
451,"נצפה נוף מקבוצת בית ירושלמי שלי בע""מ",בנייה,https://drive.google.com/file/d/1QdddBq9q9cILq377uY43a9wSlnPc6TIu/view?usp=sharing
623,"נקודה מיזוג אויר בע""מ",מיזוג אוויר,https://drive.google.com/file/d/1soGDrFiVd_66fJno1tBhGPzNbisKYZZV/view?usp=sharing
677,"נשר נכסים עם עתיד בע""מ","השקעות ונדל""ן",https://drive.google.com/file/d/16scSLZsb4OP91rlGeAHalhrcDgyj2fpj/view?usp=sharing
2800,"נתניה נדלן סנטר פרמיום בע""מ","נדל""ן",https://heteriske.com/wp-content/uploads/custom_uploads/2026/08/נתניה-נדלן-סנטר-פרמיום-בעמ.pdf
649,"נתניה סי- שור דיבלופמנט קו בע""מ","נדל""ן",https://drive.google.com/file/d/1lIJbx4xpB_1C2VQOuJs4F2qHhj5QfX2q/view?usp=sharing
3287,"סאנסקרין ורוד בע""מ",אנרגיה,https://heteriske.com/wp-content/uploads/custom_uploads/2026/09/סאנסקרין-ורוד-1.pdf
3286,"סאנפלאוור בע""מ",אנרגיה,https://heteriske.com/wp-content/uploads/custom_uploads/2026/09/סאנפלאוור-1.pdf
440,"סביונים מקבוצת בית ירושלמי בע""מ",בנייה,https://drive.google.com/file/d/1pfNE2QUJTckxhzxOtg_tFw1-eXVBwU77/view?usp=drive_link
1917,"סולארא בע""מ",מערכות סולאריות,https://heteriske.com/wp-content/uploads/custom_uploads/2026/05/סולארא-בעמ.pdf
1864,"סופרמן - מרכולים בע""מ",מפעלי אוכל וצרכניות,https://heteriske.com/wp-content/uploads/custom_uploads/2026/05/סופרמן-מרכולים-בעמ.pdf
1756,סוקר גרביים ואביזרי שיער,ביגוד והנעלה,https://heteriske.com/wp-content/uploads/custom_uploads/2026/05/סוקר-גרביים-ואביזרי-שיער.pdf
489,"סחלבים מקבוצת בית ירושלמי בע""מ",בנייה,https://drive.google.com/file/d/1zIWy3ALXaQnfj1ZYJZ9I_lOiyiayCzvI/view?usp=drive_link
1976,סט,עיצובים,https://heteriske.com/wp-content/uploads/custom_uploads/2026/05/סט-.pdf
1849,סטודיו אורגינל,שונות,https://heteriske.com/wp-content/uploads/custom_uploads/2026/05/סטודיו-אורגינל.pdf
750,"סייפקאש אפליקציות בע""מ",אשראי,https://drive.google.com/file/d/1tTi5z-QJBSqTEkiOyRI1NLK1x2INkHhH/view?usp=sharing
1704,סלון פאות ב .גולדמן,פאנות,https://heteriske.com/wp-content/uploads/custom_uploads/2026/05/סלון-פאות-ב-.גולדמן.pdf
1990,"סמארטסוויץ' בע""מ",חשמל,https://heteriske.com/wp-content/uploads/custom_uploads/2026/05/סמארטסוויץ-בעמ.pdf
631,"סמינר דעת ניסים (ע""ר)",חינוך,https://drive.google.com/file/d/16foUvc2rZCY-zFzyqtcf7KmyL550IpUL/view?usp=sharing
2804,"סנטר המושבה 975 בע""מ","נדל""ן",https://heteriske.com/wp-content/uploads/custom_uploads/2026/08/סנטר-המושבה-975-בעמ.pdf
2546,"סנטר המושבה בע""מ",כללי,https://heteriske.com/wp-content/uploads/custom_uploads/2026/08/סנטר-המושבה-בעמ.pdf
2805,"סנטר מערב העיר בע""מ","נדל""ן",https://heteriske.com/wp-content/uploads/custom_uploads/2026/08/סנטר-מערב-העיר-בעמ.pdf
1719,"ספרי גאולה 2006 בע""מ",ספרים,https://heteriske.com/wp-content/uploads/custom_uploads/2026/05/ספרי-גאולה-2006-בעמ.pdf
1,סתיו - עוגות מעוצבות,עוגות וקינוחים,https://drive.google.com/file/d/12W8_SZkEWYLek0s4HUYPSsFgcbIupuvi/view?usp=sharing
2118,ע,מוסדות ציבוריים,https://drive.google.com/file/d/1nb_6ep8f7mAyXNe0N-CVAsBB2l4wPZxg/view?usp=drive_link
1903,"ע.ר. קרתא בצפת בע""מ","נדל""ן",https://heteriske.com/wp-content/uploads/custom_uploads/2026/05/ע.ר.-קרתא-בצפת-בעמ.pdf
1883,"ע.ר. קרתא הפעמון בע""מ","נדל""ן",https://heteriske.com/wp-content/uploads/custom_uploads/2026/05/ע.ר.-קרתא-הפעמון-בעמ.pdf
1872,"ע.ר. קרתא נדל""ן בע""מ","נדל""ן",https://heteriske.com/wp-content/uploads/custom_uploads/2026/05/ע.ר.-קרתא-נדלן-בעמ.pdf
1880,"ע.ר. קרתא נכסים בע""מ","נדל""ן",https://heteriske.com/wp-content/uploads/custom_uploads/2026/05/ע.ר.-קרתא-נכסים-בעמ.pdf
1904,"ע.ר. קרתא סנטר רמת בית שמש (משכנות שיא) בע""מ","נדל""ן",https://heteriske.com/wp-content/uploads/custom_uploads/2026/05/ע.ר.-קרתא-סנטר-רמת-בית-שמש-משכנוץ-שיא-בעמ.pdf
1735,"עדיף יזמות פיתוח בע""מ",מפעלי אוכל וצרכניות,https://heteriske.com/wp-content/uploads/custom_uploads/2026/05/עדיף-יזמות-פיתוח-בעמ.pdf
1950,עובדיה הררי - מיקאסה,יעוץ,https://heteriske.com/wp-content/uploads/custom_uploads/2026/05/עובדיה-הררי-מיקאסה.pdf
519,"עידית ייזום והשקעות בע""מ","נדל""ן",https://drive.google.com/file/d/1qBCcTeC-YJafv4OVoeJhyOsxa3vSMLaU/view?usp=sharing
1955,עידן תשמישי קדושה- בגדי שש,יודיאקה,https://heteriske.com/wp-content/uploads/custom_uploads/2026/05/עידן-תשמישי-קדושה-בגדי-שש.pdf
715,עיצוב פנים הום סטיילינג,עיצוב פנים,https://drive.google.com/file/d/1RuEy4RDipsDzpFOShyscNxCoDF9Huq-Z/view?usp=sharing
433,"עיר וגן מקבוצת בית ירושלמי בע""מ",בנייה,https://drive.google.com/file/d/1dqIBB_LroxVW-5ZHbXSgwnK9gbV66J4f/view?usp=drive_link
2870,עיריית ביתר עילית,עירייה,https://heteriske.com/wp-content/uploads/custom_uploads/2026/08/היתר-עיסקא-עיריית-ביתר-.pdf
2160,עיריית חיפה,רשויות מקומיות,https://heteriske.com/wp-content/uploads/custom_uploads/2026/05/עיריית-חיפה.pdf
1993,עיריית כפר סבא,רשויות מקומיות,https://heteriske.com/wp-content/uploads/custom_uploads/2026/05/עיריית-כפר-סבא.pdf
2003,עיריית לוד,רשויות מקומיות,https://heteriske.com/wp-content/uploads/custom_uploads/2026/05/עיריית-לוד.pdf
2013,עיריית מגדל העמק,רשויות מקומיות,https://heteriske.com/wp-content/uploads/custom_uploads/2026/05/עיריית-מגדל-העמק.pdf
3079,עיריית נצרת עילית,עיריית נצרת עילית,https://drive.google.com/file/d/1H1H0YgCGEJwAu6w9gXPlk1MSc5-LaSsc/view?usp=sharing
2140,עיריית נצרת עילית,רשויות מקומיות,https://heteriske.com/wp-content/uploads/custom_uploads/2026/05/עיריית-נצרת-עילית.pdf
2138,עיריית עפולה,רשויות מקומיות,https://heteriske.com/wp-content/uploads/custom_uploads/2026/05/עיריית-עפולה.pdf
2817,עיריית קריית אונו,עירייה,https://heteriske.com/wp-content/uploads/custom_uploads/2026/08/עיריית-קריית-אונו.pdf
2163,עיריית קריית מלאכי,רשויות מקומיות,https://heteriske.com/wp-content/uploads/custom_uploads/2026/05/עיריית-קריית-מלאכי.pdf
1951,"על -רד הנדסת מעליות (1992)בע""מ",מעליות,https://heteriske.com/wp-content/uploads/custom_uploads/2026/05/על-רד-הנדסת-מעליות-1992בעמ.pdf
1826,עמותת אור חיה - המרכז לאישה היהודיה,חינוך,https://heteriske.com/wp-content/uploads/custom_uploads/2026/05/עמותת-אור-חיה-המרכז-לאישה-היהודיה.pdf
1720,עמותת אסנט - היבטים פנימיים של סגנון החיים היהודי,חינוך,https://heteriske.com/wp-content/uploads/custom_uploads/2026/05/עמותת-אסנט-היבטים-פנימיים-של-סגנון-החיים-היהודי.pdf
1688,עמותת דרכי שמחה,חינוך,https://heteriske.com/wp-content/uploads/custom_uploads/2026/05/עמותת-דרכי-שמחה.pdf
1414,עמותת כולל אברכים תורה תמימה,חינוך,https://heteriske.com/wp-content/uploads/custom_uploads/2026/06/כולל-אברכים-תורה-תמימה-היתר-עיסקא-חתום-1.pdf
1836,עמותת מביאים ברכה וסיוע,"נדל""ן",https://heteriske.com/wp-content/uploads/custom_uploads/2026/05/עמותת-מביאים-ברכה-וסיוע-.pdf
1758,עמותת שערי דעת לחינוך הוראה וחסד,חינוך,https://heteriske.com/wp-content/uploads/custom_uploads/2026/05/עמותת-שערי-דעת-לחינוך-הוראה-וחסד.pdf
1913,עמותת שערי ישיבה,חינוך,https://heteriske.com/wp-content/uploads/custom_uploads/2026/05/עמותת-שערי-ישיבה.pdf
674,"עמינדב בוטיק בע""מ","נדל""ן",https://drive.google.com/file/d/1KfnR4K9ubX-s0RhN8yHdU6wVx1sKdpyY/view?usp=sharing
673,"עמינדב רזידנס בע""מ","נדל""ן",https://drive.google.com/file/d/1EuONj-y6-R3IuTdCRnfeDq52UxV1Vhn0/view?usp=sharing
3284,עריכת וידאו,עיצוב גרפי,https://drive.google.com/file/d/1p0zecDLe-tnxsymJYst-cW5SqGgQ3QAw/view?usp=drive_link
1737,"ערך מיבוי עירוני וניהול נדל""ן בע""מ",מיסוי,https://heteriske.com/wp-content/uploads/custom_uploads/2026/05/ערך-מיבוי-עירוני-וניהול-נדלן-בעמ.pdf
2004,ערערא עיצוב פנים,עיצוב פנים,https://heteriske.com/wp-content/uploads/custom_uploads/2026/05/ערערא-עיצוב-פנים.pdf
1921,"עתיד - חברה לאדריכלות בע""מ","נדל""ן",https://heteriske.com/wp-content/uploads/custom_uploads/2026/05/עתיד-חברה-לאדריכלות-בעמ.pdf
1943,"פאות צילי בינלאומי בע""מ",פאות,https://heteriske.com/wp-content/uploads/custom_uploads/2026/05/פאות-צילי-בינלאומי-בעמ.pdf
2165,פאות רבקי,פאות,https://heteriske.com/wp-content/uploads/custom_uploads/2026/05/פאות-רבקי.pdf
1981,"פאי נשיונל בע""מ","נדל""ן",https://heteriske.com/wp-content/uploads/custom_uploads/2026/05/פאי-נשיונל-בעמ.pdf
196,"פוד שפע והצלחה בע""מ",רשת מזון והזמנות אונליין,https://drive.google.com/file/d/15HLfGRdog-tMgiriQrPXfn5lFFictKRk/view?usp=drive_link
211,פוטו מגנט,מגנטים והדפסות,https://heteriske.com/wp-content/uploads/custom_uploads/2026/05/פוטניצאל.pdf
1695,פוטניצאל,חינוך,https://drive.google.com/file/d/17o2JfSoPyaDOd2O3HZ9wxiqqK5KKoyRt/view?usp=drive_link
691,"פופקורן אחזקות בנדל""ן בע""מ",כללי,https://heteriske.com/wp-content/uploads/custom_uploads/2026/05/פי.וי.נכסים-בעמ.pdf
1964,"פי.וי.נכסים בע""מ","נדל""ן",https://heteriske.com/wp-content/uploads/2026/01/פנחסוב-פיימנס-הלבשה-אלגנטית-לגברים-.pdf
62,פיימנס - הלבשה אלגנטית לגברים,אופנת גברים,https://drive.google.com/file/d/1cLYe_t9AosbEc6wFJga4wp88aZ-7oASY/view?usp=sharing
667,"פינטקה, שותפות כללית",בנקים,https://drive.google.com/file/d/1UIjCK8vDc_XSxgdKXqfiVezNifW30RRz/view?usp=sharing
7,פיקנטי ע.מ.,קייטרינג,https://heteriske.com/wp-content/uploads/custom_uploads/2026/05/פלא-פיי-בעמ.pdf
2161,"פלא פיי בע""מ",תקשורת,https://heteriske.com/wp-content/uploads/custom_uploads/2026/05/פלטבוש-סחר-והשקעות-בעמ.pdf
63,פליגלמן שלמה עו'ד,עריכת דין,https://heteriske.com/wp-content/uploads/custom_uploads/2026/05/פליי-פאנקשן-ישראל-בעמ.pdf
441,"פני העיר ב. ש. מקבוצת בית ירושלמי בע""מ",בנייה,https://heteriske.com/wp-content/uploads/custom_uploads/2026/08/פנינת-בזלת-בעמ.pdf
2555,"פנינת בזלת בע""מ",כללי,https://drive.google.com/file/d/1gCCPfH8wT7K5fK-mTqB-kvWY40ORGrur/view?usp=drive_link
739,"פנינת גושן בע""מ","נדל""ן",https://heteriske.com/wp-content/uploads/custom_uploads/2026/05/פנינת-קטמון-בעמ.pdf
1873,"פנינת קטמון בע""מ","נדל""ן",https://heteriske.com/wp-content/uploads/custom_uploads/2026/05/פסגת-בית-וגן-2021-בעמ.pdf
1884,"פסגת בית וגן 2021 בע""מ","נדל""ן",https://drive.google.com/file/d/17n1T04-v6W3QfDVZAoYndpoGC9FqooFF/view?usp=sharing
668,"פפר פלטפורם בע""מ",בנקים,https://heteriske.com/wp-content/uploads/custom_uploads/2026/05/פרופיט-אדג-בעמ.pdf
1980,"פרופיט אדג' בע""מ",לא קיים כבר,https://heteriske.com/wp-content/uploads/custom_uploads/2026/05/פרי-ביצועים-בעמ.pdf
1925,"פרי ביצועים בע""מ","נדל""ן",https://heteriske.com/wp-content/uploads/custom_uploads/2026/05/פרי-נדלן-בגן-הפאקן-בעמ.pdf
1930,"פרי נדל""ן בגן הפאקן בע""מ","נדל""ן",https://heteriske.com/wp-content/uploads/custom_uploads/2026/05/פרי-נדלן-בגן-הפאקן-ג.ב-בעמ.pdf
1931,"פרי נדל""ן בגן הפאקן ג.ב בע""מ","נדל""ן",https://heteriske.com/wp-content/uploads/custom_uploads/2026/05/פרי-נדלן-ברובע-יזרעאל-בעמ.pdf
1929,"פרי נדל""ן ברובע יזרעאל בע""מ","נדל""ן",https://heteriske.com/wp-content/uploads/custom_uploads/2026/05/פרי-ריזורט-בעמ.pdf
1932,"פרי שוחט אנרגיה בע""מ","נדל""ן",https://heteriske.com/wp-content/uploads/custom_uploads/2026/05/פרי-טק-השקעותוטכנולוגיות-בעמ.pdf
1919,"פרי-טק השקעותוטכנולוגיות בע""מ",השקעות,https://heteriske.com/wp-content/uploads/custom_uploads/2026/05/פרידלנד-נכסים-בעמ.pdf
2818,פרינט כל,דפוס,https://heteriske.com/wp-content/uploads/custom_uploads/2026/07/פרפ-קסם-אישי.pdf
2323,פרפ קסם אישי,מוצרי טיפוח ואקססוריז,https://heteriske.com/wp-content/uploads/custom_uploads/2026/05/צ.ח.-שטרן-פיננסים-בעמ.pdf
1819,"צ.ח. שטרן פיננסים בע""מ",חלפנים,https://heteriske.com/wp-content/uploads/custom_uploads/2026/05/צ.ש-ערד-.pdf
1979,"צ.ש.ש.א. החברה להתחדשות נדל""ן בע""מ","נדל""ן",https://heteriske.com/wp-content/uploads/custom_uploads/2026/05/ציינג-יפתח-דרויס.pdf
1831,"צאן ברזל - אליאנס בע""מ","נדל""ן",https://heteriske.com/wp-content/uploads/custom_uploads/2026/05/צביקה-קסלר.pdf
102,צויבל אלעזר,שירותים כלליים,https://heteriske.com/wp-content/uploads/custom_uploads/2026/05/ציון-תורגמן-בעמ.pdf
1828,"ציון תורג'מן בע""מ",יבוא ויצוא,https://heteriske.com/wp-content/uploads/custom_uploads/2026/05/צמיגי-יוסף.pdf
1692,צרכניית אחיעזר,מפעלי אוכל וצרכניות,
1685,צרכנית ברכת השדה,מפעלי אוכל וצרכניות,https://heteriske.com/wp-content/uploads/custom_uploads/2026/05/צרכנית-ברכת-השדה.pdf
2126,"ק.י ברקת השקעות מתקדמות בנדל""ן בע""מ",השקעות,https://heteriske.com/wp-content/uploads/custom_uploads/2026/05/ק.י-ברקת-השקעות-מתקדמות-בנדלן-בעמ.pdf
1847,"ק.י ספיר השקעות וסוכנויות בע""מ",השקעות,https://heteriske.com/wp-content/uploads/custom_uploads/2026/05/ק.י-ספיר-השקעות-וסוכנויות-בעמ.pdf
737,קאש פויינט השקעות,כספומט,https://drive.google.com/file/d/12_OfyJVRk27FL57_B8sYTaDWW-yfn0bz/view?usp=drive_link
1996,"קבוצת אהרוני (מ.א.) יזום והשקעות בע""מ","נדל""ן",https://heteriske.com/wp-content/uploads/custom_uploads/2026/05/קבוצת-אהרוני-מ.א.-יזום-והשקעות-בעמ.pdf
428,"קבוצת בית ירושלמי שלי בע""מ",בנייה,https://drive.google.com/file/d/1afG2N4gneSWfgY_-gkMeGWnedTyzGd9H/view?usp=sharing
2809,"קדמה מגורים בע""מ","נדל""ן",https://heteriske.com/wp-content/uploads/custom_uploads/2026/08/קדמה-מגורים-בעמ-2.pdf
1674,"קוואלטי הנדסה פיננסית 2014 בע""מ",אשראי,https://heteriske.com/wp-content/uploads/custom_uploads/2026/05/קוואלטי-הנדסה-פיננסית-2014-בעמ.pdf
64,קויט אליהו,מיזוג אוויר,https://drive.google.com/file/d/1X8lqUK2zru-ccT6d8syszNh5TASvsSaj/view?usp=sharing
664,"קומפיט נדל""ן בע""מ","נדל""ן",https://drive.google.com/file/d/13JAlSgGPwxm6p4ycqflfnHN2joMHj8gt/view?usp=sharing
735,"קונסול ייעוץ וניהול בע""מ","נדל""ן",https://drive.google.com/file/d/18leu2nqh46KdtfvWbXhdIRkNriAYRB1D/view?usp=drive_link
734,"קונסנפנסיון בע""מ","נדל""ן",https://drive.google.com/file/d/11AnAUTzSeJknvy4aFXGKgYX6CSNgGlz2/view?usp=drive_link
18,קופשיץ יהודית,אופנת גברים,https://drive.google.com/file/d/1O81nOd4ABx8c91hWNv7EoN7GNTR3tn3j/view?usp=sharing
537,קוקטייל,ריהוט,https://drive.google.com/file/d/15a-7lzZmS2gkDbpSzets0N2d8PopFKZn/view?usp=sharing
535,"קידום פרוייקטים שיקומיים ב.ה. בע""מ",דיור מוגן,https://drive.google.com/file/d/1yCSMkqd5LtOgthRF_gXzhtOkAahxxkL8/view?usp=sharing
733,"קיי.אם .אר הירוקה בע""מ","נדל""ן",https://drive.google.com/file/d/1e3oOTXb-NIVIwGlWtr4YXa7KO7xlASfE/view?usp=drive_link
1853,"קינדר טויס גנים ח.ר. בע""מ",צעצועים,https://heteriske.com/wp-content/uploads/custom_uploads/2026/05/קינדר-טויס-גנים-ח.ר.-בעמ.pdf
1852,"קינדר טויס צעצועי הכוכבים בע""מ",צעצועים,https://heteriske.com/wp-content/uploads/custom_uploads/2026/05/קינדר-טויס-צעצועי-הכוכבים-בעמ.pdf
1817,קיפרמן מהנדסים ויועצים,תוכנות,https://heteriske.com/wp-content/uploads/custom_uploads/2026/05/קיפרמן-מהנדסים-ויועצים.pdf
22,קלינג,סלולר ואביזרים,https://drive.google.com/file/d/1uo_KKXsFZ7K2gldoZBdrBh13fXlsAZ0v/view?usp=sharing
1842,קמפוס שטראוס אפיקי לומדה,חינוך,https://heteriske.com/wp-content/uploads/custom_uploads/2026/05/קמפוס-שטראוס-אפיקי-לומדה.pdf
732,"קניון לב הים עתלית בע""מ","נדל""ן",https://drive.google.com/file/d/1GqQzCPUPQpzOklD50fSZ7J_8YAiqsIiw/view?usp=drive_link
128,קציר אוטומציות,לצפיה בהיתר עסקה,https://drive.google.com/file/d/1nZ7EpahkIMbDn80bR9x2WGyFlfRhBd_v/view?usp=drive_link
731,קראוון ניצנים,"שמעון הצדיק 31, ירושלים - ישראל",https://drive.google.com/file/d/1WMYKu0IeH_HVFOm-R14k81_n7dDiKhFh/view?usp=sharing
641,"קרגו אשראי לצמיחה בע""מ",פיננסים,https://heteriske.com/wp-content/uploads/custom_uploads/2026/05/קרדיט-שופ-בעמ.pdf
11,קרויזר הדפסות קלף,מגנטים והדפסות,https://drive.google.com/file/d/1jgVtaJ9ZzVkk45ajPTmURAYPe9rRsCzD/view?usp=sharing
642,"קרמיק דיפו בע""מ",קרמיקה ואמבט,https://drive.google.com/file/d/1BzKaclRZAVpLtW0vMBPrzY7X3AsahPP5/view?usp=sharing
627,"קרן להחזקת תורה רמת בית שמש א' (ע""ר)",חינוך,https://heteriske.com/wp-content/uploads/custom_uploads/2026/05/קרן-סיגמא-סיטי-2-נדלן-שותפות-מוגבלת.pdf
1867,"קרתא אחזקות בע""מ","נדל""ן",https://heteriske.com/wp-content/uploads/custom_uploads/2026/05/קרתא-בגילה-בעמ.pdf
1876,"קרתא בגילה בע""מ","נדל""ן",https://heteriske.com/wp-content/uploads/custom_uploads/2026/05/קרתא-בסנהדריה-בעמ.pdf
1879,"קרתא בסנהדריה בע""מ","נדל""ן",https://heteriske.com/wp-content/uploads/custom_uploads/2026/05/קרתא-גבעת-שאול-בעמ.pdf
1877,"קרתא גבעת שאול בע""מ","נדל""ן",https://heteriske.com/wp-content/uploads/custom_uploads/2026/05/קרתא-השקעה-104-בעמ.pdf
1891,"קרתא השקעה - 104 בע""מ",השקעות,https://heteriske.com/wp-content/uploads/custom_uploads/2026/05/קרתא-השקעה-105-בעמ.pdf
1892,"קרתא השקעה - 105 בע""מ",השקעות,https://heteriske.com/wp-content/uploads/custom_uploads/2026/05/קרתא-השקעה-106-בעמ.pdf
1893,"קרתא השקעה - 106 בע""מ",השקעות,https://heteriske.com/wp-content/uploads/custom_uploads/2026/05/קרתא-השקעה-107-בעמ.pdf
1894,"קרתא השקעה - 107 בע""מ",השקעות,https://heteriske.com/wp-content/uploads/custom_uploads/2026/05/קרתא-השקעה-101-בעמ.pdf
1888,"קרתא השקעה 101 בע""מ",השקעות,https://heteriske.com/wp-content/uploads/custom_uploads/2026/05/קרתא-השקעה-102-בעמ.pdf
1889,"קרתא השקעה 102 בע""מ",השקעות,https://heteriske.com/wp-content/uploads/custom_uploads/2026/05/קרתא-השקעה-103-בעמ.pdf
1890,"קרתא השקעה 103 בע""מ",השקעות,https://heteriske.com/wp-content/uploads/custom_uploads/2026/05/קרתא-השקעה-108-בעמ.pdf
1895,"קרתא השקעה 108 בע""מ",השקעות,https://heteriske.com/wp-content/uploads/custom_uploads/2026/05/קרתא-השקעה-109-בעמ.pdf
1896,"קרתא השקעה 109 בע""מ",השקעות,
1897,"קרתא השקעה 110 בע""מ",השקעות,https://heteriske.com/wp-content/uploads/custom_uploads/2026/05/קרתא-השקעה-110-בעמ.pdf
1898,"קרתא השקעה 111 בע""מ",השקעות,https://heteriske.com/wp-content/uploads/custom_uploads/2026/05/קרתא-השקעה-111-בעמ.pdf
1958,"קרתא השקעות בע""מ",השקעות,https://heteriske.com/wp-content/uploads/custom_uploads/2026/05/קרתא-השקעות-בעמ.pdf
1874,"קרתא השקעות החדשה בע""מ","נדל""ן",https://heteriske.com/wp-content/uploads/custom_uploads/2026/05/קרתא-השקעות-החדשה-בעמ.pdf
1875,"קרתא כרמים התחדשות עירונית בע""מ","נדל""ן",https://heteriske.com/wp-content/uploads/custom_uploads/2026/05/קרתא-כרמים-התחדשות-עירונית-בעמ.pdf
1866,"קרתא מגורים נכסים 2020 בע""מ","נדל""ן",https://heteriske.com/wp-content/uploads/custom_uploads/2026/05/קרתא-מגורים-נכסים-2020-בעמ.pdf
1899,"קרתא מוסיוף 6 בע""מ","נדל""ן",https://heteriske.com/wp-content/uploads/custom_uploads/2026/05/קרתא-מוסיוף-6-בעמ.pdf
1865,"קרתא משכנתות הבוכרים בע""מ","נדל""ן",https://heteriske.com/wp-content/uploads/custom_uploads/2026/05/קרתא-משכנתות-הבוכרים-בעמ.pdf
1871,"קרתא תפעול בע""מ","נדל""ן",https://heteriske.com/wp-content/uploads/custom_uploads/2026/05/קרתא-תפעול-בעמ.pdf
1858,ר. offich,יעוץ,https://heteriske.com/wp-content/uploads/custom_uploads/2026/05/ר.-offich.pdf
690,"ר.פ.ב נכסים בע""מ",כללי,https://drive.google.com/file/d/1RJn1TkjxqJWumpWV5KNqadoc42BHDm_P/view?usp=drive_link
483,"רבקה 22 בע""מ",בנייה,https://drive.google.com/file/d/1gL5rzkfvrgtLcuGyS6GlDzftHPMZ5Vvy/view?usp=sharing
1910,רהיטי מרקוס RM,ריהוט,https://heteriske.com/wp-content/uploads/custom_uploads/2026/05/רהיטי-מרקוס-RM.pdf
637,"רובע 1 בע""מ","נדל""ן",https://drive.google.com/file/d/1Xn4ehAlO57lre4sdL8p-372o3W3cSm_L/view?usp=sharing
689,"רוח אביב ז'בוטינסקי קרית ים בע""מ",כללי,https://drive.google.com/file/d/1_zTyquI0RfUFK2H0H3GL1-PrJmNFtYbP/view?usp=drive_link
2807,"רוממה אחים סנטר בע""מ","נדל""ן",https://heteriske.com/wp-content/uploads/custom_uploads/2026/08/רוממה-אחים-סנטר-בעמ.pdf
456,"רזידנס מקבוצת בית ירושלמי בע""מ",בנייה,https://drive.google.com/file/d/1GzPocTtjgIBqlENEahbODzb-JKmvgXVt/view?usp=sharing
688,"רינת מבואות ירושלים בע""מ",כללי,https://drive.google.com/file/d/18ArU1PPr7Et7oTYCeJPeH86VSGpa1nfh/view?usp=drive_link
460,"ריש לקיש 5 בע""מ",בנייה,https://drive.google.com/file/d/1gVQdxbuZ_9nujhekHfO3w6TjAXbDoMCF/view?usp=sharing
26,רכטשפר חנה חנצא,שיער ופאות,https://drive.google.com/file/d/1k1H3vzj9FimW_B_p1iD9wPUQin3lmCFB/view?usp=sharing
686,"רם אדרת-סלעית בע""מ",כללי,https://drive.google.com/file/d/19iWm23HZVveYpvlALElAJcFqjOhgwWon/view?usp=drive_link
534,"רמת אילן הירוקה בע""מ","נדל""ן",https://drive.google.com/file/d/1IMqDhLB8V4hmuOZwW-uxH8pATzBZwml6/view?usp=sharing
1918,"רפאל אינטרנשיונל בע""מ",השקעות,https://heteriske.com/wp-content/uploads/custom_uploads/2026/05/רפאל-אינטרנשיונל-בעמ.pdf
1851,רפאל דיזיין,גרפיקה,https://heteriske.com/wp-content/uploads/custom_uploads/2026/05/רפאל-דיזיין.pdf
191,רפאל פתרונות איכותיים,שיער ופאות,https://drive.google.com/file/d/1YUV_TBORuSdr46543F2KFp1gRpjqD1SN/view?usp=drive_link
444,"רקפות מקבוצת בית ירושלמי בע""מ",בנייה,https://drive.google.com/file/d/1wfMdmHuhnGd6rvWnkE9EI7jsrAyTLQ9s/view?usp=sharing
1939,ש.פיגנבוים,"גמחי""ם",https://heteriske.com/wp-content/uploads/custom_uploads/2026/05/ש.פיגנבוים-.pdf
1850,ש.שטראוס,שונות,https://heteriske.com/wp-content/uploads/custom_uploads/2026/05/ש.שטראוס.pdf
491,"שאול סגל יזמות ונדל""ן בע""מ","יזמות נדל""ן",https://drive.google.com/file/d/1BBeZz7TrxBbvq8WGY2405WLlpUNwihSg/view?usp=sharing
889,שבתאי מרגלית,מכירה ביתית,https://drive.google.com/file/d/1sXtgALTMXcnSku6kGHbkATomCT5cZ-SZ/view?usp=sharing
1933,"שדרות יפו 1 בע""מ","נדל""ן",https://heteriske.com/wp-content/uploads/custom_uploads/2026/05/שדרות-יפו-1-בעמ.pdf
1806,שהם רהיטים,ריהוט,https://heteriske.com/wp-content/uploads/custom_uploads/2026/05/שהם-רהיטים.pdf
685,"שורש אגור בע""מ",כללי,https://drive.google.com/file/d/1l1g0jDkhArfyv9aFAyPlxNMD8HXc7OcO/view?usp=drive_link
684,"שורש מגורים בע""מ",כללי,https://drive.google.com/file/d/1FafvUqz8A7JQW-RQB4v78iPSReIQVcl_/view?usp=drive_link
683,"שחר השקעות-י.שדות בע""מ",כללי,https://drive.google.com/file/d/1ENwX0lr9KDPlQuz5Z0Z9TkwvdygeQs7Q/view?usp=drive_link
730,"שחר לאנשים שרוצים להתקדם בע""מ","נדל""ן",https://drive.google.com/file/d/1MijsvHPdxtXV1spgAjyfs3j456gnWLEm/view?usp=drive_link
1812,"שטיבלך קהל חסידים בע""מ(חל""צ)",חינוך,https://heteriske.com/wp-content/uploads/custom_uploads/2026/05/שטיבלך-קהל-חסידים-בעמחלצ.pdf
1936,שי - לי,"נדל""ן",https://heteriske.com/wp-content/uploads/custom_uploads/2026/05/שי-לי.pdf
67,שי דיגיטל,מגנטים והדפסות,https://drive.google.com/file/d/1Gi48cCBzG5m5D2Nq8h_bnp6w4WACqpIx/view?usp=sharing
2010,"שיא מימונים בע""מ",אשראי,https://heteriske.com/wp-content/uploads/custom_uploads/2026/05/שיא-מימונים-בעמ.pdf
517,שיווק א.ד.ר. הגפן,"נדל""ן",https://drive.google.com/file/d/1Ga64nUEscu9nbjWcNQ02WYx4vvpdiNm6/view?usp=sharing
3,שימי משקאות,שיווק משקאות,https://drive.google.com/file/d/1YC00NdcKKMff09h2DzLwRVb8gz_9cI7Y/view?usp=sharing
726,"שיפוצים וניהול נדל""ן","נדל""ן",https://drive.google.com/file/d/1oX20esw3bBJkZeIqHuqDtKsmeGYHk7u-/view?usp=sharing
2550,"שלוות צפת בע""מ",כללי,https://heteriske.com/wp-content/uploads/custom_uploads/2026/08/שלוות-צפת-בעמ.pdf
1784,"שלית טסט מוטורס בע""מ",רכב,https://heteriske.com/wp-content/uploads/custom_uploads/2026/05/שלית-טסט-מוטורס-בעמ.pdf
2012,שלמוביץ שרה טובית,בעלי מלאכה,https://heteriske.com/wp-content/uploads/custom_uploads/2026/05/שלמוביץ-שרה-טובית-.pdf
1946,שמחה בונים ורשביאק - מימון חכם,יעוץ,https://heteriske.com/wp-content/uploads/custom_uploads/2026/05/שמחה-בונים-ורשביאק-מימון-חכם.pdf
1774,"שן סמייל בע""מ",מרפאת שיניים,https://heteriske.com/wp-content/uploads/custom_uploads/2026/05/שן-סמייל-בעמ.pdf
453,"שערים מקבוצת בית ירושלמי בע""מ",בנייה,https://drive.google.com/file/d/1uaqxygcJOzPVaYxIvViYC0IIse6poi5S/view?usp=sharing
615,"שפע ייזום ותיווך נדל""ן בע""מ","יזמות ונדל""ן",https://drive.google.com/file/d/1MPWib6htd8XNcjFV8IXWuIuCFDXgIlqU/view?usp=sharing
2002,"תאגיד המים מי לוד בע""מ",תאגיד המים,https://heteriske.com/wp-content/uploads/custom_uploads/2026/05/תאגיד-המים-מי-לוד-בעמ.pdf
1954,תבליני כהן -סלטי נחום,מפעלי אוכל וצרכניות,https://heteriske.com/wp-content/uploads/custom_uploads/2026/05/תבליני-כהן-סלטי-נחום.pdf
70,תו של רגש,אופטיקה,https://drive.google.com/file/d/1ibkBVkmteyhFqt_aDJi-11jJ2yWZf6wK/view?usp=sharing
66,תומכת לידה חנה אזרחי,חינוך,https://drive.google.com/file/d/1XfesS4avppID9Wle6Q-nHSka3tRqUi9K/view?usp=sharing
924,תיווך,נדל״ן,https://heteriske.com/wp-content/uploads/custom_uploads/2026/05/תכלית-מזון-מוכן-בעמ.pdf
719,תכשיטים סילבר סטורי,כלי כסף,https://heteriske.com/wp-content/uploads/custom_uploads/2026/08/תל-אביב-נדלן-סנטר.pdf
2541,"תל אביב נדל""ן סנטר","נדל""ן",https://drive.google.com/file/d/14XX335Pexgz6G6D2LC5pp05tj9v5jwBB/view?usp=sharing
2,תמר הלר - מילה עיצוב גרפי,גרפיקה ופרסום,https://heteriske.com/wp-content/uploads/custom_uploads/2026/05/תנופה.pdf
2008,תנופה,גרפיקה,https://drive.google.com/file/d/1bI7c9j17R5ZoG-3o2TrIIxvRk61tB6Z6/view?usp=sharing
1121,תפארת,תשמישי קדושה,https://drive.google.com/file/d/1SD3-TbJnFPP6bmM164V_mJB-F88Rn8DD/view?usp=sharing
2498,Kollel Torah Temimah,חינוך,https://heteriske.com/wp-content/uploads/custom_uploads/2026/08/MSP.pdf
1509,MSP,מכירת קורסים דיגיטלים,https://heteriske.com/wp-content/uploads/custom_uploads/2026/08/SPACAS.pdf
2359,spaces,ניקיון,https://heteriske.com/wp-content/uploads/custom_uploads/2026/08/א.א-חומרי-בניין.pdf
1049,א.א חומרי בניין,קרמיקה,https://heteriske.com/wp-content/uploads/custom_uploads/2026/08/אבי-שמאים-ויועצים-770-בע_מ.pdf
838,אבי שמאים ויועצים 770 בעמ,ייעוץ עסקי,https://heteriske.com/wp-content/uploads/custom_uploads/2026/08/אביב-חדש-בלוד-2012-בע_מ.pdf
831,"אביב חדש בלוד 2012 בע""מ",שירותים מקצועיים כלליים,https://heteriske.com/wp-content/uploads/custom_uploads/2026/08/אדיר-55-בע_מ.pdf
2249,"אדיר 55 בע""מ",בניית לולים,https://heteriske.com/wp-content/uploads/custom_uploads/2026/08/אהרון-רינגל.pdf
828,אהרן רינגל,מוניות שירות,https://heteriske.com/wp-content/uploads/custom_uploads/2026/06/או-סקרלט.pdf
1127,"אוורסט בן גוריון 28 בע""מ","נדל""ן",https://heteriske.com/wp-content/uploads/custom_uploads/2026/08/אורה-סמארט-אייר-בע_מ.pdf
798,"אורה סמארט אייר בע""מ",סטראפ לטיהור אויר,https://heteriske.com/wp-content/uploads/custom_uploads/2026/08/אוריקאר-תחבורה-בע_מ.pdf
2254,"אוריקאר תחבורה בע""מ","השכרת רכב, מכירה וליסינג",https://heteriske.com/wp-content/uploads/custom_uploads/2026/08/אייר-סיון-2004-בע_מ.pdf
832,"אייר סיון 2004 בע""מ",שירותים מקצועיים כלליים,https://heteriske.com/wp-content/uploads/custom_uploads/2026/08/אדיר-55-בע_מ.pdf
2250,"אל.אר.ג'י איטום בניה ואחסנה בע""מ",בניה ואיטום,https://heteriske.com/wp-content/uploads/custom_uploads/2026/08/אסיה-סיירוס-פיתוח-וייזום-בע_מ.pdf
769,"אסיה סיירוס פיתוח וייזום בע""מ","נדל""ן",https://drive.google.com/file/d/1dzJXvbfoKZFpM1we7oBUXi5qeg5Iy22W/view?usp=sharing
2258,"אפסנט מדיקל בע""מ",סטארטאפ רפואי,https://heteriske.com/wp-content/uploads/custom_uploads/2026/08/אקשן-טויס-בע_מ.pdf
770,"אקשן טויס בע""מ",חנות,https://heteriske.com/wp-content/uploads/custom_uploads/2026/08/אריה-לדרמן-החזקות-בע_מ.pdf
662,"אריה לדרמן החזקות בע""מ","נדל""ן",https://heteriske.com/wp-content/uploads/custom_uploads/2026/08/באלי-גלובל-הולדינגס-בע_מ.pdf
521,"באלי גלובל הולדינגס בע""מ","נדל""ן",https://heteriske.com/wp-content/uploads/custom_uploads/2026/08/בהצלחה-תמיד-בע_מ.pdf
2263,"בהצלחה תמיד בע""מ",זכויות רפואיות,https://heteriske.com/wp-content/uploads/custom_uploads/2026/08/ביזי-טופ-בע_מ.pdf
771,"ביזי טופ בע""מ",צעצועים,
792,בית אדיר יזמות ובניה,"נדל""ן",https://heteriske.com/wp-content/uploads/custom_uploads/2026/08/היתר-עסקה-בית-אדיר.pdf
772,"בית הצדיק בע""מ","נדל""ן",https://heteriske.com/wp-content/uploads/custom_uploads/2026/08/בית-הצדיק-בע_מ.pdf
773,"בית מדרש חניכי הישיבות נתיבות(ע""ר)",חינוך,https://heteriske.com/wp-content/uploads/custom_uploads/2026/08/בית-מדרש-חניכי-הישיבות-נתיבות-ע_ר-.pdf
774,"בן אנד ברו 770 בע""מ","נדל""ן",https://heteriske.com/wp-content/uploads/custom_uploads/2026/08/בן-אנד-ברו-770-בע_מ.pdf
775,בנה בתך,"נדל""ן",https://heteriske.com/wp-content/uploads/custom_uploads/2026/08/בנה-בתך.pdf
776,"בעל התניא אביטל בע""מ","נדל""ן",https://heteriske.com/wp-content/uploads/custom_uploads/2026/08/בעל-התניא-אביטל-בע_מ.pdf
777,"בעל התניא אחזקות בע""מ","נדל""ן",https://heteriske.com/wp-content/uploads/custom_uploads/2026/08/בעל-התניא-אחזקות-בע_מ.pdf
472,"בעל התניא אילת בע""מ",בנייה,https://heteriske.com/wp-content/uploads/custom_uploads/2026/08/בעל-התניא-אילת-בע_מ.pdf
471,"בעל התניא אפרת בע""מ",בנייה,https://heteriske.com/wp-content/uploads/custom_uploads/2026/08/בעל-התניא-אפרת-בע_מ.pdf
778,"בעל התניא בן שמן בע""מ","נדל""ן",https://heteriske.com/wp-content/uploads/custom_uploads/2026/08/בעל-התניא-בן-שמן-בע_מ.pdf
779,"בעל התניא השרון בע""מ","נדל""ן",https://heteriske.com/wp-content/uploads/custom_uploads/2026/08/בעל-התניא-השרון-בע_מ.pdf
470,"בעל התניא התמרים בע""מ",בנייה,https://heteriske.com/wp-content/uploads/custom_uploads/2026/08/בעל-התניא-התמרים-בע_מ.pdf
780,"בעל התניא ישראל בע""מ","נדל""ן",https://heteriske.com/wp-content/uploads/custom_uploads/2026/08/בעל-התניא-ישראל-בע_מ.pdf
781,"בעל התניא מכרזים בע""מ","נדל""ן",https://heteriske.com/wp-content/uploads/custom_uploads/2026/08/בעל-התניא-מכרזים-בע_מ.pdf
782,"בעל התניא עפולה בע""מ","נדל""ן",https://heteriske.com/wp-content/uploads/custom_uploads/2026/08/בעל-התניא-עפולה-בע_מ.pdf
474,"בראשית הירוקה בע""מ",בנייה,https://heteriske.com/wp-content/uploads/custom_uploads/2026/08/בראשית-הירוקה-בע_מ.pdf
918,"ברגר טאוורס ירושלים בע""מ","נדל""ן",https://heteriske.com/wp-content/uploads/custom_uploads/2026/08/ברגר-טאוורס-ירושלים-בע_מ.pdf
464,"ג'יי די סי מרפאת שיניים (ע""ר)",מרפאת שיניים,https://heteriske.com/wp-content/uploads/custom_uploads/2026/08/גיי-די-סי-מרפאת-שיניים-ע_ר.pdf
785,"גדיש הירוקה בע""מ","נדל""ן",https://heteriske.com/wp-content/uploads/custom_uploads/2026/08/גדיש-הירוקה-בע_מ.pdf
467,"גלנור מנוס פינוי בינוי - דרך חברון 116 בע""מ",בניה,https://heteriske.com/wp-content/uploads/custom_uploads/2026/08/גלנור-מנוס-פינוי-בינוי-דרך-חברון-116-בע_מ.pdf
786,"גמילות חסדים בתפארתה(ע""ר)",עמותות,https://heteriske.com/wp-content/uploads/custom_uploads/2026/08/גמילות-חסדים-בתפארתה-ע_ר-.pdf
2257,"דופלקס נאמן יזמות הנדסה ובניה בע""מ",יזם וקבלן בנייה,https://heteriske.com/wp-content/uploads/custom_uploads/2026/08/דופלקס-נאמן-יזמות-הנדסה-ובניה-בע_מ.pdf
638,"דור ודר מינוף פיננסים ויועצים בע""מ",שמאות מקרקעין,https://heteriske.com/wp-content/uploads/custom_uploads/2026/08/דור-ודר-מינוף-פיננסים-ויועצים-בע_מ.pdf
1134,"דלקל אנרגיה (2004) בע""מ",דלק,https://heteriske.com/wp-content/uploads/custom_uploads/2026/08/דלקל-אנרגיה-2004-בע_מ.pdf
788,דלת פלוס,עיתון,https://heteriske.com/wp-content/uploads/custom_uploads/2026/08/דלת-פלוס-.pdf
2251,דניאל בנדר- home space,אתר מכירת רהיטים,https://heteriske.com/wp-content/uploads/custom_uploads/2026/08/דניאל-בנדר.pdf
893,ה. מצנבר פאות בהזמנה אישית,פאות,https://heteriske.com/wp-content/uploads/custom_uploads/2026/08/ה.-מצנבר-פאות-בהזמנה-אישית.pdf
434,"הבית ברמות מקבוצת בית ירושלמי בע""מ",בנייה,https://heteriske.com/wp-content/uploads/custom_uploads/2026/08/הבית-ברמות-מקבוצת-בית-ירושלמי-בע_מ.pdf
790,"הולד מי בע""מ",מימון,https://heteriske.com/wp-content/uploads/custom_uploads/2026/08/הולד-מי-בע_מ.pdf
791,הוס יהודית,הנדסת מחשבים,https://heteriske.com/wp-content/uploads/custom_uploads/2026/08/הוס-יהודית.pdf
794,המרכז לבית ברמה,כלי בית,https://heteriske.com/wp-content/uploads/custom_uploads/2026/08/המרכז-לבית-ברמה.pdf
795,המרכז לייעוץ משכנתאות,יעוץ משכנתאות,https://heteriske.com/wp-content/uploads/custom_uploads/2026/08/המרכז-לייעוץ-משכנתאות.pdf
663,"הנוטע בע""מ","נדל""ן",https://heteriske.com/wp-content/uploads/custom_uploads/2026/08/הנוטע-בע_מ.pdf
675,"הפרדס הלבן חדרה 2023 בע""מ","נדל""ן",https://heteriske.com/wp-content/uploads/custom_uploads/2026/08/הפרדס-הלבן-חדרה-2023-בע_מ.pdf
646,"וידאה ניהול השקעות מקבוצת לאומי בע""מ",בנקים,https://heteriske.com/wp-content/uploads/custom_uploads/2026/08/וידאה-ניהול-השקעות-מקבוצת-לאומי-בע_מ.pdf
643,ולדמן ספרים,חנות ספרים,https://heteriske.com/wp-content/uploads/custom_uploads/2026/08/ולדמן-ספרים.pdf
670,זאלו,מכירת ספרים,https://heteriske.com/wp-content/uploads/custom_uploads/2026/08/זאלו.pdf
797,זילברברג אברהם חיים,"נדל""ן",https://heteriske.com/wp-content/uploads/custom_uploads/2026/08/זילברברג-אברהם-חיים-.pdf
890,חלוק פלוס,ביגוד נשים,https://heteriske.com/wp-content/uploads/custom_uploads/2026/08/חלוק-פלוס.pdf
2265,"חניכי הישיבות רמה ג' 2 (ע""ר)","ביהכ""נ וכולל",https://heteriske.com/wp-content/uploads/custom_uploads/2026/08/חניכי-הישיבות-רמה-ג-2-ע_ר.pdf
793,"טובולסקי יזמות ושהקעות נדל""ן בע""מ","נדל""ן",https://heteriske.com/wp-content/uploads/custom_uploads/2026/08/היתר-עסקה-טובולסקי-יזמות-והשקעות.pdf
1125,"טי.סי.אי ניהול פרוייקטים בתמ""א בע""מ","נדל""ן",https://heteriske.com/wp-content/uploads/custom_uploads/2026/08/טי.סי.אי-ניהול-פרוייקטים-בתמ_א-בע_מ.pdf
1131,"טי.סי.אי תמ""א הוד השרון בע""מ","נדל""ן",https://heteriske.com/wp-content/uploads/custom_uploads/2026/08/טי.סי.אי-תמ_א-הוד-השרון-בע_מ.pdf
1126,"טי.סי.אי תמ""א הרצליה בע""מ","נדל""ן",https://heteriske.com/wp-content/uploads/custom_uploads/2026/08/טי.סי.אי-תמ_א-הרצליה-בע_מ.pdf
1132,י. גראנאטאוויטש,קורסים,https://heteriske.com/wp-content/uploads/custom_uploads/2026/08/י.-גראנאטאוויטש.pdf
804,"י.ש. אזמרה יזמות בע""מ","נדל""ן",https://heteriske.com/wp-content/uploads/custom_uploads/2026/08/י.ש-אזמרה-יזמות-בע_מ.pdf
766,יהודה אנגל,לצפיה בהיתר עסקה,https://heteriske.com/wp-content/uploads/custom_uploads/2026/08/יהודה-אנגל-יועץ-מס.pdf
722,"יוד.פיי. יזמויות השקעות וייעוץ נדל""ן בע""מ","נדל""ן",https://heteriske.com/wp-content/uploads/custom_uploads/2026/08/יוד.פיי.-יזמויות-השקעות-וייעוץ-נדל_ן-בע_מ.pdf
1133,"ימות המשיח בע""מ",תקשורת,https://heteriske.com/wp-content/uploads/custom_uploads/2026/08/ימות-המשיח-בע_מ.pdf
2260,"ישיבה ופנימיה פאר ישראל ירושלים (ע""ר)",ישיבת גור,https://heteriske.com/wp-content/uploads/custom_uploads/2026/08/ישיבה-ופנימיה-פאר-ישראל-ירושלים-ע_ר.pdf
640,"ישיבת קמניץ ירושלים כנסת בית יצחק (ע""ר)",חינוך,https://heteriske.com/wp-content/uploads/custom_uploads/2026/08/ישיבת-קמניץ-ירושלים-כנסת-בית-יצחק-ע_ר.pdf
917,כשר אנרג'י,חשמל כשר לשבת,https://heteriske.com/wp-content/uploads/custom_uploads/2026/08/כשר-אנרגי.pdf
1172,לאה קורלנסקי,חוגים לילדים,https://heteriske.com/wp-content/uploads/custom_uploads/2026/08/קורלנסקי-לאה.pdf
644,"לאומי שירותי שוק ההון בע""מ",בנקים,https://heteriske.com/wp-content/uploads/custom_uploads/2026/08/לאומי-שירותי-שוק-ההון-בע_מ.pdf
2262,"לומדים היכל התורה והחסד המרכזי (ע""ר)",כולל גור,https://heteriske.com/wp-content/uploads/custom_uploads/2026/08/לומדים-היכל-התורה-והחסד-המרכזי-ע_ר.pdf
2114,מגה פונים,לצפיה בהיתר עסקה,https://drive.google.com/file/d/1cLlfRb2PL_0sjZpqW4eZmi2DhogTwMZB/view
830,מהודר,ספרים ויודאיקה,https://heteriske.com/wp-content/uploads/custom_uploads/2026/08/מהודר.pdf
727,"מוסדות ירוסלב (ע""ר)",חינוך,https://heteriske.com/wp-content/uploads/custom_uploads/2026/08/מוסדות-ירוסלב.pdf
2261,"מוסדות רצון השם בית שמש (ע""ר)",מוסד חינוך ורווחה,https://heteriske.com/wp-content/uploads/custom_uploads/2026/08/מוסדות-רצון-השם-בית-שמש-ע_ר.pdf
799,"מטעמי שולחן ערוך בע""מ",מסעדה,https://heteriske.com/wp-content/uploads/custom_uploads/2026/08/חברת-מטעמי-שולחן-ערוך-בע_מ-.pdf
833,מיה רימונים 770 בעמ,שירותים מקצועיים כלליים,https://heteriske.com/wp-content/uploads/custom_uploads/2026/08/מיה-רימונים-770-בע_מ.pdf
2255,"מים אדירים הנדסה בע""מ",תחזוקת תחנות ביוב,https://heteriske.com/wp-content/uploads/custom_uploads/2026/08/מים-אדירים-הנדסה-בע_מ.pdf
1510,מיקסר בית שמש,"מכירת מוצרי חשמל קטנים וגדולים, אלקטרוניקה וסלולר",https://heteriske.com/wp-content/uploads/custom_uploads/2026/08/מיקסר-בית-שמש.pdf
1511,מיקסר מוצרי חשמל,"מכירת מוצרי חשמל קטנים וגדולים, אלקטרוניקה וסלולר",https://heteriske.com/wp-content/uploads/custom_uploads/2026/08/מיקסר-מוצרי-חשמל.pdf
1985,מלול שניר יצחק,"נדל""ן",https://heteriske.com/wp-content/uploads/custom_uploads/2026/05/מלול-שניר-יצחק.pdf
1116,"מרכזיה בע""מ",טלפוניה,https://heteriske.com/wp-content/uploads/custom_uploads/2026/08/מרכזיה-בע_מ.pdf
755,משגב ציון ירושלים,חינוך,https://heteriske.com/wp-content/uploads/custom_uploads/2026/08/משכן-ציון-ירושלים-ע_ר-1.pdf
834,נאות הפסגה מדיקל 770בעמ,קופת חולים,https://heteriske.com/wp-content/uploads/custom_uploads/2026/08/נאות-הפסגה-מדיקל-770-בע_מ.pdf
2248,ניר גואטה גן האושר,עבודות חשמל,https://drive.google.com/file/d/1immegZ2RzwOGQT4x9zjGbGL7_P550KuW/view?usp=drive_link
1508,סימפל,סלולר,https://heteriske.com/wp-content/uploads/custom_uploads/2026/08/סימפל.pdf
800,"ספארק איי אל בע""מ",אשראי,https://heteriske.com/wp-content/uploads/custom_uploads/2026/08/חברת-ספארק-איי-אל-בע_מ-.pdf
2252,עוגן סוכנות לביטוח,סוכנות ביטוח,https://heteriske.com/wp-content/uploads/custom_uploads/2026/08/עוגן-סוכנות-לביטוח.pdf
801,"עוז תוכנה בע""מ",תוכנות,https://heteriske.com/wp-content/uploads/custom_uploads/2026/08/חברת-עוז-תוכנה-בע_מ-.pdf
815,"פייז מדיקל בע""מ-FIZE Medical Inc",סטרטאפ,https://heteriske.com/wp-content/uploads/custom_uploads/2026/08/פייז-מדיקל-בע_מ-FIZE-Medical-Inc-EIN-88-3838208.pdf
891,פרקש,שיקום לאשה וליולדת,https://heteriske.com/wp-content/uploads/custom_uploads/2026/08/פרקש-.pdf
2256,"קול יהודה תל ציון (ע""ר)","ביהכ""נ וכולל אברכים",https://heteriske.com/wp-content/uploads/custom_uploads/2026/08/קול-יהודה-תל-ציון-ע_ר.pdf
892,קל זכות,מימוש זכויות,https://heteriske.com/wp-content/uploads/custom_uploads/2026/08/קל-זכות.pdf
2253,קלקטה קרמיקס,קרמיקה וכלים סינטריים,https://heteriske.com/wp-content/uploads/custom_uploads/2026/08/קלקטה-קרמיקס.pdf
1129,"שותפות הבינלאומית לתמ""א הרצליה רעננה שותפות מוגבלת","נדל""ן",https://heteriske.com/wp-content/uploads/custom_uploads/2026/08/שותפות-הבינלאומית-לתמ_א-הרצליה-רעננה-שותפות-מוגבלת.pdf
2264,"שמחה סטל החזקות בע""מ","נדל""ן",https://heteriske.com/wp-content/uploads/custom_uploads/2026/08/שמחה-סטל-החזקות-בע_מ.pdf
1403,שמעון בורנשטיין,לצפיה בהיתר עסקה,https://heteriske.com/wp-content/uploads/custom_uploads/2026/08/בורנשטיין.pdf
2259,"תשואות חן בע""מ",יזמות ובנייה,https://heteriske.com/wp-content/uploads/custom_uploads/2026/08/תשואות-חן-בע_מ.pdf
