chp_number,harav_levin_name,category,biz_type
510057722,"""ת.מ.מ.-תעשיות מזון מטוסים (נמל תעופה בן גוריו)",מזון למטוסים,
511068108,"א - סופט בע""מ",,"חברה פרטית - בע""מ"
511224867,"א. א. סוכנויות גז בע""מ",גז,"חברה פרטית - בע""מ"
511759433,"א. אבאל חברה לבנין ופיתוח (1993) בע""מ","נדל""ן ובינוי",
,א. זלוצ'בסקי - זלוצ'בסקי אסתר יענטא,פאות,
520041096,"א. לוי השקעות ובנין בע""מ","נדל""ן ובינוי",
510701485,"א. צום מעליות בע""מ",מעליות,
,א.א. חומרי בניין - איזנברג אברהם מרדכי,חומרי בניין,
513993105,"א.ב. אנרגיה ונכסים בע""מ",,"חברה פרטית - בע""מ"
,א.ב. כיפות - זלמן יעקב דוד,כיפות,
513894543,"א.מ. סיטי קאר רכב שיתופי בע""מ",רכבים,"חברה פרטית - בע""מ"
520043860,"א.נ. שוהם ביזנס בע""מ",הלוואות,"חברה ציבורית - בע""מ"
515125425,"א.ק קבוצת הלה מלונות (2014) בע""מ","נדל""ן ובינוי","חברה פרטית - בע""מ"
514585595,"א.ש יגל השקעות והובלה בע""מ",,"חברה פרטית - בע""מ"
515833762,"א.ש. יגל יזמות ובניה בע""מ","נדל""ן ובינוי","חברה פרטית - בע""מ"
514175983,"א.ש.נ.מ נדלן נדלן בע""מ","נדל""ן ובינוי",
520038274,"אאורה השקעות בע""מ","נדל""ן ובינוי","חברה ציבורית - בע""מ"
512836206,"אאורה מחדשים את ישראל בע""מ","נדל""ן ובינוי","חברה פרטית - בע""מ"
514091685,"אב-גד החזקות בע""מ","נדל""ן ובינוי","חברה ציבורית - בע""מ"
510119068,"אבגול תעשיות 1953 בע""מ",תעשיה עץ נייר ודפוס,
515724706,"אבו פמילי מגורים בע""מ","נדל""ן ובינוי",
511301657,"אביב - ניהול הנדסה ומערכות מידע בע""מ",תוכנות,
514787027,"אביב ניהול קרנות (2012) בע""מ",השקעה ואחזקות,"חברה פרטית - בע""מ"
514419316,"אביסרור קשת הצלחה נדל""ן בע""מ","נדל""ן ובינוי",
516946803,"אביעד פיקדונות בע""מ",פיקדונות בבנקים,
514328244,"אבני דרך י.י. בע""מ","נדל""ן ובינוי",
515763464,"אבני דרך ישוב הארץ בע""מ","נדל""ן ובינוי",
520037383,"אברות תעשיות בע""מ",תעשיה מתכת ומוצרי בניה,
2352046,אג'לן קומרשייל ריט הולדינגס אינק,"נדל""ן ובינוי",
516041118,"אגד חברה לתחבורה בע""מ",תחבורה,
520035171,"אדגר השקעות ופיתוח בע""מ","נדל""ן ובינוי",
520043605,"אדמה פתרונות לחקלאות בע""מ",תעשיה כימיה גומי ופלסטיק,"חברה פרטית - בע""מ"
515416626,"אדר בעמקים בע""מ","נדל""ן ובינוי","חברה פרטית - בע""מ"
515608602,"אדר בעמקים נכסים בע""מ","נדל""ן ובינוי",
515501799,"אובליגו א.א.פ. אדוונס פייננס (2016) בע""מ",,
514115229,"אוטו קאש שרותי מימון בע""מ",מימון רכב,"חברה פרטית - בע""מ"
513795427,"אוטומקס מוטורס בע""מ",רכבים,
1841580,אול-יר הולדינגס,"נדל""ן ובינוי",
520038639,אונמי שילובים,"נדל""ן ובינוי",
514723493,אופטיק 55,אופטיקה,
,אופטיקה עילית,,
513830703,"אופל בלאנס (2006) בע""מ",פיננסים,
513734566,"אופל בלאנס השקעות בע""מ",פיננסים,
515502276,"אופן - פתרונות מתקדמים בע""מ",הלוואות,
514950880,"אופק קפיטל אשראי עסקי בע""מ",אשראי,
500200316,אופקים - עירייה,עירייה,
513129585,"אור החכמה בע""מ",,"חברה פרטית - בע""מ"
513944157,"אורו-יה החברה הישראלית לזהב וגולדפילד בע""מ",זהב,"חברה פרטית - בע""מ"
,אוריה,"נדל""ן ובינוי",
517199469,"אוריון נכסים מסחריים בע""מ","נדל""ן ובינוי","חברה ציבורית - בע""מ"
511068256,"אוריין ש.מ. בע""מ",שרותים,
520033846,"אורן השקעות (א.א.א.) בע""מ","נדל""ן ובינוי",
514181759,"אורעם השקעות ופיתוח (2008) בע""מ",אשראי,
513547224,"אורשי ג.ש. בע""מ",פיננסים,"חברה פרטית - בע""מ"
510973563,"אורתם סהר תשתיות ובניה בע""מ","נדל""ן ובינוי","חברה פרטית - בע""מ"
516090800,"אושר בכבוד בע""מ (חל""צ)",אשראי,"חברה פרטית - בע""מ"
520031089,"אזורים בנין (1965) בע""מ","נדל""ן ובינוי","חברה פרטית - בע""מ"
520025990,"אזורים חברה להשקעות בפתוח ובבנין בע""מ","נדל""ן ובינוי","חברה ציבורית - בע""מ"
,אזמין,הכנסת אורחים אומן,
,אחדות מניבים,,
515007441,"אחדות פתחיה בע""מ",,
520033150,אחוזת בית רעננה - דיור מוגן,דיור מוגן,
520022088,"אחזקת נכסי שרותי בריאות כללית בנאמנות בע""מ (חל""צ)",רפואה,
540168242,אחים אום,"נדל""ן ובינוי",
512162991,"אחים נאוי בע""מ",אין היום פעילות,
,אי - איי מחשבים,מחשבים,
512310509,"אי. אם. אי. - עזר חברה לביטוח משכנתאות בע""מ",ביטוח,
517071767,"אי. בי. אי פיקדונות בע""מ","הנפקות אג""ח",
515745875,"אי. בי. אי תבל בע""מ",השקעה ואחזקות,"חברה פרטית - בע""מ"
511089526,"אי. סי. פי. פיננסים בע""מ",פיננסים,
514481233,"אי.אס.איי אחזקות בע""מ",,"חברה פרטית - בע""מ"
513063180,"אי.אר.אן. ישראל בע""מ",שרותים פיננסים,
520034356,"אי.בי.אי בית השקעות בע""מ",השקעה ואחזקות,
516284908,"אי.בי.אי נאמנויות אי.אל. בע""מ",השקעה ואחזקות,
516267432,"אי.בי.אי ספייקס בע""מ",השקעה ואחזקות,
515396448,"אי.בי.אי קוואלטי קרדיט אחזקות בע""מ",השקעה ואחזקות,
515137693,"אי.בי.אי קוואלטי קרדיט בע""מ",השקעה ואחזקות,
515026656,"אי.בי.אי קפיטל בע""מ",השקעה ואחזקות,
516284684,"אי.בי.אי קפיטל ניהול הון בע""מ",השקעה ואחזקות,
515980530,"אי.בי.אי שותפויות נדל""ן בע""מ",השקעה ואחזקות,
510791031,"אי.בי.אי. ניהול קרנות נאמנות (1978) בע""מ",השקעה ואחזקות,"חברה פרטית - בע""מ"
510607914,"אי.בי.אי.- אמבן ניהול השקעות בע""מ",השקעה ואחזקות,
514640333,"אי.בי.ש.ד. ניהול נכסים בע""מ",,"חברה פרטית - בע""מ"
514573427,"אי.ג'י.אר.אי (ארה""ב) בע""מ",,
513764399,"אי.טי.ג'י.איי גרופ בע""מ",,"חברה ציבורית - בע""מ"
2185148,איה ניו יורק,,
515594372,"איזי בס בע""מ",הסעות,"חברה פרטית - בע""מ"
1957080,"איי איי סי1#,אל.טי.די",,
,איי טאץ - אלחנן הכרי,תקשורת,
,איי כשר,חנות,
,איי מוטורס תיווך רכב,רכב - ליסינג,
520039132,"איי.אי.אס החזקות בע""מ",השקעה ואחזקות,
514486042,"איי.די.איי. הנפקות (2010) בע""מ",ביטוח,
513910703,"איי.די.איי. חברה לביטוח בע""מ",ביטוח,"חברה ציבורית - בע""מ"
520027830,"איי.סי.אל גרופ בע""מ",כימיה גומי ופלסטיק,
514666577,"אייטרייד בע""מ",השקעה ואחזקות,"חברה פרטית - בע""מ"
520030677,איילון אחזקות,השקעה ואחזקות,"חברה ציבורית - בע""מ"
514732825,"איילון ביטוח הנפקות וגיוסי הון בע""מ","הנפקת אג""ח",
520042169,"איילון חברה לביטוח בע""מ",ביטוח,"חברה פרטית - בע""מ"
513525048,"איילון פתרונות פיננסים (2004) בע""מ",פיננסים,
517085874,"איילון קופות גמל  בע""מ",,
516618873,"אייץ בי אור השקעות ופיננסים בע""מ",נכיון צקים,
511659401,"איירפורט סיטי בע""מ","נדל""ן ובינוי",
,איכא מאושרים פלוס,,
513364190,"איכות ירוקה חברת ניהול בע""מ",פינוי פסולת בנין,
517015277,"אילון פקדונות בע""מ","הנפקות אג""ח","חברה פרטית - בע""מ"
513182345,"אינטר גרין בע""מ","נדל""ן ובינוי",
514314350,"אינטראקטיב ישראל שוקי הון בע""מ",השקעות,
515259232,"אינטראקטיב שרותי בורסה בע""מ",השקעות,"חברה פרטית - בע""מ"
513275123,"אינטרגז חברה לשיווק גז בע""מ",גז,"חברה פרטית - בע""מ"
514956465,אינטרגמל קופות גמל ופנסיה,ביטוח,
520044264,אינטרנט גולד - קווי זהב,תקשורת,
513344325,"אינטרנשיונל גרין - גז ישראל בע""מ",גז,"חברה פרטית - בע""מ"
512457490,"אינטרספייס בע""מ",אשראי,
512051699,"אינטרקיור בע""מ",ביומד,"חברה ציבורית - בע""מ"
520041773,אינפימר,טכנולוגיה,
513621110,"אינפיניטי השתלמות, גמל ופנסיה בע""מ",ביטוח,"חברה פרטית - בע""מ"
515023745,"אינפיניטי לאבס אר. אנד. די. בע""מ",תוכנות,
515001659,"אינרום תעשיות בנייה בע""מ","נדל""ן ובינוי",
520042763,איסתא ליינס חברת הנסיעות של הסטודנטים בישראל,נסיעות,"חברה ציבורית - בע""מ"
516154069,איסתרא פריפקט,הלוואות,
514359421,"אירו-פנים בע""מ",,"חברה פרטית - בע""מ"
520017146,"אל על נתיבי אויר לישראל בע""מ",טיסות,
520043035,"אלביט הדמיה בע""מ","נדל""ן ובינוי",
511103970,"אלבר א.פ. בע""מ",,
512642281,"אלבר ציי רכב (ר.צ.) בע""מ",רכב - ליסינג,"חברה פרטית - בע""מ"
515229839,"אלבר קרדיט בע""מ",הלוואות לרכב,
512025891,"אלבר שרותי מימונית בע""מ",מסחר ושרותים,
514095157,"אלדן י.א. - סוכנות לביטוח ימי (2008) בע""מ",,"חברה פרטית - בע""מ"
511391658,"אלדן מטעני אלפיים בע""מ",,
510454333,"אלדן תחבורה בע""מ",רכב - ליסינג,
515666881,"אלה פקדונות בע""מ",פיננסים,
520040015,"אלה ר. הנדסת בנין והשקעות בע""מ","נדל""ן ובינוי",
516214871,"אלומה קרן תשתיות (2020) בע""מ",השקעה ואחזקות,
512536608,"אלומות ניהול קרנות נאמנות בע""מ",ביטוח,"חברה פרטית - בע""מ"
520039868,"אלומיי קפיטל בע""מ",טכנולוגיה,"חברה ציבורית - בע""מ"
520042847,"אלון רבוע כחול ישראל בע""מ",השקעה ואחזקות,"חברה פרטית - בע""מ"
520038506,"אלוני-חץ נכסים והשקעות בע""מ","נדל""ן ובינוי","חברה ציבורית - בע""מ"
1963039,אלטיטיוד השקעות,"נדל""ן ובינוי",
511446551,"אלטשולר שחם בע""מ",ביטוח,
513173393,"אלטשולר שחם גמל ופנסיה בע""מ",ביטוח,
515092484,"אלטשולר שחם שירותי ניהול בע""מ",ביטוח,
,אלי ייבוא שיווק והפצה - פרזון אליהו יעקב (רהיטי פרזון),רהיטים,
520038738,"אליאנס חברה לצמיגים בע""מ",תעשיה,
515929990,"אליהו פלח ובניו נדל""ן בע""מ","נדל""ן ובינוי",
512989013,"אלמוג אילת ( מ.ד.ע.) 2000 בע""מ","נדל""ן ובינוי","חברה פרטית - בע""מ"
511109217,"אלמוג ב. ז. בניה והשקעות בע""מ","נדל""ן ובינוי","חברה פרטית - בע""מ"
513901082,"אלמוג ב.ז. ניהול ואחזקות בע""מ","נדל""ן ובינוי",
513988824,"אלמוגים החזקות בע""מ","נדל""ן ובינוי",
516119609,"אלעד ישראל מגורים החדשה בע""מ","נדל""ן ובינוי","חברה פרטית - בע""מ"
2624970,אלעד קנדה ריאלטי אינק.,"נדל""ן ובינוי",
520029133,"אלעזרא החזקות ביטוח בע""מ",השקעה ואחזקות,
520025370,"אלקו בע""מ",השקעה ואחזקות,
510617194,"אלקטרה בניה בע""מ","נדל""ן ובינוי",
520028911,"אלקטרה בע""מ",השקעה ואחזקות,"חברה ציבורית - בע""מ"
520039975,"אלקטרה מוצרי צריכה (1951) בע""מ",מסחר ושרותים,
520039967,"אלקטרה מוצרי צריכה (1970) בע""מ",מסחר ושרותים,"חברה ציבורית - בע""מ"
510607328,"אלקטרה נדל""ן בע""מ","נדל""ן ובינוי",
516077989,אלקטרה פאוור (2019),גז,
514403013,אלקטרה פאוור גז טבעי,גז,
510902638,אלקטרה פאוור סופרגז,גז,
516495892,אלקטרה פאוור סי.אייץ.פי.,חשמל,
520038894,"אלרוב נדל""ן ומלונאות בע""מ","נדל""ן ובינוי",
520028036,אלרון תעשיה אלקטרונית,ביומד,
520044421,"אם.אר.פי השקעות בע""מ",השקעה ואחזקות,"חברה פרטית - בע""מ"
1983001,אמ אר אר ת'ירטין,"נדל""ן ובינוי",
1981143,אמ. ג'י. ג'י (בי.וי.אי),אשראי,
1840550,אמ. די. ג'י. ריאל אסטייט גלובל,"נדל""ן ובינוי",
520026683,"אמות השקעות בע""מ","נדל""ן ובינוי",
2177996,אמטראסט אר.אי. לימיטד,"נדל""ן ובינוי",
510059744,אמישראגז,גז,
510000813,"אמפא בע""מ","נדל""ן ובינוי","חברה ציבורית - בע""מ"
516286432,"אמפא יובלים דיור להשכרה בע""מ","נדל""ן ובינוי","חברה פרטית - בע""מ"
2160207,אמריקן אקוויטי פרטנרס,"נדל""ן ובינוי",
513910521,"אנ""ש - נהול מכירות והשקעות בע""מ",השקעה ואחזקות,"חברה פרטית - בע""מ"
520043241,אנגל ג'נרל דיבלופרס,"נדל""ן ובינוי",
511614695,"אנגל השקעות וייזום פרויקטים בע""מ","נדל""ן ובינוי",
512563982,"אנגל לינקולין בע""מ","נדל""ן ובינוי",
511453888,אנגל נתיבים,"נדל""ן ובינוי",
512771106,אנגל פארקי מדע (99),"נדל""ן ובינוי",
511880460,"אנליסט קופות גמל בע""מ",ביטוח,"חברה פרטית - בע""מ"
2059088,אנקור הזדמנויות,"נדל""ן ובינוי",
1939883,אנקור פרופרטיס,"נדל""ן ובינוי",
513901371,"אנרג'יקס - אנרגיות מתחדשות בע""מ",חשמל,
515790855,"אנשי העיר מקבוצת רוטשטיין בע""מ","נדל""ן ובינוי",
,אס טק,,
511978512,"אס.אי. ברבי יהלומים בע""מ",יהלומים,
520038670,"אס.אר. אקורד בע""מ",אשראי,
481243848,אס.סי.איי איבן,,
511775090,"אסום - חברה קבלנית לבנין בע""מ","נדל""ן ובינוי",
514525591,"אסותא אשדוד בע""מ",רפואה,
511974743,"אסותא באר שבע בע""מ",רפואה,
512013996,"אסותא טכנולוגיות מתקדמות בע""מ",רפואה,
511043457,"אסותא מרכזים רפואיים בע""מ",רפואה,
511397101,"אסותא ראשון בע""מ",רפואה,
580065159,"אסנט - היבטים פנימיים של סגנון החיים היהודי (ע""ר) ASCENT - INNER DIMENSIONS OF",פעילות לקירוב רחוקים,
520037540,"אספן גרופ בע""מ","נדל""ן ובינוי",
,"אפי קפיטל נדל""ן (ע""ש אפי קפיטל אחזקות) - משכנות בראל","נדל""ן ובינוי",
513948216,"אפי קפיטל נדל""ן בע""מ","נדל""ן ובינוי",
513845750,"אפיקי סמדר בע""מ",,
514172279,"אפיקים חדשים (חושן) בע""מ",,
520033473,"אפקון החזקות בע""מ",תעשיה,
,אפקטיב,,
514639525,"אפריקה התחדשות עירונית בע""מ","נדל""ן ובינוי",
520005067,"אפריקה ישראל להשקעות בע""מ","נדל""ן ובינוי",
520034760,"אפריקה ישראל מגורים בע""מ","נדל""ן ובינוי",
520030859,"אקויטל בע""מ",השקעה ואחזקות,
516339777,"אקונרג'י אנרגיה מתחדשת בע""מ",אנרגיה,
1811308,אקסטל לימיטד,"נדל""ן ובינוי",
515968238,"אקסטנד רובוטיקס בע""מ","נדל""ן ובינוי",
520031345,"אקסל סולושנס גרופ בע""מ",,
513888214,"אקסלנס מזרחי לשעבר בע""מ",,
513086298,"אקסלנס נשואה מוצרים פיננסיים בע""מ",פיננסים,
520037730,"אקסלנס נשואה ניהול השקעות בע""מ",פיננסים,
510938277,"אקסלנס נשואה ניהול קרנות נאמנות בע""מ",פיננסים,
511974834,אקסלנס נשואה שירותי בורסה,פיננסים,
513533430,"אקספון 018 בע""מ",תקשורת,
513530600,"אקספרט פיננסים בע""מ",,
515385185,"אר.טי.אמ.אי מערכות מידע בע""מ",אשראי,
513400739,"ארדים בע""מ","נדל""ן ובינוי",
513233569,"ארזי הנגב ייזום ובניה בע""מ","נדל""ן ובינוי",
520034281,"ארזים השקעות בע""מ","נדל""ן ובינוי",
134106595,ארחות תורה ארצות הברית,ישיבה,
520038332,"ארי נדל""ן ( ארנה) השקעות בע""מ","נדל""ן ובינוי",
,אריזות שוהם,חנות,
520037367,"ארקו החזקות בע""מ",אנרגיה,
510609761,אשדר חברה לבניה,"נדל""ן ובינוי",
513907436,"אשוש חצב בע""מ",כלים חד פעמיים,
512156845,"אשטרום הנדסה ובניה בע""מ","נדל""ן ובינוי",
520036617,"אשטרום נכסים בע""מ","נדל""ן ובינוי",
516179264,"אשכול השקעות ומימון בע""מ",הלוואות,
512061185,"אשל הירדן יזום ובנין בע""מ","נדל""ן ובינוי",
513771444,אשרנו+A374,חנות ספרים,
540286929,אתרוגי יסודות,אתרוגים,
512623950,"ב. גאון אחזקות בע""מ",תעשיה מתכת ומוצרי בניה,
520038621,"ב. ס. ר. פרוייקטים בע""מ","נדל""ן ובינוי","חברה פרטית - בע""מ"
515435998,"ב.י.ת. סיגמא אחזקות קידום תכנון וניהול פרויקטים בנדל""ן בע""מ","נדל""ן ובינוי",
511327017,ב.יאיר חברה קבלנית לעבודות בניה 1988,"נדל""ן ובינוי",
514151117,"באבקום סנטרס בע""מ",תוכנות,
580440139,"באר יצחק קרית יערים (ע""ר)",רשת כוללים,
,באר שבע,עירייה,
520038555,"בוימלגרין קפיטל בע""מ",השקעה ואחזקות,
516194644,"בוכמן פיננסים בע""מ",הלוואות,
520040304,"בוני התיכון הנדסה אזרחית ותשתיות בע""מ","נדל""ן ובינוי",
512173238,"בוני ערי דן בע""מ","נדל""ן ובינוי",
748930,בורנשטיין קייטררס אינק. (רשומה בדלוואר),מזון למטוסים,
516942380,"בזק -ג'ן בע""מ",חשמל,
520031931,"בזק החברה הישראלית לתקשורת בע""מ",תקשורת,
515041218,"בי.טי.בי. מקשרים הלוואות בישראל בע""מ",הלוואות,
515915973,"ביאקטיב מובילים שינוי בע""מ",מימון תביעות רפואיות,
513623314,"ביג מרכזי קניות בע""מ","נדל""ן ובינוי",
513233585,"ביהמד דאראג בע""מ (חל""צ)",בית מדרש,
,ביוטי בית (רבני אושרית),חנות,
513680793,"ביולייט מדעי החיים בע""מ",ביומד,"חברה ציבורית - בע""מ"
515645810,"ביזלנד בע""מ",הלוואות,
520044439,"ביטוח ישיר - השקעות פיננסיות בע""מ",השקעה ואחזקות,
,ביטוח לאומי,,
,בייבי וורלד,חנות,
,בייבי פיקס,חנות מוצרי תינוקות,
,בייבי שיא - סלונים חנה אסתר,מסחר ושרותים,
,בין השורות - כהן-טוויל רחל,קורסים,
520040320,"בירמן עצים ופירזול בע""מ",תעשיה,
512084047,בית אנגל ניהול ואחזקה,"נדל""ן ובינוי",
511564510,"בית בלב בע""מ",רפואה,
520034562,"בית הזהב בע""מ","נדל""ן ובינוי",
,בית החשמל,מוצרי חשמל,
516501640,"בית וגג יזמות ונדל""ן בע""מ","נדל""ן ובינוי",
513775163,"בית זיקוק אשדוד בע""מ",גז,
580250215,"בית יעקב - דרכי רחל (ע""ר)",סמינר,
580107613,"בית מדרש עליון בני ברק - ע""י קונגרגיישן מתיבתא מיסודו של הגאון רבי ראובן גרוזובס",,
500226105,בית שמש - עירייה,עירייה,
500237805,ביתר עילית - עירייה,עירייה,
513053611,"בלו סקאי 2000 השכרת רכב בע""מ",השכרת רכב,
515338903,"בלנדר פי2פי ישראל בע""מ",הלוואות,
,במבוק-דרומס,מכירת מתנות,
510533417,"במברגר - רוזנהיים בע""מ",,
500261003,בני ברק - עירייה,עירייה,
,בני הישיבות (הומינער בריינדל),קיוסק,
,בני כהן (רופא שיניים),מרפאת שיניים,
520007030,"בנק דיסקונט לישראל בע""מ",בנקים,
520019753,בנק דקסיה ישראל,בנקים,
520000118,"בנק הפועלים בע""מ",בנקים,
520020421,"בנק יהב לעובדי המדינה בע""מ",בנקים,"חברה פרטית - בע""מ"
520025636,"בנק ירושלים בע""מ",בנקים,
,בנק ישראל,בנקים,
520000522,"בנק מזרחי טפחות בע""מ",בנקים,
510762263,"בנק מסד בע""מ",בנקים,
520029281,"בנק מרכנתיל דיסקונט בע""מ",בנקים,
516405040,"בנקום פרויקטים בע""מ","נדל""ן ובינוי",
,בסט פון,תקשורת,
,בעין טובה - ברוך שמעון הרווה,אופטיקה,
515206159,"בר גל מעצבי על (2015) בע""מ",רהיטים,
515601813,"בראשית סולאר בע""מ",מערכות סולאריות,
,ברבר רבקה - פאות,פאות,
560024184,ברגרואין רזידנטיאל לימיטד,,
1814237,ברוקלנד אפריל,"נדל""ן ובינוי",
513448969,"בריטיש - ישראל השקעות בע""מ","נדל""ן ובינוי",
511786378,"ברימאג דיגיטל אייג' בע""מ",מסחר ושרותים,
,ברכת ישראל - שוורץ חוה,צרכניה,
513579482,"ברם תעשיות בע""מ",תעשיה כימיה גומי ופלסטיק,
520040346,ברנד תעשיות,תעשיה מתכת ומוצרי בניה,
,ברנדווין הלבשה - גיטל ברנדווין,הלבשה,
514964642,"בש-יונה קוממיות בע""מ",עיבוד עורות,
,בשעה טובה - אברמוביץ דוד,שעונים,
520036658,"בתי זקוק לנפט בע""מ",אנרגיה,
511449878,"ג'ון ברייס הדרכה בע""מ",תוכנות,
514941285,ג'וניור (נ.ב) מוצרי תינוקות,מסחר ושרותים,"חברה פרטית - בע""מ"
,ג'וניור - טורם משה,מוצרי תינוקות,
515763894,"ג'י טי נדל""ן בע""מ","נדל""ן ובינוי",
516816451,"ג'י.אס.אי פקדונות בע""מ",שרותים פיננסים,
514403120,"ג'י.אף.סי גרין פילדס קפיטל בע""מ",השקעה ואחזקות,
1852623,ג'י.אפ.איי ריאל אסטייט,"נדל""ן ובינוי",
550266316,ג'נסיס הזדמנויות,"נדל""ן ובינוי",
514993179,"ג'נסיס ספרד ישראל השקעות ויזמות נדל""ן בע""מ","נדל""ן ובינוי",
515846558,"ג'נריישן קפיטל בע""מ",השקעה ואחזקות,
512273939,"ג. יגל נכסים בע""מ",,
515684389,"ג.ג. גן הגנים בע""מ",גנים,
520032178,"גבאי מניבים ופיתוח בע""מ","נדל""ן ובינוי",
500237300,גבעת זאב - מועצה מקומית,מועצה מקומית,
520041419,"גדות תעשיות ביוכימיה בע""מ",תעשיה,
,גדעון קוהן - ניהול ויעוץ פינסי כהלכה,פיננסים,
,גודמנס,,
,גוט קרמיק - גוטמן,קרמיקה,
510681414,"גוינט ישראל (חל""צ)",הלוואות,
514538040,"גולן טלקום בע""מ",תקשורת,
513228908,"גז יגל 2002 חברה להפצת גז בע""מ",גז,
512407446,"גז יגל חברה לשיווק והפצת גז (1996) בע""מ",גז,
514225077,"גז מרכז ג.י בע""מ",גז,
511470007,"גזגל בע""מ",גז,
510514102,"גזטיב החברה להפצת גז טבעי בע""מ",גז,
520023094,"גילעד גימלאות לעובדים דתיים בע""מ",ביטוח,
511784498,"גילת טלקום בע""מ",תקשורת,
520041674,"גילת טלקום גלובל בע""מ",תקשורת,
520044520,"גירון - פתוח ובניה בע""מ","נדל""ן ובינוי",
513519843,"גלאט צ'יינג' בע""מ",צ'יינג',
513342444,"גלובל כנפיים ליסינג בע""מ",רכב - ליסינג,
514943885,"גלובל נט ישראל ג'י.אנ.איי בע""מ",,
513634394,"גלובל פקטורינג בע""מ",,
515742930,"גלעד פקדונות בע""מ",הפקדות בבנקים,
,גלריית יפה נוף,חנות,
,גלרנטר תקשורת,תקשורת,
580403533,"גמ""ח המרכזי","גמ""ח",
,"גמ""ח חסדי שאול","גמ""ח",
512711789,"גמא ניהול וסליקה בע""מ",אשראי,
580043081,"גמילות חסדים הכללי דחסידי בעלזא (אחיעזר ואחיסמך) שע""י קהל מחזיקי הדת באר""י (ע""ר)","גמ""ח",
512416991,"גניגר מפעלי פלסטיקה בע""מ",תעשיה,"חברה ציבורית - בע""מ"
510041692,"גסטטנרטק בע""מ",תוכנות,
512781386,"גפן מגורים והתחדשות בע""מ","נדל""ן ובינוי",
514636091,"גרין ארק בע""מ",אשראי,
515198984,"גרינבאום זוהר יזמות בע""מ","נדל""ן ובינוי",
512769522,"גרליץ איכות בע""מ",מפעל מזון,
516414968,"גשם בנגב בע""מ","נדל""ן ובינוי",
515541415,"גשם למשתכן בע""מ","נדל""ן ובינוי",
,"ד""ר דניאל שפירו",מרפאת שיניים,
511607103,"ד. דניאל חברה לבנין בע""מ",,
515367803,"דבליפ בע""מ",תוכנות,
1744984,דה זראסאי גרופ,"נדל""ן ובינוי",
1427976,דה לסר גרופ,"נדל""ן ובינוי",
511543886,"דונה חברה להנדסה ובנין בע""מ","נדל""ן ובינוי",
515117554,"דונה לינן בע""מ",מצעים ומגבות,
520043878,"דור-אלון אנרגיה בישראל (1988) בע""מ/",אנרגיה,
520043563,"דור-אלון טכנולוגיות גז בע""מ",גז,
513326439,"דוראד אנרגיה בע""מ",חשמל,
512293200,"דורגז החדשה בע""מ",גז,
512112806,"דורסל (ב.א.ז.) בע""מ","נדל""ן ובינוי",
516597549,"דורסל החזקות בע""מ","נדל""ן ובינוי",
514978097,דיויד לנדמרק יזמות על שם אופק שלי יזמות,"נדל""ן ובינוי",
510169139,דיינרס קלוב ישראל בע'מ,כרטיסי אשראי,
515495463,"דיירקט בניפיט בע""מ",אשראי,
,דלור - רוזנטלר יעקב מאיר,קייטרינג,
516378643,"דלק ישראל נכסים (ד.פ.) בע""מ","נדל""ן ובינוי",
513343285,"דלק פטרוליום בע""מ",השקעה ואחזקות,
550013098,דלק קידוחים,חיפושי נפט וגז,
514837111,דלק תמלוגים (2012),חיפושי נפט וגז,
520018946,"דלק"" חברת הדלק הישראלית בע""מ",מסחר ושרותים,
1888119,דלשה קפיטל,"נדל""ן ובינוי",
520037565,"דנאל אדיר יהושע בע""מ",סיעוד,
511945099,"דנה הנדסה בע""מ",תוכנות,
513262683,"דניאל פז השקעות בע""מ","נדל""ן ובינוי",
517122495,"דניאל פקדונות בע""מ","הנפקות אג""ח",
512569237,"דניה סיבוס בע""מ","נדל""ן ובינוי",
520030503,"דקלה סוכנות לביטוח בע""מ",ביטוח,
513704304,דקסיה ישראל הנפקות,"הנפקת אג""ח",
520038902,"דרבן השקעות בע""מ","נדל""ן ובינוי",
512475203,"דרך ארץ הייווייז (1997) בע""מ",גביית אגרה מכבישים,
515455137,דרך האשראי,הלוואות לרכב,
513769471,"דרך צדיקים הדרך לגאולה בע""מ",,
580140143,"דרכי שמחה (ע""ר)",ספרים,
,ה.מ. פתרונות הדפסה,מוצרי דפוס,
580715381,"הארות (ע""ר)",,
513141879,"הבינלאומי הראשון הנפקות בע""מ","הנפקת אג""ח",
,הבית שלי אריה פישר,,
520029083,"הבנק הבינלאומי הראשון לישראל בע""מ",בנקים,
516342086,"הברוש צמיחה לעסקים בע""מ",קייטרינג,
,הגפן,תשמישי קדושה,
513949404,"הדס ארזים בע""מ",,
510429103,"הדר הפודים בע""מ",קייטרינג,
520040072,"הוט - מערכות תקשורת בע""מ",תקשורת,
550215255,הוט טלקום,תקשורת,
512615964,"הוט מובייל בע""מ",תקשורת,
512129701,"הוט נט שירותי אינטרנט בע""מ",תקשורת,
511394215,"החברה הכלכלית לראש-העין בע""מ",עירייה,
520030990,"החברה המנהלת של מינהל קרן ההשתלמות לפקידים עובדי המינהל והשירותים בע""מ",קרן השתלמות,
520031824,"החברה המנהלת של רום קרן ההשתלמות לעובדי הרשויות המקומיות בע""מ",קרן השתלמות,
516216413,"החברה לאשראי נקוב יהלומים בע""מ",אשראי,
520028010,"החברה לישראל בע""מ",השקעה ואחזקות,
520028556,"החברה לניהול קרן ההשתלמות להנדסאים וטכנאים בע""מ",קופות גמל,
,הטעם שבעיצוב,חנות,
580464394,"היא תתהלל (ע""ר)",סמינר,
515164143,"הילה מגדלי משרדים בע""מ","נדל""ן ובינוי",
,הכל לשולחן,חנות,
520042177,"הכשרה חברה לביטוח בע""מ",ביטוח,
,הלבשה אישית I.V -לוין יחיאל ברוך,ביגוד,
512904293,"הלה מבני תעשיה בע""מ","נדל""ן ובינוי",
,הלוואה ברגע,מימון,
517014882,"הלל פקדונות בע""מ","הנפקות אג""ח",
511474629,הלמן - אלדובי בית השקעות,השקעה ואחזקות,
512227265,"הלמן - אלדובי קופות גמל ופנסיה בע""מ",פנסיה וגמל,
513657015,"המי""ל-המרכז הישראלי לניהול בע""מ",תוכנות,
516007978,"המצפן - שותפים לדרך בע""מ",הלוואות,
511702482,"המרכז למחקר רפואי ע""ש פלזנסטיין",רפואה,
513389270,המשביר 365 החזקות,מסחר ושרותים,
520042607,"הנדסאים וטכנאים - חברה לניהול קופות גמל בע""מ",קופות גמל,
515672434,"העיקר הבריאות (2017) בע""מ",רפואה,
,הפאה של צילי - לנדמן צילה בתיה,פאות,
513026484,הפניקס אקסלנס פנסיה וגמל,ביטוח,
520041989,"הפניקס בית השקעות בע""מ",פיננסים,
514290345,"הפניקס גיוסי הון (2009) בע""מ","הנפקת אג""ח",
510855927,"הפניקס השקעות ופיננסים בע""מ",פיננסים,
520023185,"הפניקס חברה לביטוח בע""מ",ביטוח,
520041369,"הפניקס סוכנויות ביטוח 1989 בע""מ",ביטוח,
520017450,"הפניקס פיננסים בע""מ",ביטוח,
511751513,"הפניקס פנסיה בע""מ",קרנות פנסיה,
,הפצת ספרי קודש,ספרים,
513834200,"הראל ביטוח מימון והנפקות בע""מ","הנפקת אג""ח",
520033986,"הראל השקעות בביטוח ושירותים פיננסים בע""מ",השקעה ואחזקות,
520004078,"הראל חברה לביטוח בע""מ",ביטוח,
514029156,"הראל סל מטבעות בע""מ",פיננסים,
510750573,"הראל פיננסים אחזקות בע""מ",,
515989440,"הראל פיקדון סחיר בע""מ","הנפקת אג""ח",
512267592,"הראל פנסיה וגמל בע""מ",ביטוח,
511776783,"הראל קרנות נאמנות בע""מ",קרן סל כשרה,
516561875,"הראל ריביות ופיקדונות בע""מ","הנפקות אג""ח",
,הרב אברהם טולידאנו - סופר ומלמד סופרים,סופר,
1957081,הרץ פרופרטיס גרופ,"נדל""ן ובינוי",
513609867,"הרצליה מדיקל סנטר בע""מ",רפואה,
,השקמה,חנות,
516277324,"השקעות בתובעים בע""מ",מימון תביעות רפואיות,
513802231,"וגשל במעוף (2006) בע""מ",מלונאות,
1938333,וו.סי.ג'י נכסים,"נדל""ן ובינוי",
,וואי קאר,השכרת רכב,
520033804,"וואליו קפיטל וואן בע""מ",הלוואות,
1938699,ווטרסטון פרופרטיס,"נדל""ן ובינוי",
520038688,"וויי - בוקס נדל""ן בע""מ","נדל""ן ובינוי",
515559169,"ווישור גלובלטק בע""מ",ביטוח,
515764868,"ווישור חברה לביטוח בע""מ",ביטוח,
520036518,"וולקן תעשיות רכב בע""מ",תעשיה,
515073518,"וולת'סטון נדל""ן בע""מ",,
1866231,וורטון פרופרטיז (בי.וי.איי),"נדל""ן ובינוי",
515005502,וי-פיננסי טכנולגיות,הלוואות,
520038910,"וילאר אינטרנשיונל בע""מ","נדל""ן ובינוי",
514068980,"ויקטורי רשת סופרמרקטים בע""מ",מסחר ושרותים,
512096793,"ויתניה בע""מ","נדל""ן ובינוי",
,"ועד העובדים שע""י המרכז הרפואי שערי צדק",הלוואות,
513895052,"זינגר - המרכז לבית מודיעין עילית בע""מ",מסחר ושרותים,
514477884,"זינגר מרכז הבניה בע""מ",מסחר ושרותים,
580325314,"זכרון צבי - לקידום החינוך החרדי לבנות (ע""ר)",סמינר,
516529989,"ח. אברמוביץ חשמל בעיר בע""מ",חנות חשמל,
520025438,"חברה לנכסים ולבנין בע""מ","נדל""ן ובינוי",
513800367,חברת בנק הדואר,בנקים,
520001736,"חברת גב-ים לקרקעות בע""מ","נדל""ן ובינוי",
512291295,"חברת הגיחון בע""מ",מים,
510960586,"חברת הגמל לעובדי האוניברסיטה העברית בע""מ",קופת גמל,
520000472,"חברת החשמל לישראל בע""מ",חשמל,
520023896,"חברת השקעות דיסקונט בע""מ",השקעה ואחזקות,
520044314,"חברת פרטנר תקשורת בע""מ",תקשורת,
515682292,"חג'ג' אירופה דיוולופמנט צ.ש. בע""מ","נדל""ן ובינוי",
500265004,חדרה,עיריה,
,חולון,עיריה,
,חום נעים צפת,מכירת תנורים,
520041930,חיון מחשבים,מסחר ושרותים,
,חיון קטיה,חנות,
,חיים שניוק,חנות תשמישי קדושה,
500240007,חיפה,עירייה,
,חלומות מתוקים,מצעים ומגבות,
511396046,"חלל-תקשורת בע""מ",תקשורת,
512398017,"חממה מאיר סחר (1996) בע""מ",מסחר ושרותים,
,חנה אייזנשטיין,ציורים,
,חני קניג - פאות,פאות,
580073146,"חסדי נעמי (ע""ר)",אולמות ופעילות חסד,
520040817,"חסון פ.ע. בע""מ",מסחר ושרותים,
510134455,"חשבונות ומסים בע""מ",מסים,
514760073,"ט.א ביודנט מרפאת שיניים בע""מ",מרפאת שיניים,
520041997,"טאואר סמיקונדקטור בע""מ",טכנולוגיה,
511477069,"טאקט מחשבים ומערכות בע""מ",תוכנות,
520013954,"טבע תעשיות פרמצבטיות בע""מ",תרופות,"חברה ציבורית - בע""מ"
580196780,"טהרת ישראל - מקוה חצור הגלילית (ע""ר)",מקוה,
513410720,"טו בי סקיור בע""מ",תוכנות,
513793331,"טו קאר השכרת רכב בע""מ",השכרת רכב,
,טוויק מחשבים,מסחר ושרותים,
,טוליפ - גוטסמן לאה מלכה,חנות,
512836065,"טופספין מדיקאל (ישראל) בע""מ",,"חברה פרטית - בע""מ"
514364165,"טורעאן קליטה ומיחזור בע""מ",פינוי פסולת בנין,
515219731,"טי.ג'י.אל קולמקס שוקי הון בע""מ",השקעה ואחזקות,
516043619,"טי.סי.אי מצדה בע""מ","נדל""ן ובינוי",
516179215,"טי.סי.איי ציון בע""מ","נדל""ן ובינוי",
513810879,"טיפ ייעוץ ויזום בהשקעות בע""מ",,"חברה פרטית - בע""מ"
514582485,"טירת הכרמל טריידינג בע""מ",,
510949431,"טלקאר מוטורס בע""מ",רכב - ליסינג,
513682625,"טמפו משקאות בע""מ",מזון,
520032848,"טמפו תעשיות בירה בע""מ",מזון,
511540809,"טן - חברה לדלק בע""מ",אנרגיה,
512998840,"טנגרם סופט בע""מ",תוכנות,
512420662,"טננבוים רוקחות נהול ושווק בע""מ",בית מרקחת,
516428604,"טקטונה פיי בע""מ",מטבע דיגיטלי,
515606580,"טקטונה פרודקט בע""מ",מטבע דיגיטלי,
516401510,"טקטונה קאסטודי בע""מ",מטבע דיגיטלי,
515989689,"טקטופ שיווק בע""מ",תוכנות,
513594135,"טראס השקעות בע""מ","נדל""ן ובינוי",
515024131,"טריא פי2פי בע""מ",הלוואות,
515927416,טריא פינטק,הלוואות,
515982034,טריא קהילה פיננסית,הלוואות,
1853213,טריטופ ריאלטי,"נדל""ן ובינוי",
513882837,"טרנזילה בע""מ",אשראי,
511999393,"י.ד. בנגב בניה ופתוח בע""מ","נדל""ן ובינוי",
513834606,"י.ד. מור השקעות בע""מ",ביטוח,
520033226,"י.ו.א.ל. ירושלים אויל אקספלוריישין בע""מ",השקעה ואחזקות,
511399388,"י.ח. דמרי בניה ופיתוח בע""מ","נדל""ן ובינוי",
515125862,"י.ע.ז יזמות ובניה והתחדשות עירונית בע""מ",,
515997419,"יגל יוסף מעגלים אנרגיה בע""מ",,
,יד שמשון,"גמ""ח",
515627115,"יהלום ב.כ. בע""מ","נדל""ן ובינוי",
1940909,יו.איי.אר.סי-ג'י.אס.איי (בי.וי.איי),"נדל""ן ובינוי",
520039249,"יו.טי.אס - יוניברסל פתרונות תחבורה בע""מ",רכב - ליסינג,
,יובלים (משולם אייל),חנות,
515517092,"יובלים ב.א. פינוי בינוי נתניה בע""מ","נדל""ן ובינוי",
516182128,"יוזמות - פיתוח נדל""ן בע""מ","נדל""ן ובינוי",
511809071,"יוניברסל מוטורס ישראל בע""מ",מסחר ושרותים,
515712347,"יוניברסל פתרונות מימון בע""מ",הלוואות לרכב,
513360131,"יוניהד ביופארק בע""מ","נדל""ן ובינוי",
520044199,"יוניטרוניקס (1989) (ר""ג) בע""מ",טכנולוגיה,
510468184,"יונקס בע""מ",טיהור מים,
520041948,"יונת קרדיט שירותים פיננסיים בע""מ",אשראי,
,יוסי מעליות,מעליות,
580708519,"יוצאי פוניבז' קרית ספר (ע""ר)",בית הכנסת,
513817171,"יורו - גלוב בע""מ","נדל""ן ובינוי","חברה פרטית - בע""מ"
517067138,"יותם פקדונות בע""מ","הנפקות אג""ח",
,ייבוא ושיווק חשמל - מאיר רביבו,חנות חשמל וחד פעמי,
520025156,"יצוא חברה להשקעות בע""מ",השקעה ואחזקות,
512682659,"יציל פיננסים בע""מ",ניכיון,
500208319,ירוחם - מועצה מקומית,מועצה מקומית,
500230008,ירושלים - עירייה,עירייה,
513682146,"ירושלים מימון והנפקות (2005) בע""מ","הנפקת אג""ח",
580327310,"ישיבת ארחות תורה (ע""ר)",ישיבה,
516291754,"ישפרו בע""מ","נדל""ן ובינוי",
520029208,"ישפרו חברה ישראלית להשכרת מבנים בע""מ","נדל""ן ובינוי",
513492801,"ישראגז (אופק) בע""מ",גז,
510291750,"ישראייר גרופ בע""מ",טיסות,
511483133,"ישראייר תעופה ותיירות בע""מ",טיסות,
512053513,"ישראכרט (נכסים) 1994 בע""מ",,
510706153,"ישראכרט בע""מ",כרטיסי אשראי,
513497628,"ישראכרט מימון בע""מ",אשראי,
,ישראכרט סוכנות לביטוח (2020),,
520039298,"ישראל-קנדה (ט.ר) בע""מ","נדל""ן ובינוי",
520033382,"ישראלום נכסים בע""מ","נדל""ן ובינוי","חברה פרטית - בע""מ"
550010003,ישראמקו-נגב 2,חיפושי נפט וגז,
520042482,"ישרוטל בע""מ",מלונאות,
520017807,"ישרס - חברה להשקעות בע""מ","נדל""ן ובינוי",
,כהן אהרן אריאל,חנות סלולר,
514834613,"כהן פליקס אחזקות ו-א.ש.נ.מ נדלן נדלן בע""מ","נדל""ן ובינוי",
515477792,כהן שי - חברה לשירותים משפטיים,עורך דין,
580364131,כהנא,סמינר,
515556140,"כזית מהדרין בע""מ",,
,כידון - איינפלד חיים דן,אופניים,
,כל בו גרין פארק - דויטש חוה,כל בו,
,כל בו חשמל - סיטונאי לחומרי חשמל ותאורה,חנות,
520017070,"כלכלית ירושלים בע""מ","נדל""ן ובינוי",
520036120,"כלל החזקות עסקי ביטוח בע""מ",,
520024647,"כלל חברה לביטוח בע""מ",ביטוח,
511382343,"כלל פיננסים בע""מ",פיננסים,
512244146,"כלל פנסיה וגמל בע""מ",ביטוח,
520021874,"כלל תעשיות בע""מ",השקעה ואחזקות,
513754069,כללביט מימון,"הנפקת אג""ח",
511941213,"כללית - הנדסה רפואית בע""מ",רפואה,
511589426,"כלמוביל ביטוח סוכנות לביטוח בע""מ",רכב - ליסינג,
510242670,כלמוביל בע'מ,רכב - ליסינג,
513211078,"כלמוביל טרייד-אין בע""מ",רכב - ליסינג,
512869777,"כלמוביל פתרונות מימון בע""מ",רכב - ליסינג,
512899097,"כלמוביל פתרונות מימון לרכב בע""מ",רכב - ליסינג,
520040700,"כנפיים אחזקות בע""מ",שרותים,
513523670,"כספונט בע""מ",משיכת כספים,
510827678,"כרטיסי אשראי לישראל בע""מ",כרטיסי אשראי,
,כרמיאל,עירייה,
513956789,"כרמים שוקי הון בע""מ",,
512646134,"כרמל - רקיקי מצות בע""מ",מזון,
511316903,"כרמל אולפינים בע""מ",תעשיה כימיה גומי ופלסטיק,"חברה פרטית - בע""מ"
520043191,"כרמל אחזקות (אי.אל) בע""מ",מסחר ושרותים,
516211232,"כרמל פיננסים בע""מ",הלוואות,
516191269,"כרמל קרדיט בע""מ",הלוואות,
510063308,"כתית בע""מ",טיסות,
,כתר תפילין - גליק טובה גיטל,תפילין,
,לאומית שירותי בריאות,רפואה,
514304336,"לב אנאטל בע""מ",תקשורת,
514473537,"לד אביבים בע""מ",הלוואות,"חברה פרטית - בע""מ"
520034257,"להב אל. אר. רילאסטייט בע""מ","נדל""ן ובינוי",
516242088,"לובינסקי מימון בע""מ",הלוואות לרכב,
500270004,לוד - עירייה,עירייה,
520043381,"לודן חברה להנדסה בע""מ",שרותים,
,לוין קרמיקה,חנות,
520036005,"לוינסקי - עופר בע""מ","נדל""ן ובינוי",
516505807,"לומינה הנדסה פיננסית בע""מ",השקעה בבנקים,
,לי לה לו,חנות נעליים,
516586047,"ליאם הנדסה גרופ חריש מרכז עסקים בע""מ",,
514443019,"ליאם נחמיאס חברה לבניין בע""מ","נדל""ן ובינוי",
512073453,"ליברטי פרופרטיס בע""מ","נדל""ן ובינוי",
,ליברמן רהיטים - ליברמן שושנה רייזעלה,רהיטים,
863439895,ליווינג סטון איימו,"נדל""ן ובינוי",
1838682,לייטסטון אנטרפרייזס,"נדל""ן ובינוי",
511383226,"ליסוב - גרוזנברג 18 בע""מ",ביטוח,
515609667,"ליסקאר ליסינג ומימון בע""מ",רכב - ליסינג,
511694614,"ליסקאר רם בע""מ",רכב - ליסינג,
520034331,"לנדמארק גרופ בע""מ","נדל""ן ובינוי",
1001171286,לנטרה קנדה אנטרפרייזס לימיטד פרטנרשיפ,"נדל""ן ובינוי",
510512056,"לסיכו בע""מ","נדל""ן ובינוי",
520022971,"לפידות קפיטל בע""מ","נדל""ן ובינוי",
511344186,"מ. יוחננוף ובניו (1988) בע""מ",רשת מזון,
511464927,מ.ג.ע.ר,גבייה - מים,
515266807,"מ.ל.ר.ן נכסים בע""מ","נדל""ן ובינוי",
515266815,"מ.ל.ר.ן צמנט בע""מ","נדל""ן ובינוי",
514097591,"מ.ל.ר.ן. פרוייקטים ומסחר בע""מ","נדל""ן ובינוי",
512129289,"מאזנית הנהלת חשבונות ומיסים י. ו. 1995 בע""מ",מסים,
,מבחר הקלף,קלף,
514617091,"מבט לנגב בע""מ","נדל""ן ובינוי",
514721646,"מבט לנגב תפעול בע""מ","נדל""ן ובינוי",
520019688,"מבטחים מוסד לבטוח סוציאלי של העובדים בע""מ",ביטוח,"חברה פרטית - בע""מ"
520024126,"מבנה נדל""ן (כ.ד) בע""מ","נדל""ן ובינוי",
,מג'סטי,חנות,
500208749,מגדל העמק,עיריה,
520004896,"מגדל חברה לביטוח בע""מ",ביטוח,
514582477,"מגדל טירת הכרמל ע.ש בע""מ",,
512237744,"מגדל מקפת קרנות פנסיה וקופות גמל בע""מ",ביטוח,
512718230,"מגדל ניהול תיקי השקעות (1998) בע""מ",,
511303661,"מגדל קרנות נאמנות בע""מ",קרן סל כשרה,
520039371,"מגדל שוקי הון (1965) בע""מ",השקעה ואחזקות,
512719485,"מגדלי הים התיכון בע""מ","נדל""ן ובינוי",
513257873,"מגה אור החזקות בע""מ","נדל""ן ובינוי",
520036187,מגה קמעונאות,,
515434074,"מגוריט ישראל בע""מ","נדל""ן ובינוי",
510542855,"מגידו י.ק. בע""מ","נדל""ן ובינוי",
513864207,"מדילנד החזקות בע""מ",,
512565730,מדיקל קומפרישין סיסטם (די.בי.אן.),השקעה ואחזקות,"חברה ציבורית - בע""מ"
,מדרי גלית (רוזמרין),מזון,
520018482,"מהדרין בע""מ",מזון,
500237979,מודיעין עילית - עירייה,עירייה,
1858676,מויניאן,"נדל""ן ובינוי",
515948131,"מולטי לד בע""מ",תאורה,
580252872,"מוסדות ""חסידי דאראג"" (ע""ר)",חסידות,
580595197,"מוסדות מגדל עוז בארה""ק (ע""ר)",רשת כוללים,
580656668,"מוסדות מעזריטש ע""ש המגיד הקדוש ממעזריטש זיע""א (ע""ר)",תלמוד תורה,
,מוצרי גרפיקה - יעל קבסה,גרפיקה,
510709140,"מור - המכון למידע רפואי בע""מ",רפואה,
512106220,"מור אילת בע""מ",רפואה,
513818104,"מור בית השקעות בע""מ",ביטוח,
511922270,"מור ישום מחקרים בע""מ",רפואה,
511631970,מור-מאר,רפואה,
513537613,"מורדות הכרמל (נכסים) בע""מ","נדל""ן ובינוי",
501606891,מושב מגדים ועד מקומי,מושב,
516580818,"מותג אנד פרייס בע""מ",,
514870831,"מותג עירוני בע""מ","נדל""ן ובינוי",
515748358,"מזון וברכה אחיעזר בע""מ",,
520032046,"מזרחי טפחות חברה להנפקות בע""מ","הנפקת אג""ח",
580671618,"מחוברים און ליין (ע""ר)",,
,מחסני המזון - שחורי אסתר גיטל,מזון,
500274733,מטה בנימין - מועצה איזורית,מועצה איזורית,
,מטעמים - שטיינהויז צירל,קייטרינג,
520039413,"מטריקס אי. טי. בע""מ",תוכנות,
511171662,"מטריקס אי. טי. מערכות מידע מתקדמות בע""מ",תוכנות,
520033176,"מטריקס אי. טי. פתרונות אי.אר.פי. בע""מ",תוכנות,
511204026,"מטריקס אי.טי. אינטגרציה ותשתיות בע""מ",תוכנות,
513099747,"מטריקס אי.טי. גלובל סרויסס בע""מ",תוכנות,
511072399,"מטריקס אי.טי. מוצרי תוכנה בע""מ",תוכנות,
520036039,"מטריקס אי.טי. מערכות בע""מ",תוכנות,
510977952,"מטריקס אי.טי. ניהול מערכות בע""מ",תוכנות,
515848901,"מטריקס אי.טי. קלאודזון בע""מ",תוכנות,
512469693,"מטריקס בדיקות ואוטומציה בע""מ",תוכנות,
514513134,מטריקס בי איי,תוכנות,
512881392,"מטריקס דבאופס בע""מ",תוכנות,
512882275,"מטריקס דיפנס בע""מ",תוכנות,
511752065,"מטריקס קונסלטינג בע""מ",תוכנות,
514190156,"מי ברק תאגיד המים והביוב של בני ברק בע""מ",מים,
513427708,"מי התנור בע""מ",מים,
514209162,"מי לוד בע""מ",מים,
513649673,"מי מנשה בע""מ","נדל""ן ובינוי",
513462069,"מי נתניה (2003) בע""מ",מים,
514215391,"מי קרית גת בע""מ",מים,
514049642,מי רקת,מים,
513987057,"מי שבע - תאגיד אזורי למים וביוב בע""מ",מים,
514425651,"מי שמש בע""מ",מים,
,מיגון ישראל - שלסר ישראל,דלתות,
520039496,"מידאס השקעות בנדל""ן בע""מ","נדל""ן ובינוי",
513910034,"מידאס השקעות כחול לבן בע""מ",,
,מידול והדמיות - פרומקין איתי,הדמיה ממוחשבת,
511764193,"מידעטק - טכנולוגיות מידע בע""מ",תוכנות,
512823626,"מידעטק מערכות בע""מ",תוכנות,
,מידערד - דויס בילה,,
516200441,מידר גני עדן עם חברות בנות,"נדל""ן ובינוי",
520039900,"מיה דיינמיקס מוטורס בע""מ",רכבים,
520043795,"מיטב בית השקעות בע""מ",פיננסים,
512065202,"מיטב גמל ופנסיה בע""מ",ביטוח,
510528276,"מיטב טרייד בע""מ",השקעות,
513534974,מיטב תכלית קרנות נאמנות,פיננסים,
510394637,"מיי סייז, אינק",טכנולוגיה,
513069989,"מיכל - קשר עין מכון אופטומטריה בע""מ",רפואה,
515185999,"מיכמן בס""ד",אשראי,
515140119,"מיכמן נדל""ן בס""ד בע""מ","נדל""ן ובינוי",
513893123,"מימון ישיר מקבוצת ישיר (2006) בע""מ",הלוואות,
516192259,"מימון משפטי (א.ק.) בע""מ",מימון תביעות רפואיות,
516197639,"מימון משפטי (ל.ט.) בע""מ",מימון תביעות רפואיות,
514289529,"מיני מרקט רמת אלחנן בע""מ",מכולת,
510930787,מיקרונט,טכנולוגיה,
570009175,מירון - מושב עובדים של הפועל המזרחי להתישבות שיתופית,מושב,
511491839,"מישורים השקעות נדל""ן בע""מ","נדל""ן ובינוי",
513480624,"מיתב - תאגיד אזורי למים וביוב בע""מ",מים,
511263444,"מכבי יזמות וניהול בע""מ",רפואה,
589902279,מכבי שירותי בריאות,רפואה,
513516815,"מכבידנט בע""מ",רפואה,
515793032,"מכבים דנט בע""מ",מרפאת שיניים,
,מכולת הקריה - חנייא אלי,צרכניה,
,מכולת ציטליין 20  (כהן זאדה נאמן),מזון,
580290484,"מכון אוהל דבורה קרית ספר (ע""ר)",בית חינוך,
,מכון ואנוהו - ישראל וודיסלבקי,ייצור ספודיק,
,מכון סופרי המלך - קנפלמכר אלימלך,"מוצרי סת""ם",
515763845,"מכלול מימון בע""מ",אשראי,
515465193,"מלבין שינים בע""מ",מרפאת שיניים,
510678816,"מלונות פתאל בע""מ",מלונאות,
2008787,מליבו אינווסטמנטס אינק.,"נדל""ן ובינוי",
520037789,"מליסרון בע""מ","נדל""ן ובינוי",
520036435,"ממן-מסופי מטען וניטול בע""מ",שרותים,
580542124,"ממקדשי תיראו - מודיעין עילית (ע""ר)",,
,מנג'ט - רוזנפלד טאבה,חד פעמי,
513660373,"מנדלסון תשתיות ותעשיות בע""מ",מסחר ושרותים,
516921285,"מנורה אי.אר.אן מימון בע""מ",אשראי,
515976645,"מנורה אי.אר.אן מימון בקליק בע""מ",אשראי,
520042540,"מנורה מבטחים ביטוח בע""מ",ביטוח,
513937714,"מנורה מבטחים גיוס הון בע""מ","הנפקת אג""ח",
520007469,"מנורה מבטחים החזקות בע""מ",השקעה ואחזקות,
512051152,"מנורה מבטחים נדל""ן בע""מ",השקעה ואחזקות,
512245812,"מנורה מבטחים פנסיה וגמל בע""מ",ביטוח,
515327120,"מניבים קרן הריט החדשה בע""מ","נדל""ן ובינוי",
512764408,"מניף - שרותים פיננסיים בע""מ",הלוואות,
,מנעולן - שלמה עמנואל,מנעולים,
520034505,מנרב אחזקות,"נדל""ן ובינוי",
510962327,"מנרב הנדסה ובנין בע""מ","נדל""ן ובינוי",
511301665,מנרב פרויקטים,"נדל""ן ובינוי","חברה פרטית - בע""מ"
511904781,מנרב תשתיות (1993),"נדל""ן ובינוי","חברה פרטית - בע""מ"
,מסגריית פאלוך - פאלוך חיים אלימלך,מסגרות,
514698141,"מסחר שוקי הון בע""מ",השקעה ואחזקות,
510988009,"מסיעי כל גיל בע""מ",הסעות,
520004896,מסלול הלכה,ביטוח,
512065202,מסלול הלכה,ביטוח,
,מסלולרי - איילנברג אסתר מלכה,חנות פאלפונים,
,מעדני המלך ק.ס - ברוכי ישראל,מסחר ושרותים,
,מעדנית אגמים (רפאלי רפי ושות'),,
514954122,"מעלות מניבים בע""מ","נדל""ן ובינוי",
511891426,"מערכות תקשוב בחינוך (שחם) בע""מ",תוכנות,
,מפלגת יהדות התורה,מפלגה,
512665373,"מפעלי ע. שנפ ושות' בע""מ",תעשיה,
520029315,"מפעלים פטרוכימיים בישראל בע""מ",,
513242818,"מצ' פוינט איי.טי. בע""מ",תוכנות,
510183312,"מצות יהודה משה לודמיר ובניו בע""מ",מאפיה,
512726712,"מצלאוי חברה לבנין בע""מ","נדל""ן ובינוי",
580730497,"מקוה בית פריידא בעלזא (ע""ר)",,
,מקור הברכה - זילברברג חנה פריידל,תשמישי קדושה,
520010869,"מקורות חברת מים בע""מ",מים,
513429035,"מקורות פיתוח וייזום בע""מ",מים,
512905423,"מקס איט פיננסים בע""מ",כרטיסי אשראי,
513791533,"מקסימוס קרדיט בע""מ",ניכיון ומימון לעסקאות,
517081956,"מרב פקדונות בע""מ","הנפקות אג""ח",
,מרגלית שעוני מותג,חנות,
520039264,"מרדכי אביב תעשיות בניה (1973) בע""מ","נדל""ן ובינוי",
510513591,"מרדכי אביב. מפעלי בניה בע""מ","נדל""ן ובינוי",
,מרידיאן,"נדל""ן ובינוי",
,מרכז המתנות וההפתעות - יוסף דוברי,מכשירי כתיבה וצעצועים,
515427904,"מרכז הקווים בע""מ",קרן תומכי תורה,
580110476,"מרכז לבריאות ""חסדי יצחק"" (ע""ר)",,
510928252,"מרכז רפואי מעיני הישועה ש.ר.ב בע""מ",בית חולים,
580129807,"מרכזי בריאות קהילתיים ירושלים (ע""ר)",,
513686154,"מרכנתיל הנפקות בע""מ","הנפקת אג""ח",
,מרפאת שיניים גבריאלוב דניאל,מרפאת שיניים,
511763336,"מרץ השקעות בע""מ",,
,משאלות,השאלות ספרי לימוד,
520023334,"משהב חברה לשכון בנין ופתוח בע""מ","נדל""ן ובינוי",
,משוטים / אנרג'י - בוקובזה פרידה,מכון כושר,
516094877,"משקיעים בחסד בע""מ (חל""צ)",אשראי,
,משרד האוצר,מדינה,
,מתאים לך יופי (אקרמן מיכל),חנות,
,מתוק בכיכר,חנות,
550263107,נאוויטס פטרוליום,חיפושי נפט וגז,
520036070,"נאוי גרופ בע""מ",אשראי,
513931659,"נאוי ליווי פרויקטים בע""מ",אשראי,
34140467,נאנט רייל אסטייט גרופ אן.וי,"נדל""ן ובינוי",
,נגריית גולדברג - גולדברג יוסף חיים,נגרייה,
515141844,"נגריית סטולר 2014 בע""מ",מסחר ושרותים,
1947641,נובל אסטס (בי.וי.איי),"נדל""ן ובינוי",
512125618,"נווה שבא בע""מ",רפואה,
514460765,"נוחות בשיווק ישיר בע""מ",חנות,
514159631,"נוף עירוני יזמות בע""מ","נדל""ן ובינוי",
515089563,"נוף צורים תשע""ד בע""מ","נדל""ן ובינוי",
500244314,נחל שורק - מועצה איזורית,מועצה איזורית,
511725459,"נטו מלינדה סחר בע""מ",מסחר ושרותים,
511930190,"נטוויז'ן בע""מ",תקשורת,
,ניהוז - נויהויז עטרה,פאות,
520018383,נייר חדרה,תעשיה עץ נייר ודפוס,
514906825,"ניסן תקשורת בע""מ",תוכנות,
512539321,"נכסי מריו ו-עמי בע""מ","נדל""ן ובינוי",
1905761,נמקו ריאלטי,"נדל""ן ובינוי",
520029109,"ננו דיימנשן בע""מ",טכנולוגיה,
,נעלי ג'נטילה,חנות,
,נעלי הקריה - דהן מרים,נעלים,
,נעלי עלית - מיטל בוסי,נעלים,
520044389,נעמן גרופ (נ.ו.),מסחר ושרותים,
520020942,"נפטא חברה ישראלית לנפט בע""מ",חיפושי נפט וגז,
520040163,"נץ ארה""ב (ח.י) בע""מ","נדל""ן ובינוי",
520043159,"נצבא החזקות 1995 בע""מ","נדל""ן ובינוי",
511687568,"נקסטקום בע""מ",שרותים,
500202460,נתיבות - עירייה,עירייה,
513436394,"נתיבי הגז הטבעי לישראל בע""מ",גז,
514796044,"נתיבים באורות בע""מ",טיסות,
520039074,"נתנאל גרופ בע""מ","נדל""ן ובינוי",
516235918,"נתנאל מניבים בע""מ","נדל""ן ובינוי",
,נתניה,עירייה,
,ס. ברטראם,,
516015104,"ס.ב. סטנלי יזמות בע""מ","נדל""ן ובינוי",
1921080,סאות'רן פרופרטיס קפיטל,"נדל""ן ובינוי",
475527,סאטל פרופרטיס לימיטד,"נדל""ן ובינוי",
520043720,"סאמיט אחזקות נדל""ן בע""מ","נדל""ן ובינוי",
510766371,"סאן-דור נתיבי אויר בינלאומיים בע""מ",טיסות,
520031808,"סאני תקשורת סלולרית בע""מ",מסחר ושרותים,
520043597,"סאנפלאואר השקעות מתחדשות בע""מ",טכנולוגיה,
,סביון נסיעות ותיירות,נסיעות,
513665356,"סו""ב - ניהול עובדים זרים בע""מ","נדל""ן ובינוי",
513955948,"סוויד אחזקות בע""מ",,
,סויטלנד דיוולופמנט,"נדל""ן ובינוי",
516046307,"סולאיר אנרגיות מתחדשות בע""מ",חשמל,
512882747,סולגרין,חשמל ואנרגיה,
513664524,"סולל בונה - עובדים זרים (2005) בע""מ","נדל""ן ובינוי",
515481539,"סולל בונה - שיקום כבישים בצפון בע""מ","נדל""ן ובינוי",
,סופר בני תורה,חנות ירקות,
540326717,סופר פאוור חשמל,חשמל,
,סופר קייק,יבואן חד פעמי,
511499923,"סופרגז הנגב (1990) בע""מ",גז,
513938548,"סופרגז לבית בע""מ",גז,
560020661,סופרסטאר הולידייז לימיטד,טיסות,
,סוקר גרביים ואביזרי שיער (גלובינסקי שרה לאה),חנות,
514723089,"סורו השקעות ויזמות נדלן בע""מ","נדל""ן ובינוי",
,סט - איינפלד רעיה,מצעים ומגבות,
,סטודיו היבש - נתנאל היבש,יעוץ עסקי,
,סטודיו נובל,חנות גרפיקה,
1863501,סטרוברי פילדס ריט,"נדל""ן ובינוי",
514341080,"סי אף אקס מרקט בע""מ",השקעה ואחזקות,
512333154,"סי.פי.אל. פיננסים בע""מ",פיננסים,
515050615,"סיגמא סיטי ניהול בע""מ",השקעה ואחזקות,
515096956,"סיון אינוביישן בע""מ",תוכנות,
513318097,"סיטי את שלר בע""מ",,
513349969,"סיטי את שלר נדל""ן בע""מ","נדל""ן ובינוי",
514765239,"סילבר א.צ ניהול (2012) בע""מ",,
514034628,"סילבר המרות בע""מ",,
,סינק,כיורים,
,סלולר כשר - ישראל אוחיון,תקשורת,
,סלון פאות גולדמן בריינדי,פאות,
,סלטי פריינד - פריינד דוד,סלטים,
513992529,"סלע קפיטל נדל""ן בע""מ","נדל""ן ובינוי",
540330651,סלקום אנרג'י (2023),חשמל,
511930125,"סלקום ישראל בע""מ",תקשורת,
513955831,"סמימי גולן החזקות בע""מ",,
,סמינר הרב כהנא,סמינר,
580668986,"סמינר יהלום (ע""ר)",סמינר,
,סנטר ליין,טמבור,
514342708,"סנטראל יורופיאן אסטייטס ניהול ישראל בע""מ","נדל""ן ובינוי",
516881265,"ספיר פקדונות בע""מ",פקדונות בבנקים,
423293158,ספירה,,
500209242,ספירה אימוביליר,,
513465260,ספירה ואופק,,"חברה פרטית - בע""מ"
1838863,ספנסר אקוויטי גרופ,"נדל""ן ובינוי",
514599943,"ע.י. נופר אנרג'י בע""מ",חשמל,
515099018,"ע.ע. יסודות איתנים ייזום ובניה בע""מ","נדל""ן ובינוי",
515061141,"ע.ש. אבן ספיר ייזום וניהול פרויקטים בע""מ",,
520024985,"עגור חברה לניהול קופות גמל וקרנות השתלמות בע""מ",ביטוח,
,עולם הדיגיטל,תקשורת,
,עולם הטבע,,
,עוף טוב - הכל טוב,מכירת עופות,
580079978,"עזר מציון (ע""ר)",פעילות חסד,
,עטרה תשמישי קדושה,תשמישי קדושה,
,עטרת הקודש - אריאל אליהו,תשמישי קדושה,
,עיבוד שבבי - שוורץ איגור יצחק,מסחר ושרותים,
514272228,"עין אפק בע""מ",מים,
512821968,"עיניים המרכז הרפואי להסרת משקפיים בע""מ",רפואה,
515116192,"עלמא יסודות בע""מ",,
580304392,"עמותה לפיתוח שירותים חברתיים - ראש העין (ע""ר)",עירייה,
520017393,"עמידר, החברה הלאומית לשיכון בישראל בע""מ","נדל""ן ובינוי",
513201582,"עמרם אברהם חברה לבנין בע""מ","נדל""ן ובינוי",
,ענק הרהיטים,רהיטים,
500277009,עפולה - עירייה,עירייה,
514307677,"עץ השקד נדל""ן בע""מ","נדל""ן ובינוי",
580282424,"עצת אמת קרית ספר (ע""ר)",תלמוד תורה,
580247765,"עצת זקנים (ע""ר)",,
512943572,"עקיבא זוריבין יזום בניה והשקעות 2000 בע""מ",,
512621947,"ערך - מיסוי עירוני בע""מ",,
513220848,"ערך הלוואות כהלכה בע""מ","נדל""ן ובינוי",
513947473,"ערך פיננסים כהלכה בע""מ",פיננסים,
,ערכים של משחקים - פיזם אריה,,
,ערערא עיצוב פנים - ערערא זיסה מלכה,עיצוב פנים,
,עשר תעשר,צרכניה,
,פאות לאה דייטש,פאות,
515126696,"פאות מירי קופלוביץ בע""מ",פאות,
,פאות רבקי - זלוטניק רבקה בלה,פאות,
,פאות שושנה - פינסקי שושנה בילה,פאות,
513978635,"פאי סיאם בע""מ","נדל""ן ובינוי",
516807336,"פאי פיקדונות ומוצרים מובנים בע""מ",השקעות,
516815958,"פאי פיתוח מכשירים פיננסיים בע""מ",,
516901774,"פאי פלוס פיקדונות בע""מ","הנפקות אג""ח",
517149548,"פאי ריביות בע""מ","הנפקות אג""ח",
516864659,"פארו - פתרונות בחירום בע""מ",פתרונות לחירום,
,פוטנציאל - אספיס חיה דינה,לימודים,
520025057,"פולאר השקעות בע""מ",השקעה ואחזקות,
512157603,"פוקס - ויזל בע""מ",תעשיה,
,פוקס תקשורת,חנות פלאפונים,
510216054,פז חברת נפט,אנרגיה,
511929804,"פז מוביל בע""מ",גז,
510427453,"פז נכסי תעופה בע""מ",גז,
511891996,"פז שמנים וכימיקלים בע""מ",גז,
510521123,"פז שרותי תעופה בע""מ",גז,
511903338,"פזגז בע""מ",גז,
510520687,"פזקר בע""מ",גז,
,פטיפור - מרים וקסברגר,,
550222764,פטרוטקס,חיפושי נפט וגז,
,פידבק 100,חנות,
516353042,"פייבוקס בע""מ",בנקים,
540293503,פיינאפל אנטרופי,גידור,
,פיצה ביתית,חנות,
,פיצוחי נ. מזרחי,חנות,
,"פיתרון - בן חמו כפיר, דניאל אלימלך",הוצאת כספי פנסיה,
,פלא זול קווי מהדרין,תקשורת,
,פלא פלוס חנות לאלקטרוניקה,חנות,
33248324,פלאזה סנטרס אן.וי,"נדל""ן ובינוי",
511076572,"פלאפון תקשורת בע""מ",תקשורת,
514287192,"פלגי מוצקין בע""מ",מים,
513371666,פלוריסטם,תרופות,
560021594,פלוריסטם תרפיוטיקס,תרופות,
513509638,"פלטינום א.א. פיננסים בע""מ",אשראי,
,פלנטה הפקות,הפקות,
510905102,פלשת השקעות,השקעה ואחזקות,
520024910,"פמה חברה להשקעות ונכסים בע""מ",הלוואות לרכב,
513673970,"פנאקסיה מעבדות ישראל, הרודיום השקעות",השקעה ואחזקות,
511400723,"פנטהאוז - חב' לבנין והשקעות בע""מ","נדל""ן ובינוי",
515291581,פנינסולה אשראי מסחרי,אשראי,
513605196,"פנינסולה בע""מ",אשראי,
514148758,פסגות (פ.ב.ל),ביטוח,
513767079,"פסגות בית השקעות בע""מ",פיננסים,
513765396,"פסגות ניירות ערך בע""מ",בנקים,
513865626,"פסגות קרנות מדדים בע""מ",קרן סל כשרה,
513765339,פסגות קרנות נאמנות,פיננסים,
512894510,"פסגות תעודות סל בע""מ",פיננסים,
513952457,"פסגות תעודות סל מדדים בע""מ",פיננסים,
1900288,פסיפיק אוק אסאואר הולדינגס,"נדל""ן ובינוי",
511863805,"פסיפיק רכב ותחבורה בע""מ",רכב - ליסינג,
,פעמי סנטר,חנות,
511039406,"פרוגרמה מערכות לוגיסטיות בע""מ",תוכנות,
516124088,"פרווליו (2019) השקעות בע""מ",אשראי,
520040650,"פרופיט תעשיות בניה בע""מ","נדל""ן ובינוי",
515998417,"פריאל קפיטל בע""מ",הלוואות,
520037797,"פריורטק בע""מ",מוליכים למחצה,
513495051,"פריוריטי ניהול נכסים בע""מ",ניהול השקעות,
514902147,"פריים אנרג'י פי. אי בע""מ",חשמל,
,פריים משכנתאות,משכנתאות,
511221699,"פריים-ליס ניהול ציי רכב בע""מ",רכב - ליסינג,
,פרימה - רובינפלד מרים,מכירות,
510897457,"פרימיום אקספרס בע""מ",,
513817817,"פרשקובסקי השקעות ובניין בע""מ","נדל""ן ובינוי",
512607888,"פתאל החזקות (1998) בע""מ","נדל""ן ובינוי",
515328250,"פתאל נכסים (אירופה) בע""מ","נדל""ן ובינוי",
1946194,צ'וזן נכסים,"נדל""ן ובינוי",
,צ'יינג' הדר,צ'יינג',
512531203,"צ.מ.ח המרמן בע""מ","נדל""ן ובינוי",
511256711,"צבי כהן אקולוגיה בע""מ",פינוי פסולת בנין,
512552043,"צבי כהן חולון ירוקה בע""מ",פינוי פסולת בנין,
514575075,"צבי כהן נדל""ן בע""מ","נדל""ן ובינוי",
,צבעוני,ציורים,
520025586,"צור שמיר אחזקות בע""מ",השקעה ואחזקות,
,צילומינציה,חנות,
550210306,צמנטכל סולל בונה,"נדל""ן ובינוי",
512834896,"צמרת מימונים בע""מ",,
,צפת,עירייה,
580670321,"צרכי הרבים - רצופות (ע""ר)","גמ""ח",
,צרכניית אחיעזר - וינשטיין אברהם,צרכניה,
,צרכנית ברכת השדה - פרנקנטל יהודה,צרכניה,
513516161,"ק.ס.ם ג'מבו בע""מ",פיננסים,
513943019,"ק.ס.ם תעודות סל אחזקות בע""מ",השקעה ואחזקות,
511945339,"קארדקום בע""מ",אשראי,
515729077,"קארדקום סליקה בע""מ",אשראי,
513432765,"קבוצת אורון אחזקות והשקעות בע""מ","נדל""ן ובינוי",
516423746,"קבוצת אחדות אדר בע""מ",,
511996803,"קבוצת אקרו בע""מ","נדל""ן ובינוי",
510381601,"קבוצת אשטרום בע""מ","נדל""ן ובינוי",
520037250,"קבוצת ברן בע""מ",שרותים,
513609131,"קבוצת גבאי- בניה, יזום, ניהול ואחזקות נדל""ן בע""מ","נדל""ן ובינוי",
515364891,"קבוצת דוראל משאבי אנרגיה מתחדשת בע""מ",חשמל,
520044322,"קבוצת דלק בע""מ",דלק,
516195591,"קבוצת הכרמל 52 בע""מ","נדל""ן ובינוי",
513605519,קבוצת חנן מור - אחזקות,"נדל""ן ובינוי",
514625094,"קבוצת יובלים השקעות בע""מ","נדל""ן ובינוי",
511405482,"קבוצת מזרחי ובניו השקעות בע""מ","נדל""ן ובינוי",
514444660,"קבוצת מיי טאון בע""מ","נדל""ן ובינוי",
513634535,"קבוצת מכבי אחזקות בע""מ",רפואה,
513904367,"קבוצת נאוסיטי להשקעות והחזקות בע""מ","נדל""ן ובינוי",
520039389,"קבוצת נץ בע""מ","נדל""ן ובינוי",
510960719,"קבוצת עזריאלי בע""מ","נדל""ן ובינוי",
520039660,"קבוצת עמוס לוזון יזמות ואנרגיה בע""מ","נדל""ן ובינוי",
520041161,"קבוצת פלסטו-קרגל בע""מ",תעשיה כימיה גומי ופלסטיק,
520033713,"קבוצת פנינסולה בע""מ",אשראי,
1886279,קבוצת קליין אינטרנשיונל,"נדל""ן ובינוי",
515289965,"קדמא 907 בע""מ","נדל""ן ובינוי",
515820355,"קדמא בית אל בע""מ","נדל""ן ובינוי",
515641934,"קדמא נדל""ן בע""מ","נדל""ן ובינוי",
515453074,"קדמת גונן - אפריקה התחדשות בע""מ","נדל""ן ובינוי",
516613031,"קדמת היובל התחדשות בע""מ","נדל""ן ובינוי",
580417822,"קהילה תורנית בית מאיר (ע""ר)",קהילה,
580682896,"קהילת שאגת אריה מודיעין עילית (ע""ר)",קהילה,
,קו ירוק - נעמה גרינבוים,מסחר ושרותים,
,קולמוס,חנות,
1865427,קופרליין אמריקאס,"נדל""ן ובינוי",
580510113,"קופת העיר נתיבות - שמחת חיים (ע""ר)",צדקה,
,קופת תגמולים לעובדי אל-על נתיבי אויר לישראל אגודה שיתופית,קופות גמל,
570005959,קופת תגמולים של עובדי עירית חיפה אגודה שיתופית,קופות גמל,
1920997,קורנרסטון פרופרטייס,"נדל""ן ובינוי",
513136333,"קי.בי.איי.אס בע""מ",תוכנות,
,קיטרינג על שם דניאל פחימה,קייטרינג,
516234739,"קייטרינג מגדים (ב.מ.מ) בע""מ",קייטרינג,
515983476,"קיסטון אינפרא בע""מ",שונות,
,קלאסי שוז - טוכובר ניחמה,נעלים,
511083396,"קליר כימיקלים - יצור ושווק בע""מ",מסחר ושרותים,
2100460,קלקן קפיטל,"נדל""ן ובינוי",
520041286,"קנדה גלובל (ט.ר) בע""מ","נדל""ן ובינוי",
513509521,"קסם דולר בע""מ",פיננסים,
510938608,"קסם קרנות נאמנות בע""מ",פיננסים,
,קסם של עיצוב,,
513502211,"קסם תעודות סל ומוצרי מדדים בע""מ",פיננסים,
515186765,"קרגו פייננס בע""מ",הלוואות,
516491776,"קרדיט 360 בע""מ",אשראי,
515251494,"קרדיטו בע""מ",אשראי,
516148350,"קרדיטו גישור בע""מ",אשראי,
516804499,"קרדיטו הנפקות בע""מ","הנפקות אג""ח",
516182524,"קרדיטו מכשיר ייעודי למימון 2 בע""מ",אשראי,
516228970,"קרדיטו מכשיר ייעודי למימון 3 בע""מ",אשראי,
516176344,"קרדיטו מכשיר יעודי למימון בע""מ",אשראי,
516237963,"קרדיטו משכנתאות בע""מ",אשראי,
516191012,"קרדיטו ניהול שותפויות בע""מ",אשראי,
NV1239114,קרדן אן. וי.,השקעה ואחזקות,
520033457,"קרדן ישראל בע""מ",השקעה ואחזקות,
520041005,"קרדן נדל""ן יזום ופיתוח בע""מ","נדל""ן ובינוי",
500210349,קרית מלאכי,עיריה,
511416042,"קרית ספר (דיור מודיעין) בע""מ","נדל""ן ובינוי",
513010033,"קרית ספר - יזמות ובניה 2000 בע""מ","נדל""ן ובינוי",
,קרן אפקסוס,"נדל""ן ובינוי",
511033060,"קרן החיסכון לצבא הקבע - חברה לניהול קופות גמל בע""מ",ביטוח,
580070993,"קרן מכבי (ע""ר)",הלוואות ושירותים,
515117026,"קרן מפרש פתרונות מימון בע""מ",הלוואות,
570009852,קרן מקפת מרכז לפנסיה ותגמולים אגודה שיתופית על שם קופה מרכזית לתגמולים ופנסיה לפקיד,ביטוח,
516002425,"קרן קמינו בע""מ",אשראי,
540305919,קרן ריאליטי מימון,"נדל""ן ובינוי",
520027251,"קרנות השתלמות למורים ולגננות - חברה מנהלת בע""מ",קרן השתלמות,
520028390,"קרנות השתלמות למורים תיכוניים, מורי סמינרים ומפקחים - חברה מנהלת בע""מ",קרן השתלמות,
580233211,"קרנות קורת ישראל - עמותה לפיתוח כלכלי (ע""ר)",הלוואות,
,קשר כשר,חנות סלולר,
513955971,"ר. אמיתי אחזקות בע""מ",,
520038183,"ראלקו סוכנויות בע""מ",מסחר ושרותים,
500226402,ראש העין - עירייה,עירייה,
500283007,ראשון לציון - עירייה,עירייה,
,רב אריח קרמיקה וריצוף,קרמיקה,
514160530,"רב בריח (08) תעשיות בע""מ",מנעולים,
520040148,"רבד בע""מ","נדל""ן ובינוי",
513765859,"רבוע כחול נדל""ן בע""מ","נדל""ן ובינוי",
513506329,"רבל אי.סי.אס. בע""מ",תעשיה כימיה גומי ופלסטיק,
,רהיטופ - ויזל חיה רבקה,רהיטים,
,רהיטי טרבלסי בחשמונאים,רהיטים,
,רהיטי מרקוס RM -מרקוס שמואל,רהיטים,
,"רהיטי רשב""י",רהיטים,
512024043,"רובוטרום מגורים בע""מ","נדל""ן ובינוי",
510844913,"רוטקס (1980) בע""מ",תעשיה,
520039959,"רוטשטיין נדל""ן בע""מ","נדל""ן ובינוי",
512287517,"רותם שני יזמות והשקעות בע""מ","נדל""ן ובינוי",
514768662,רותם שני-מנרב עיסקה משותפת,"נדל""ן ובינוי",
,ריאליה INVESTMENTS,"נדל""ן ובינוי",
,ריאליה MANAGEMENTS,"נדל""ן ובינוי",
,ריאליה USA,"נדל""ן ובינוי",
515539302,"ריאליה השקעות בע""מ","נדל""ן ובינוי",
516117181,"ריט אזורים - ה.פ ליווינג בע""מ","נדל""ן ובינוי",
515434082,"ריט אינדקס ניהול בע""מ","נדל""ן ובינוי",
,רייך הלבשה אישית,הלבשה,
515319648,"רייסדור בנייה בע""מ","נדל""ן ובינוי",
513708248,"רייסדור יזמות בע""מ","נדל""ן ובינוי",
514035765,"רייצ'יפ וריפיקיישן בע""מ",העסקה,
1849766,רילייטד פורטפוליו מסחרי,"נדל""ן ובינוי",
512467994,"רימון שירותי ייעוץ וניהול בע""מ",אנרגיה ומים,
,רימייק - כהן יעקב משה,מסחר ושרותים,
,ריצופים,חנות,
500209226,רכסים - מועצה מקומית,מועצה מקומית,
512947185,"רם אדרת הנדסה אזרחית בע""מ","נדל""ן ובינוי",
514328004,"רמות בעיר בע""מ","נדל""ן ובינוי",
,רמזור,חנות צעצועים,
514473628,"רמי לוי שיווק השקמה תקשורת בע""מ",תקשורת,
514560515,"רמי צרפתי חברה לבניה בע""מ","נדל""ן ובינוי",
516581741,"רנט איט - ריט מגורים בע""מ","נדל""ן ובינוי",
514353671,"רני צים מרכזי קניות בע""מ",מזון,
,רעות חברה לניהול קופות גמל,קופות גמל,
500226501,רעננה - עירייה,עירייה,
520029505,"רפק תקשורת ותשתיות בע""מ",שרותים,
515060044,רציו חיפושי נפט,נפט,
520042003,"רקח תעשיה פרמצבטית בע""מ",פארמה,
513770669,"רשת חנויות רמי לוי שיווק השיקמה 2006 בע""מ",מזון,
516613247,"ש יעקבוביץ בע""מ",,
514343227,"ש. גולובנציץ, משרד עורכי דין","משרד עו""ד",
513204669,"ש. לירז חברה לבניין בע""מ","נדל""ן ובינוי",
513879189,"ש. שלמה חברה לביטוח בע""מ",ביטוח,
512303991,"ש.א.מ. מרכז הגז בע""מ",גז,
514957687,"ש.ב.א. מזון (2013) בע""מ",מאפיה,
512638685,"ש.ח.פ- שירותים חשבונאים פיננסים בע""מ",קורסים,
515280386,"ש.י נאמן סנטר בע""מ",חנות,
513957472,"ש.י.ר. שלמה נדל""ן בע""מ","נדל""ן ובינוי",
511313215,"ש.ל.ה. שירותי רפואה בע""מ",רפואה,
,שהכל - עמי אלפי ודה האס יעקב,קיוסק,
512951518,"שובל הנדסה ובניין בע""מ","נדל""ן ובינוי",
510015951,"שומרה חב' לביטוח בע""מ",ביטוח,
520022732,"שופרסל בע""מ",מסחר ושרותים,
516889250,"שושנים כח אדם 2023 בע""מ",,
510284037,"שח""מ מקורות ביצוע בע""מ",מים,
515529295,"שחר העיר בע""מ",,
514062785,"שטירון השקעות בע""מ","נדל""ן ובינוי",
520003781,"שטראוס גרופ בע""מ",מוצרי מזון,
513910109,"שטרן גרופ בע""מ","נדל""ן ובינוי",
,שי טכנולוגיות,שירותי אינטרנט,
,שי-לי - גולדברג אביגיל,חנות,
580701365,"שיח אמונה (ע""ר)",,
515217461,"שיכון ובינוי - סולל בונה - תעשיות בע""מ","נדל""ן ובינוי",
512417411,"שיכון ובינוי - סולל בונה - תשתיות (פתוח וכבישים) בע""מ","נדל""ן ובינוי",
520022625,"שיכון ובינוי - סולל בונה תשתיות בע""מ","נדל""ן ובינוי",
520036104,"שיכון ובינוי בע""מ","נדל""ן ובינוי",
589906114,שירותי בריאות כללית,רפואה,
,שירינג - פיגנבוים שירה,שליחויות,
514911924,"שלום חי אסתר בע""מ",,
,שלום חי צ'יינג',צ'יינג',
516782398,"שלר טק בע""מ",,
516781960,"שלר מוסכים בע""מ",,
,שמפניה,,
514928399,שמש רכבים,רכב - ליסינג,
,שנהב דפוס וגרפיקה,דפוס,
513969410,"שניאורסיד בע""מ",מכירת זרעים,
520041732,"שניב תעשיות נייר בע""מ",תעשיה,
580549327,"שערי ישיבה (ע""ר)",קורסים,
516577194,"שפאן השקעות בע""מ",,
514892801,"שפיר הנדסה ותעשיה בע""מ",תעשיה מתכת ומוצרי בניה,
512544859,שפע - מועדון לקוחות מכבי לבריאות ואיכות חיים,רפואה,
520039835,"שפע הצלחה לוגיסטיקה (ב.פ.) בע""מ",השקעה ואחזקות,
,שקל ועוד,חנות,
510657554,"שרותי בורסה והשקעות בישראל - אי.בי.אי. - בע""מ",השקעה ואחזקות,
512236977,"שרותי מזון יואב בע""מ",קייטרינג,
510992845,"שתית בע""מ","נדל""ן ובינוי",
512588302,"ת. צורף בע""מ",חנות חשמל,
514444736,"תאגיד מעיינות הדרום בע""מ",מים,
514035856,תגר ושות' - חברת עורכי דין,מימוש זכויות,
520036732,תדיראן הולדינגס,מסחר ושרותים,
516338589,"תואם מימון בע""מ",אשראי,
516523479,"תורג'מן מניבים ואחזקות בע""מ","נדל""ן ובינוי",
511675670,"תי אף סי - תואם שילוח ועמילות מכס בע""מ",,
520008483,"תיא חברה להשקעות בע""מ",תקשורת,
513556688,תכלית מכשירים פיננסיים,פיננסים,
500250006,תל אביב - עירייה,עירייה,
514711480,"תל אביב סיטי טק 2012 בע""מ","נדל""ן ובינוי",
510663156,"תל בר תעשיות למוסדות בריאות בע""מ",רפואה,
515334662,"תמר פטרוליום בע""מ",חיפושי נפט וגז,
570000745,תנובה מרכז שיתופי לשיווק תוצרת חקלאית בישראל,מזון,
,תנופה - מושקוביץ יהודית,עיצוב גרפי,
511519829,"תנופורט (1990) בע""מ","נדל""ן ובינוי",
570025700,תעשיות מזון תנובה - אגודה שיתופית חקלאית בישראל,מזון,
570053512,תעשיות רהיטים לביא,רהיטים,
,תפארת - מאיר בן ציון,"מוצרי סת""ם",
