heteriske_code,heteriske_name,chp_number,our_name,status,name_accurate,chp_verified
653,"אגוז הנפקות ופיננסים בע""מ",515293223,"אגוז הנפקות ופיננסים בע""מ",מדויק,True,True
468,"בנק לאומי לישראל בע""מ",520018078,בנק לאומי לישראל בעמ,מדויק,True,True
1097,הסתדרות אגודת ישראל בארץ ישראל,580421527,"הסתדרות אגודת ישראל בארץ ישראל בבני ברק (ע""ר)",קירוב - השם ב-heteriske שונה מהשם במאגר שלנו,False,False
516,"וויל קפיטל ב.ד.ש. בע""מ",516602216,"וויל קפיטל ב.ד.ש. בע""מ",מדויק,True,True
529,"מיטב הלוואות בע""מ",514817154,"מיטב הלוואות בע""מ",מדויק,True,True
577,"מימון ישיר נדל""ן ומשכנתאות בע""מ",516100153,"מימון ישיר נדל""ן ומשכנתאות בע""מ",מדויק,True,True
759,"מנוס - בן יפונה 10 בע""מ",515089191,"מנוס - בן יפונה 10 בע""מ",מדויק,True,True
758,"מנוס - שאול המלך 63 בע""מ",514832781,"מנוס - שאול המלך 63 בע""מ",מדויק,True,True
757,"מנוס - שמעוני 34 בע""מ",515848968,"מנוס - שמעוני 34 בע""מ",מדויק,True,True
524,"מנוס ניהול ואחזקות בע""מ",,,לא ידוע - לא נפתר מול המאגר שלנו,,
475,"מרכז בית יעקב בארץ ישראל (ע""ר)",580026805,"מרכז בית יעקב בארץ ישראל (ע""ר)",מדויק,True,True
532,"נדרים פלוס מערכות מידע בע""מ",516831591,"נדרים פלוס מערכות מידע בע""מ",מדויק,True,True
692,עיריית אלעד,,,לא ידוע - לא נפתר מול המאגר שלנו,,
419,עיריית ירושלים,,,לא ידוע - לא נפתר מול המאגר שלנו,,
1166,פיקס האלומיניום,,,לא ידוע - לא נפתר מול המאגר שלנו,,
736,"קבוצת מנוס ייזום והשקעות בע""מ",514662519,"קבוצת מנוס ייזום והשקעות בע""מ",מדויק,True,True
687,"רם אדרת סלעית גני איילון בע""מ",516386745,"רם אדרת סלעית גני איילון בע""מ",מדויק,True,True
1052,"א.ב ברזיל ישראל נדל""ן בע""מ",514533470,"א.ב ברזיל ישראל נדל""ן בע""מ",מדויק,True,True
1323,"פיתוח מזרח ירושלים בע""מ",520027392,פיתוח מזרח ירושלים בעמ,מדויק,True,True
1141,"גרינקאר (אייימאד) יבוא ומסחר בע""מ",516330123,"גרינקאר (אייימאד) יבוא ומסחר בע""מ",מדויק,True,True
868,"קול יששכר ע""ר",,,לא ידוע - לא נפתר מול המאגר שלנו,,
1082,"גומל חסדים טובים בע""מ",515715969,"גומל חסדים טובים בע""מ",מדויק,True,True
851,"די.בי.אס נצח קפיטל גרופ בע""מ",517017406,"די.בי.אס נצח קפיטל גרופ בע""מ",מדויק,True,True
1092,"דרך 38 מרכז לבריאות בע""מ",515421253,"דרך 38 מרכז לבריאות בע""מ",מדויק,True,True
1093,"דרך 38 שירותים מקצועיים בע""מ",515032209,"דרך 38 שירותים מקצועיים בע""מ",מדויק,True,True
1098,"וויידלי מובייל בע""מ",,,לא ידוע - לא נפתר מול המאגר שלנו,,
1138,פסיפלורה,,,לא ידוע - לא נפתר מול המאגר שלנו,,
1159,פיתרון,,,לא ידוע - לא נפתר מול המאגר שלנו,,
1146,"שי מידע פיננסים והשקעות בע""מ",514768803,"שי מידע פיננסים והשקעות בע""מ",מדויק,True,True
1056,"אופק חופים בע""מ",514698216,"אופק חופים בע""מ",מדויק,True,True
1057,"אחוזת אריה 2015 בע""מ",515242378,"אחוזת אריה 2015 בע""מ",מדויק,True,True
1059,"איחוד מגורי ישראל בע""מ",516242419,"איחוד מגורי ישראל בע""מ",מדויק,True,True
1064,"אפי קפיטל אחזקות בע""מ",517084216,"אפי קפיטל פ. אחזקות בע""מ",קירוב - השם ב-heteriske שונה מהשם במאגר שלנו,False,False
1065,"אפי קפיטל אחזקות משכנות בראל בע""מ",,,לא ידוע - לא נפתר מול המאגר שלנו,,
1066,"אפי קפיטל ביוני בע""מ",,,לא ידוע - לא נפתר מול המאגר שלנו,,
1067,"אפי קפיטל בע""מ",515116820,"אפי קפיטל בע""מ",מדויק,True,True
1068,"אפי קפיטל בעיר היין בע""מ",515695633,"אפי קפיטל בעיר היין בע""מ",מדויק,True,True
1069,"אפי קפיטל בראל ביצוע בע""מ",,,לא ידוע - לא נפתר מול המאגר שלנו,,
1070,"אפי קפיטל בראל למשתכן בע""מ",,,לא ידוע - לא נפתר מול המאגר שלנו,,
1071,"אפי קפיטל מגורים בע""מ",515836369,"אפי קפיטל מגורים בע""מ",מדויק,True,True
1072,"אפי קפיטל מתחמים בע""מ",515851673,"אפי קפיטל מתחמים בע""מ",מדויק,True,True
1073,"אפי קפיטל עמרם אברהם בע""מ",515529493,"אפי קפיטל עמרם אברהם בע""מ",מדויק,True,True
1074,"אפי קפיטל עמרם אברהם קריית גת בע""מ",515924926,"אפי קפיטל עמרם אברהם קריית גת בע""מ",מדויק,True,True
1075,"אפי קפיטל פרוייקטים בע""מ",515837276,"אפי קפיטל פרוייקטים בע""מ",מדויק,True,True
1077,"ב.ו.ב מדף 24 בע""מ",,,לא ידוע - לא נפתר מול המאגר שלנו,,
1079,"בלו-אי טכנולוגיות מים בע""מ",513484675,"בלו-אי טכנולוגיות מים בע""מ",מדויק,True,True
1080,"בראל אפי קפיטל בע""מ",515851731,"בראל אפי קפיטל בע""מ",מדויק,True,True
1162,פירות הכיכר,,,לא ידוע - לא נפתר מול המאגר שלנו,,
1145,"יאדיר תורה בנגב בע""מ",514062827,"יאדיר תורה בנגב בע""מ (חל""ץ)",קירוב - השם ב-heteriske שונה מהשם במאגר שלנו,False,True
853,"כספא סליקה כשרה בע""מ",517066940,"כספא סליקה כשרה בע""מ",מדויק,True,True
1139,"משכן התורה נתיבות (ע""ר)",580400323,"משכן התורה נתיבות (ע""ר)",מדויק,True,True
1143,"נטעי ראובן (ע""ר)",580356947,"נטעי ראובן (ע""ר)",מדויק,True,True
1144,"נתיבות ראובן יוסף (ע""ר)",580077865,"נתיבות ראובן יוסף (ע""ר)",מדויק,True,True
1142,קהלני שלום,,,לא ידוע - לא נפתר מול המאגר שלנו,,
1106,מגדלור קרן השקעות בעסקים שותפות מוגבלת,,,לא ידוע - לא נפתר מול המאגר שלנו,,
1107,"מגדלור קרן השקעות שירותי ניהול בע""מ",516284387,"מגדלור קרן השקעות 2 - שירותי ניהול בע""מ",קירוב - השם ב-heteriske שונה מהשם במאגר שלנו,False,False
1103,"ישראל שאולי תכנון ובנייה בע""מ",,,לא ידוע - לא נפתר מול המאגר שלנו,,
1053,"א.י קרן גשרים אשראי בע""מ",512848110,"א.י קרן גשרים אשראי בע""מ",מדויק,True,True
1084,גשרים 2 - שותפות השקעה שותפות מוגבלת,,,לא ידוע - לא נפתר מול המאגר שלנו,,
1085,גשרים 2 שותפות אשראי שותפות מוגבלת,,,לא ידוע - לא נפתר מול המאגר שלנו,,
1086,גשרים 2-שותפות ליווי בניה שותפות מוגבלת,,,לא ידוע - לא נפתר מול המאגר שלנו,,
1158,"מי כרמל בע""מ",513531046,"מי כרמל בע""מ",מדויק,True,True
1157,"פיינסטר בע""מ",515781003,"פיינסטר בע""מ",מדויק,True,True
1063,"אנ""ש משכנתאות ופתרונות אשראי חכמים בע""מ",516078797,"אנ""ש משכנתאות ופתרונות אשראי חכמים בע""מ",מדויק,True,True
1147,"ארבל ב.ש. פתרונות מימון ומשכנתאות בע""מ",516214723,"ארבל ב.ש. פתרונות מימון ומשכנתאות בע""מ",מדויק,True,True
852,"שמואל ברוך יזמות ובניה בע""מ",512403247,"שמואל ברוך יזמות ובניה בע""מ",מדויק,True,True
1054,"אבי בן רפאל יעוץ והדרכה לבטיחות בדרכים בע""מ",515004943,"אבי בן רפאל יעוץ והדרכה לבטיחות בדרכים בע""מ",מדויק,True,True
1102,"יעקב בן יוסף מערכות תקשורת מתקדמות בע""מ",516173366,"יעקב בן יוסף מערכות תקשורת מתקדמות בע""מ",מדויק,True,True
1156,"בראשית לוגיסטיקה בינלאומית בע""מ",513999672,"בראשית - לוגיסטיקה בינלאומית בע""מ",מדויק,True,True
865,י. שרעבי ושות' משרד עורכי דין ונוטריון,,,לא ידוע - לא נפתר מול המאגר שלנו,,
864,"א.ב.ג. קרית יערים בע""מ",517037917,"א.ב.ג. קרית יערים בע""מ",מדויק,True,True
1154,אלון מורן,,,לא ידוע - לא נפתר מול המאגר שלנו,,
1153,אלישע אלישי להב,,,לא ידוע - לא נפתר מול המאגר שלנו,,
1088,"דלקל אחזקות 2009 בע""מ",514338250,"דלקל אחזקות 2009 בע""מ",מדויק,True,True
1089,"דלקל גז בע""מ",514864826,"דלקל גז בע""מ",מדויק,True,True
1136,"דלקל דקלים בע""מ",,,לא ידוע - לא נפתר מול המאגר שלנו,,
1137,"דלקל מואס גז בע""מ",516108099,"דלקל מואס גז בע""מ",מדויק,True,True
1135,"דלקל נכסים (2015) בע""מ",515138998,"דלקל נכסים (2015) בע""מ",מדויק,True,True
1090,"דלקלומט בע""מ",513492595,"דלקלומט בע""מ",מדויק,True,True
1148,"טי.סי.אי תמ""א במרכז בע""מ",,,לא ידוע - לא נפתר מול המאגר שלנו,,
1100,"י.א.מ.א. מרגליות פיתוח בע""מ",513522615,"י.א.מ.א. מרגליות פיתוח בע""מ",מדויק,True,True
1101,"ים הדר סוכנות לביטוח (2017) בע""מ",515702728,"ים הדר סוכנות לביטוח ( 2017 ) בע""מ",מדויק,True,True
854,"ירוחם תיווך ויזמות בע""מ",,,לא ידוע - לא נפתר מול המאגר שלנו,,
872,מגה פון,,,לא ידוע - לא נפתר מול המאגר שלנו,,
1149,"פנחס 70 רמת גן בע""מ",515423267,"פנחס 70 רמת גן בע""מ",מדויק,True,True
1150,"פרסונל אינווסט בע""מ",515947828,"פרסונל אינווסט בע""מ",מדויק,True,True
1151,"פרסונל אנד מור סוכנות לביטוח ותכנון פנסיוני (2018) בע""מ",515820751,"פרסונל אנד מור סוכנות לביטוח ותכנון פנסיוני (2018) בע""מ",מדויק,True,True
1152,"פרסונל יזמות מ.ל. בע""מ",516022167,"פרסונל יזמות מ.ל. בע""מ",מדויק,True,True
1155,"תשתיות השרון מ.ל בע""מ",516038874,"תשתיות השרון מ.ל בע""מ",מדויק,True,True
850,"סילבר ג.י. ניהול בע""מ",515572212,"סילבר ג.י. ניהול בע""מ",מדויק,True,True
848,"שרי את אלכס השקעות וניהול פרוייקטים בע""מ",513998435,"שרי את אלכס השקעות וניהול פרוייקטים בע""מ",מדויק,True,True
862,"אורנשטיין ניהול וביצוע פרוייקטים בע""מ",514637354,"אורנשטיין - ניהול וביצוע פרוייקטים בע""מ",מדויק,True,True
860,"אפיקי מים נתיבות ע""ר",,,לא ידוע - לא נפתר מול המאגר שלנו,,
859,"ארד בע""מ",510007800,ארד בעמ,מדויק,True,True
1081,"ג.מ.נ. שיווק לבניה בע""מ",514693761,"ג.מ.נ. שיווק לבניה בע""מ",מדויק,True,True
1164,"סונול גז פלוס בע""מ",515916542,"סונול גז פלוס בע""מ",מדויק,True,True
873,Shower top,,,לא ידוע - לא נפתר מול המאגר שלנו,,
1048,א. זלוצ'בסקי,,,לא ידוע - לא נפתר מול המאגר שלנו,,
863,"אברהם זילברברג בניה ויזום בע""מ",516734472,"אברהם זילברברג בניה ויזום בע""מ",מדויק,True,True
1095,"הדרום בפריחה ערד (ע""ר)",580648772,"הדרום בפריחה - ערד (ע""ר)",מדויק,True,True
1099,טוליפ,,,לא ידוע - לא נפתר מול המאגר שלנו,,
1104,"לנד א.י בע""מ",516118163,"לנד א.י בע""מ",מדויק,True,True
1108,"מוסדות חסידי בעלז בני-ברק (ע""ר)",580031680,"מוסדות חסידי בעלזא בני-ברק (ע""ר)",קירוב - השם ב-heteriske שונה מהשם במאגר שלנו,False,True
1109,מחסני המזון,,,לא ידוע - לא נפתר מול המאגר שלנו,,
1110,מיגון ישראל,,,לא ידוע - לא נפתר מול המאגר שלנו,,
1167,ניהוז,,,לא ידוע - לא נפתר מול המאגר שלנו,,
1163,"פשוט לעזור לערד (ע""ר)",580599728,"פשוט לעזור לערד (ע""ר)",מדויק,True,True
1161,קלאסי שוז,,,לא ידוע - לא נפתר מול המאגר שלנו,,
861,"אלסקה פרקמטיא בע""מ",515108413,"אלסקה פרקמטיא בע""מ",מדויק,True,True
1078,"בית דוד בית שמש (ע""ר)",580572782,"בית דוד בית שמש (ע""ר)",מדויק,True,True
871,"מגורי ביתר שי עולמות בע""מ",516768744,"מגורי ביתר שי עולמות בע""מ",מדויק,True,True
869,"נופי בראשית שי בגליל בע""מ",516681947,"נופי בראשית שי בגליל בע""מ",מדויק,True,True
874,"נתיב החסד סופר חסד בע""מ",513777219,"נתיב החסד - סופר חסד בע""מ",מדויק,True,True
1165,פרימה,,,לא ידוע - לא נפתר מול המאגר שלנו,,
867,"קשת גיבורים בע""מ",514131499,"קשת גיבורים בע""מ",מדויק,True,True
866,"קשת גיבורים שיווק בע""מ",514844893,"קשת גיבורים - שיווק בע""מ",מדויק,True,True
1160,"סתם מהודר בע""מ",515189157,"סתם מהודר בע""מ",מדויק,True,True
849,"א.ר.א.ב. בונוס בע""מ",512056789,"א.ר.א.ב. בונוס בע""מ",מדויק,True,True
1055,"אובלי ערבויות בע""מ",515966661,"אובלי ערבויות בע""מ",מדויק,True,True
1076,ג'רוזלם צ'יינג',,,לא ידוע - לא נפתר מול המאגר שלנו,,
1061,"אלדד פרי אסטרטגיות בע""מ",515272078,"אלדד פרי אסטרטגיות בע""מ",מדויק,True,True
1062,"אלדד פרי נדל""ן בע""מ",514474634,"אלדד פרי נדל""ן בע""מ",מדויק,True,True
858,"בית יעקב- בית יהודה אריה ע""ר",580099869,"בית יעקב- בית יהודה אריה (ע""ר)",קירוב - השם ב-heteriske שונה מהשם במאגר שלנו,False,True
1087,"דיילנא אוכל מרוקאי ביתי בע""מ",515231546,"דיילנא אוכל מרוקאי ביתי בע""מ",מדויק,True,True
1096,"הנחלה - דיור להשכרה בע""מ",515783777,"הנחלה - דיור להשכרה בע""מ",מדויק,True,True
870,"מגן אברהם קרנות לעזרה ולגמילות חסדים ע""ר",580194793,"מגן אברהם קרנות לעזרה ולגמילות חסדים (ע""ר)",קירוב - השם ב-heteriske שונה מהשם במאגר שלנו,False,True
857,"ברקת מימון בע""מ",515279016,"ברקת מימון בע""מ",מדויק,True,True
856,"ברקת מימון יזמים בע""מ",517032579,"ברקת מימון יזמים בע""מ",מדויק,True,True
855,"ברקת קפיטל בע""מ",515187326,"ברקת קפיטל בע""מ",מדויק,True,True
1140,"רזאור הנדסה ויעוץ בע""מ",512526278,"רזאור השקעות הנדסה ויעוץ בע""מ",קירוב - השם ב-heteriske שונה מהשם במאגר שלנו,False,True
1050,א.א. נכסים,,,לא ידוע - לא נפתר מול המאגר שלנו,,
1051,"א.א. תכלת השקעות בטכנולוגיה בע""מ",516205390,"א.א. תכלת השקעות בטכנולוגיה בע""מ",מדויק,True,True
1058,"אחים גבאי חקלאות (1996) בע""מ",512279050,"אחים גבאי חקלאות (1996) בע""מ",מדויק,True,True
1060,"אימפקט אירופה ישראל יזמות והשקעות בע""מ",,,לא ידוע - לא נפתר מול המאגר שלנו,,
1083,"גרין סיטי נכסים בוקרשט בע""מ",516162146,"גרין סיטי נכסים בוקרשט בע""מ",מדויק,True,True
1091,דפוס שילת,,,לא ידוע - לא נפתר מול המאגר שלנו,,
1094,"ה.ש.מ אירופה ישראל יזמות בע""מ",515018729,"ה.ש.מ אירופה - ישראל יזמות בע""מ",מדויק,True,True
1105,"מ.א.מ.י.א יזמות והשקעות בע""מ",514968940,"מ.א.מ.י.א - יזמות והשקעות בע""מ",מדויק,True,True
1827,"""חויבי""",,,לא ידוע - לא נפתר מול המאגר שלנו,,
2843,3SV Asset and Holding Management,,,לא ידוע - לא נפתר מול המאגר שלנו,,
2825,ACS Participações,,,לא ידוע - לא נפתר מול המאגר שלנו,,
2851,ADAR IND. COM. IMP. EXP. LTDA.,,,לא ידוע - לא נפתר מול המאגר שלנו,,
2852,ADAR IND. COM. IMP. EXP. LTDA.,,,לא ידוע - לא נפתר מול המאגר שלנו,,
2853,ADAR IND. COM. IMP. EXP. LTDA.,,,לא ידוע - לא נפתר מול המאגר שלנו,,
2854,ADAR IND. COM. IMP. EXP. LTDA.,,,לא ידוע - לא נפתר מול המאגר שלנו,,
21,Aicom,,,לא ידוע - לא נפתר מול המאגר שלנו,,
2403,AJS Asset Management,,,לא ידוע - לא נפתר מול המאגר שלנו,,
2404,Alberto Joseph Safra Holding Ltda.,,,לא ידוע - לא נפתר מול המאגר שלנו,,
629,aridesk,,,לא ידוע - לא נפתר מול המאגר שלנו,,
2408,Asa Assessor de Invesrimentos,,,לא ידוע - לא נפתר מול המאגר שלנו,,
2402,Asa Asset Management,,,לא ידוע - לא נפתר מול המאגר שלנו,,
2409,Asa Digital Assets S.A.,,,לא ידוע - לא נפתר מול המאגר שלנו,,
2405,Asa Real Estate IMoveis Ltda.,,,לא ידוע - לא נפתר מול המאגר שלנו,,
2406,Asa Services,,,לא ידוע - לא נפתר מול המאגר שלנו,,
2407,Asa Sistemas Technologicos Ltda.,,,לא ידוע - לא נפתר מול המאגר שלנו,,
2411,"Asa Sociedade de Credito, Financiamento e Investimentos S.A.",,,לא ידוע - לא נפתר מול המאגר שלנו,,
2410,"Asa Sociedade de Credito, Financiamento e Investos S.A.",,,לא ידוע - לא נפתר מול המאגר שלנו,,
2855,AVANTI IND. COM. IMP. EXP. LTDA.,,,לא ידוע - לא נפתר מול המאגר שלנו,,
2856,AVANTI IND. COM. IMP. EXP. LTDA.,,,לא ידוע - לא נפתר מול המאגר שלנו,,
2857,AVANTI IND. COM. IMP. EXP. LTDA.,,,לא ידוע - לא נפתר מול המאגר שלנו,,
2858,AVANTI IND. COM. IMP. EXP. LTDA.,,,לא ידוע - לא נפתר מול המאגר שלנו,,
2829,BANCO DAYCOVAL,,,לא ידוע - לא נפתר מול המאגר שלנו,,
2836,BELMONT GROUP CORP.,,,לא ידוע - לא נפתר מול המאגר שלנו,,
2848,Brl1 Consortium S/A,,,לא ידוע - לא נפתר מול המאגר שלנו,,
2847,Cainvest Bank and Trust Limited,,,לא ידוע - לא נפתר מול המאגר שלנו,,
2845,Cainvest International S.A,,,לא ידוע - לא נפתר מול המאגר שלנו,,
2849,CISA Fundo de Investimento Financeiro Multimercado,,,לא ידוע - לא נפתר מול המאגר שלנו,,
2850,CISA Liquidity Provider Ltd,,,לא ידוע - לא נפתר מול המאגר שלנו,,
2844,Create Brokerage,,,לא ידוע - לא נפתר מול המאגר שלנו,,
2828,CSS AGENCIA DE TURISMO,,,לא ידוע - לא נפתר מול המאגר שלנו,,
2846,Dartley Securities Limited,,,לא ידוע - לא נפתר מול המאגר שלנו,,
2842,DAYCO FINANCIAL CORPORATION BVI,,,לא ידוע - לא נפתר מול המאגר שלנו,,
2834,DAYCOVAL ASSET MANAGEMENT,,,לא ידוע - לא נפתר מול המאגר שלנו,,
2826,DAYPREV VIDA E PREVIDÊNCIA.,,,לא ידוע - לא נפתר מול המאגר שלנו,,
647,EIN compit holding LLC,,,לא ידוע - לא נפתר מול המאגר שלנו,,
669,EIN compit II holding LLC,,,לא ידוע - לא נפתר מול המאגר שלנו,,
729,EIN compit Inc,,,לא ידוע - לא נפתר מול המאגר שלנו,,
666,EIN compit Now LLC,,,לא ידוע - לא נפתר מול המאגר שלנו,,
665,EIN Tavivian Gronp Inc,,,לא ידוע - לא נפתר מול המאגר שלנו,,
2833,FONTAINE BUSINESS S.A.,,,לא ידוע - לא נפתר מול המאגר שלנו,,
2819,GLOBAL POWER DIGITAL PAYMENTS LTDA,,,לא ידוע - לא נפתר מול המאגר שלנו,,
1988,GLOBUS REAL ESTATE INVESTMENTS BATUMI,,,לא ידוע - לא נפתר מול המאגר שלנו,,
717,GO APP,,,לא ידוע - לא נפתר מול המאגר שלנו,,
2841,HELVETICA MANAGEMENT CORP,,,לא ידוע - לא נפתר מול המאגר שלנו,,
2827,IFPP “Ptomotora” de Serviços de Consultoria e Cadastro Ltda.,,,לא ידוע - לא נפתר מול המאגר שלנו,,
2820,KATEC IMPORTATION LTDA,,,לא ידוע - לא נפתר מול המאגר שלנו,,
1987,KERALA EXPERT SRL,,,לא ידוע - לא נפתר מול המאגר שלנו,,
2832,KRONU HOLDINGS LTD. BVI,,,לא ידוע - לא נפתר מול המאגר שלנו,,
1907,LENDAL US INC. EIN,,,לא ידוע - לא נפתר מול המאגר שלנו,,
1810,LR SOUTHEND LTD,,,לא ידוע - לא נפתר מול המאגר שלנו,,
1945,M המשכנתאות,,,לא ידוע - לא נפתר מול המאגר שלנו,,
2830,MASINA INVESTMENTS INC. BVI,,,לא ידוע - לא נפתר מול המאגר שלנו,,
2821,MONFICA COMERCIO E IMPORTADORA LTDA,,,לא ידוע - לא נפתר מול המאגר שלנו,,
1807,NAPOL - DIAMONDS,,,לא ידוע - לא נפתר מול המאגר שלנו,,
2840,NEW DAY BUSINESS HOLDINGS LTD. BVI,,,לא ידוע - לא נפתר מול המאגר שלנו,,
2823,OURIBANK MULTIPLE BANK,,,לא ידוע - לא נפתר מול המאגר שלנו,,
2148,SCI EVEN,,,לא ידוע - לא נפתר מול המאגר שלנו,,
2837,SKYLIGHT OFFSHORE LIMITED,,,לא ידוע - לא נפתר מול המאגר שלנו,,
728,SYNERO,,,לא ידוע - לא נפתר מול המאגר שלנו,,
2839,THE FIRST VISA TRUST,,,לא ידוע - לא נפתר מול המאגר שלנו,,
618,THE OWNERS CLASS LLC,,,לא ידוע - לא נפתר מול המאגר שלנו,,
2831,THREE PRINCESS INC.,,,לא ידוע - לא נפתר מול המאגר שלנו,,
2835,TREETOP INVESTMENTS,,,לא ידוע - לא נפתר מול המאגר שלנו,,
2824,Valco Administration,,,לא ידוע - לא נפתר מול המאגר שלנו,,
2838,YELLOW MOON INVESTMENT SERVICES LIMITED,,,לא ידוע - לא נפתר מול המאגר שלנו,,
1949,YosseFinace,,,לא ידוע - לא נפתר מול המאגר שלנו,,
2822,ZARAPLAST SA.,,,לא ידוע - לא נפתר מול המאגר שלנו,,
1413,"א. גורדו בע""מ",510810575,"א. גורדו בע""מ",מדויק,True,True
3283,א. פטמן ליווי עומק לשיווק רווחי,,,לא ידוע - לא נפתר מול המאגר שלנו,,
1677,"א. פרץ צעצועים בע""מ",515173086,"א. פרץ צעצועים בע""מ",מדויק,True,True
1681,א.ב. כיפות,,,לא ידוע - לא נפתר מול המאגר שלנו,,
1859,א.וייסלר עורכת דין ומגשרת,,,לא ידוע - לא נפתר מול המאגר שלנו,,
639,"א.ט.מ.ס מטריקס בע""מ",515633345,"א.ט.מ.ס מטריקס בע""מ",מדויק,True,True
61,א.ל. שפירא כוח אדם,516889995,"א.ל שפירא כוח אדם בע""מ",קירוב - השם ב-heteriske שונה מהשם במאגר שלנו,False,True
2000,"א.מ. רום השקעות (2007) בע""מ",514065085,"א.מ. רום השקעות (2007) בע""מ",מדויק,True,False
652,"א.ע.מ ליאל החזקות בע""מ",516536190,"א.ע.מ ליאל החזקות בע""מ",מדויק,True,True
2145,א.צור,,,לא ידוע - לא נפתר מול המאגר שלנו,,
1967,א.ק קרן בטחונות ממוקדת שותפות מוגבלת,,,לא ידוע - לא נפתר מול המאגר שלנו,,
630,"א.ק.ח נכסים בע""מ",515534691,"א.ק.ח נכסים בע""מ",מדויק,True,True
1775,"א.ר. נכסי אלאר בע""מ",514134030,"א.ר. נכסי אלאר בע""מ",מדויק,True,True
2544,"אבא א.ב אחזקות נדלן בע""מ",515342269,"אבא א.ב אחזקות נדלן בע""מ",מדויק,True,True
190,"אבי גטי 770 בע""מ",516426822,"אבי גטי 770 בע""מ",מדויק,True,True
1707,"אביר יעקב ישראל נדל""ן בע""מ",515819183,"אביר יעקב ישראל נדל""ן בע""מ",מדויק,True,True
1763,"אבן גיר בע""מ",515689776,"אבן גיר בע""מ",מדויק,True,True
927,אברהם ירט,,,לא ידוע - לא נפתר מול המאגר שלנו,,
1772,"אגבד ייזום פרויקטים בתמ""א 38 בע""מ",514795277,"אגבד ייזום פרויקטים בתמ""א 38 בע""מ",מדויק,True,True
1965,"אגודת חסידי ספינקא בארץ ישראל מיסודו של כ""ק מרן האדמו""ר ר יעקב יוסף",580270007,"אגודת חסידי ספינקא בארץ ישראל מיסודו של כ""ק מרן האדמו""ר ר' יעקב יוסף (ע""ר)",מדויק,True,True
1821,"אגרטון ס.ד בע""מ",515871267,"אגרטון ס.ד בע""מ",מדויק,True,True
1856,אדיר מיתוג ופירסום,,,לא ידוע - לא נפתר מול המאגר שלנו,,
651,"אדר נדל""ן והשקעות בע""מ",514263177,"אדר נדל""ן והשקעות בע""מ",מדויק,True,True
527,"אהבת תורה וחסד רמת בית שמש (ע""ר)",580597268,"אהבת תורה וחסד רמת בית שמש (ע""ר)",מדויק,True,False
1808,"או.סי.ליינס אינטרשיונל בע""מ",,,לא ידוע - לא נפתר מול המאגר שלנו,,
1809,"או.סי.ליינס בע""מ",514244599,"או.סי ליינס בע""מ",מדויק,True,True
1968,"אובליגו ואליו בע""מ",,,לא ידוע - לא נפתר מול המאגר שלנו,,
1768,"אוורסט 38 (ש.פ.) 2014 בע""מ",,,לא ידוע - לא נפתר מול המאגר שלנו,,
1767,"אוורסט אוצר הצמחים 5 הרצליה בע""מ",515238293,"אוורסט אוצר הצמחים 5 הרצליה בע""מ",מדויק,True,True
1766,"אוורסט האסיף 4 בע""מ",514972587,"אוורסט האסיף 4 בע""מ",מדויק,True,True
1770,"אוורסט נדל""ן הדור בע""מ",,,לא ידוע - לא נפתר מול המאגר שלנו,,
1765,"אוורסט עין גנים תמ""א 38 בע""מ",,,לא ידוע - לא נפתר מול המאגר שלנו,,
1769,"אוורסט קהילת ציון 17 בע""מ",515115566,"אוורסט קהילת ציון 17 בע""מ",מדויק,True,True
1840,"אוניברסיטת חיפה מלכ""ר",,,לא ידוע - לא נפתר מול המאגר שלנו,,
2133,"אוניקס אחזקות בע""מ",515679652,"אוניקס אחזקות בע""מ",מדויק,True,True
2132,"אוניקס חי בע""מ",516712122,"אוניקס חיפה מ.מ בע""מ",קירוב - השם ב-heteriske שונה מהשם במאגר שלנו,False,False
2130,"אוניקס פ.מגורי יוקרה בע""מ",,,לא ידוע - לא נפתר מול המאגר שלנו,,
16,אוניקס קרמיקה,,,לא ידוע - לא נפתר מול המאגר שלנו,,
672,"אופק (נ.ה.א) ניהול השקעות אלטרנטיביות בע""מ",516201464,"אופק (נ.ה.א) ניהול השקעות אלטרנטיביות בע""מ",מדויק,True,True
671,"אופק פרויקט לישנסקי 22 ראשון לציון בע""מ",515952786,"אופק פרויקט לישנסקי 22 ראשון לציון בע""מ",מדויק,True,True
2802,"אופקים סנטר בע""מ",516125895,"אופקים סנטר בע""מ",מדויק,True,True
484,"אופרה על הים בע""מ",512785536,"אופרה על הים בע""מ",מדויק,True,True
654,"אור - לציון ירושלים (ע""ר)",580136976,"אור - לציון ירושלים (ע""ר)",מדויק,True,True
1953,אור-גני ישראל,,,לא ידוע - לא נפתר מול המאגר שלנו,,
655,"אוריאל - חן השקעות בע""מ",512458738,"אוריאל - חן השקעות בע""מ",מדויק,True,True
656,"אורקום אסטרטגיות בע""מ",513676791,"אורקום אסטרטגיות בע""מ",מדויק,True,True
657,"אורקום אסטרטגיות ונכסים בע""מ",514813146,"אורקום אסטרטגיות ונכסים בע""מ",מדויק,True,True
1885,"אחדות הארץ המובטחת בע""מ",515410785,"אחדות הארץ המובטחת בע""מ",מדויק,True,True
1920,"אי די אם אינטרנשיונל בע""מ",515061943,"אי די אם אינטרנשיונל בע""מ",מדויק,True,True
658,"אי-לון ג'יפי בע""מ",515644755,"אי-לון ג'יפי בע""מ",מדויק,True,True
1928,"אי.פי.ג'י פרי השקעות בע""מ",515179323,"אי.פי.ג'י פרי השקעות בע""מ",מדויק,True,True
659,"איגוד העסקים החרדים בע""מ",517006995,"איגוד העסקים החרדים בע""מ",מדויק,True,True
1655,"אידיאל טורס (1982)(ישראל) בע""מ",510940505,"אידיאל טורס (1982)(ישראל) בע""מ",מדויק,True,True
23,"אייטופ ב.ה. בע""מ",516494838,"אייטופ ב.ה. בע""מ",מדויק,True,True
1956,אייס פרינט -א.א. אדיר,,,לא ידוע - לא נפתר מול המאגר שלנו,,
60,איכות הטבע,,,לא ידוע - לא נפתר מול המאגר שלנו,,
2547,"אינדיגו מגדל העמק בע""מ",,,לא ידוע - לא נפתר מול המאגר שלנו,,
2553,"אינדיגו מניבים בע""מ",516023827,"אינדיגו מניבים בע""מ",מדויק,True,True
2543,"אינדיגו ניהול בע""מ",516615077,"אינדיגו ניהול בע""מ",מדויק,True,True
2549,"אינדיגו ניהול הצפון בע""מ",,,לא ידוע - לא נפתר מול המאגר שלנו,,
1739,"אינסוליין מדיקל בע""מ",,,לא ידוע - לא נפתר מול המאגר שלנו,,
1699,אירנשטיין ת,,,לא ידוע - לא נפתר מול המאגר שלנו,,
1926,"אלדד פרי אינטרנשיונל בע""מ",514878982,"אלדד פרי אינטרנשיונל בע""מ",מדויק,True,True
1999,אלון מורן,,,לא ידוע - לא נפתר מול המאגר שלנו,,
1709,אלי ייבוא שיווק והפצה,,,לא ידוע - לא נפתר מול המאגר שלנו,,
461,"אליעזר הלוי 8 בע""מ",515769586,"אליעזר הלוי 8 בע""מ",מדויק,True,True
161,אליעזר קייקוב,,,לא ידוע - לא נפתר מול המאגר שלנו,,
1998,אלישע אלישי להב,,,לא ידוע - לא נפתר מול המאגר שלנו,,
660,"אלפא גידורים בע""מ",514234467,"אלפא גידורים בע""מ",מדויק,True,True
525,"אמ קיי הולדינגס ישראל 26 בע""מ",515142503,"אמ קיי הולדינגס ישראל 26 בע""מ",מדויק,True,True
635,"אם. אן. גי התחדשות עירונית בע""מ",515265908,"אם. אן. גי התחדשות עירונית בע""מ",מדויק,True,True
634,"אם.אן.ג'י התחדשות קרית ים בע""מ",516941168,"אם.אן.ג'י התחדשות קרית ים בע""מ",מדויק,True,True
1789,"אמא מ.א.א. ניהול והשקעות בע""מ",515824613,"אמא מ.א.א. ניהול והשקעות בע""מ",מדויק,True,True
624,"אמיגה מ.ל. השקעות בע""מ",516330131,"אמיגה מ.ל. השקעות בע""מ",מדויק,True,True
2326,אמילי,580038677,"אמילי (ע""ר)",מדויק,True,False
1940,"אמין עסקים ולוגיסטיקה בע""מ",515037976,"אמין עסקים ולוגיסטיקה בע""מ",מדויק,True,True
1740,"אנ""ש בע""מ",511901050,"אנ""ש (אחזקה , נכסים ושיפוצים) בע""מ",מדויק,True,False
768,"אסיה סיירוס הנדסה וביצוע בע""מ",513484972,"אסיה סיירוס הנדסה וביצוע בע""מ",מדויק,True,True
1962,"אפהל נדל""ן בע""מ",514985274,"אפהל נדל""ן בע""מ",מדויק,True,True
661,"אפטק א. א. י. בע""מ",515891919,"אפטק א. א. י. בע""מ",מדויק,True,True
98,אפי'ס,,,לא ידוע - לא נפתר מול המאגר שלנו,,
1820,אפילוגיק בית שמש,,,לא ידוע - לא נפתר מול המאגר שלנו,,
2803,"אפרת סנטר בע""מ",515605327,"אפרת סנטר בע""מ",מדויק,True,True
1994,"אקס טו וואן ישראל בע""מ",515292621,"אקס טו וואן ישראל בע""מ",מדויק,True,True
713,אקסלנט,,,לא ידוע - לא נפתר מול המאגר שלנו,,
1783,"אר.אי. מכוניות בע""מ",511629164,"אר. אי. מכוניות בע""מ",מדויק,True,True
1854,אריה טוויג מאסטר בעסקים ושייוק דיגטלי,,,לא ידוע - לא נפתר מול המאגר שלנו,,
1698,ארמנה (יוטה פולצ'ק),,,לא ידוע - לא נפתר מול המאגר שלנו,,
1983,"ארמס חברה לסחר בע""מ",513895268,"ארמס חברה לסחר בע""מ",מדויק,True,True
1982,"ארמס מטווחי ירי בע""מ",514697804,"ארמס מטווחי ירי בע""מ",מדויק,True,True
1915,אשר אייצר,,,לא ידוע - לא נפתר מול המאגר שלנו,,
59,ב.ח. שיווק,,,לא ידוע - לא נפתר מול המאגר שלנו,,
29,ב.שיינברגר עיצוב פנים,,,לא ידוע - לא נפתר מול המאגר שלנו,,
1861,"בול מסחר והשקעות בע""מ",510992183,"בול מסחר והשקעות בע""מ",מדויק,True,True
449,"בוסתנים מקבוצת בית ירושלמי בע""מ",516445483,"בוסתנים מקבוצת בית ירושלמי בע""מ",מדויק,True,True
1745,"בי""ס תיכון בית - יעקב פתח - תקוה",,,לא ידוע - לא נפתר מול המאגר שלנו,,
452,"ביאליק האם מקבוצת בית ירושלמי בע""מ",516858503,"ביאליק - האם מקבוצת בית ירושלמי בע""מ",מדויק,True,True
454,"ביאליק מקבוצת בית ירושלמי בע""מ",516858511,"ביאליק מקבוצת בית ירושלמי בע""מ",מדויק,True,True
1952,"ביבלוג לוגיסטיקה בע""מ",,,לא ידוע - לא נפתר מול המאגר שלנו,,
9,ביגלנס,,,לא ידוע - לא נפתר מול המאגר שלנו,,
1744,ביוטי בית,516706470,ביוטי בית,מדויק,True,False
1811,ביזנסט,,,לא ידוע - לא נפתר מול המאגר שלנו,,
1800,"בית היצירה איבון בע""מ",513775809,"בית היצירה איבון בע""מ",מדויק,True,True
19,בית הכנסת המרכזי אילת השחר פרדס כץ,580677177,"בית הכנסת המרכזי אילת השחר פרדס כץ (ע""ר)",מדויק,True,True
443,"בית חדש מקבוצת בית ירושלמי בע""מ",516099082,"בית חדש מקבוצת בית ירושלמי בע""מ",מדויק,True,True
455,"בית ירוק מקבוצת בית ירושלמי שלי בע""מ",515901999,"בית ירוק בעיר מקבוצת בית ירושלמי שלי בע""מ",קירוב - השם ב-heteriske שונה מהשם במאגר שלנו,False,True
430,"בית ירושלמי שלי אחזקות וניהול פרוייקטים בע""מ",,,לא ידוע - לא נפתר מול המאגר שלנו,,
486,"בית ירושלמי שלי יזמות ובינוי בע""מ",515558047,"בית ירושלמי שלי יזמות ובינוי בע""מ",מדויק,True,True
485,"בית ירושלמי שלי נכסים בע""מ",515746675,"בית ירושלמי שלי נכסים בע""מ",מדויק,True,True
429,"בית ירושלמי שלי תמ""א 38 בע""מ",515611168,"בית ירושלמי שלי תמ""א 38 בע""מ",מדויק,True,True
1801,בית פלוס,,,לא ידוע - לא נפתר מול המאגר שלנו,,
1791,"בן חורין השקעות בע""מ",515397347,"בן חורין השקעות בע""מ",מדויק,True,True
3062,"בני ארי השקעות אביחי בע""מ",516063146,"בני ארי השקעות אביחי בע""מ",מדויק,True,True
3067,"בני ארי השקעות אבישי בע""מ",516062601,"בני ארי השקעות אבישי בע""מ",מדויק,True,True
2976,"בני ארי השקעות אודם בע""מ",515948123,"בני ארי השקעות אודם בע""מ",מדויק,True,True
3063,"בני ארי השקעות אוריה בע""מ",516063138,"בני ארי השקעות אוריה בע""מ",מדויק,True,True
2972,"בני ארי השקעות אחלמה בע""מ",515947901,"בני ארי השקעות אחלמה בע""מ",מדויק,True,True
3060,"בני ארי השקעות אפרת בע""מ",515948552,"בני ארי השקעות אפרת בע""מ",מדויק,True,True
2966,"בני ארי השקעות ברקת בע""מ",515946028,"בני ארי השקעות ברקת בע""מ",מדויק,True,True
2975,"בני ארי השקעות דבורה בע""מ",515948057,"בני ארי השקעות דבורה בע""מ",מדויק,True,True
3057,"בני ארי השקעות הודיה בע""מ",515948511,"בני ארי השקעות הודיה בע""מ",מדויק,True,True
2965,"בני ארי השקעות ופרויקטים בע""מ",513327502,"בני ארי השקעות ופרויקטים בע""מ",מדויק,True,True
3059,"בני ארי השקעות חיה בע""מ",515948545,"בני ארי השקעות חיה בע""מ",מדויק,True,True
3055,"בני ארי השקעות יהודית בע""מ",515948396,"בני ארי השקעות יהודית בע""מ",מדויק,True,True
2980,"בני ארי השקעות יהלום בע""מ",515948743,"בני ארי השקעות יהלום בע""מ",מדויק,True,True
3065,"בני ארי השקעות יצחק בע""מ",516062759,"בני ארי השקעות יצחק בע""מ",מדויק,True,True
3056,"בני ארי השקעות ישפה בע""מ",515948404,"בני ארי השקעות ישפה בע""מ",מדויק,True,True
3064,"בני ארי השקעות לאה בע""מ",516063120,"בני ארי השקעות לאה בע""מ",מדויק,True,True
2967,"בני ארי השקעות לשם בע""מ",515946010,"בני ארי השקעות לשם בע""מ",מדויק,True,True
3061,"בני ארי השקעות מיכאל בע""מ",516063153,"בני ארי השקעות מיכאל בע""מ",מדויק,True,True
3066,"בני ארי השקעות מיכל בע""מ",516062734,"בני ארי השקעות מיכל בע""מ",מדויק,True,True
3068,"בני ארי השקעות מיכל בע""מ",516062734,"בני ארי השקעות מיכל בע""מ",מדויק,True,False
2968,"בני ארי השקעות נעמה בע""מ",515946085,"בני ארי השקעות נעמה בע""מ",מדויק,True,True
2977,"בני ארי השקעות נפך בע""מ",515948750,"בני ארי השקעות נפך בע""מ",מדויק,True,True
2969,"בני ארי השקעות ספיר בע""מ",515946044,"בני ארי השקעות ספיר בע""מ",מדויק,True,True
2978,"בני ארי השקעות פטדה בע""מ",515948776,"בני ארי השקעות פטדה בע""מ",מדויק,True,True
2973,"בני ארי השקעות רעות בע""מ",515947919,"בני ארי השקעות רעות בע""מ",מדויק,True,True
2979,"בני ארי השקעות שבו בע""מ",515948784,"בני ארי השקעות שבו בע""מ",מדויק,True,True
2970,"בני ארי השקעות שהם בע""מ",515946036,"בני ארי השקעות שהם בע""מ",מדויק,True,True
3058,"בני ארי השקעות שיר בע""מ",515948537,"בני ארי השקעות שיר בע""מ",מדויק,True,True
2974,"בני ארי השקעות שירה בע""מ",515947968,"בני ארי השקעות שירה בע""מ",מדויק,True,True
2971,"בני ארי השקעות תהילה בע""מ",515946101,"בני ארי השקעות תהילה בע""מ",מדויק,True,False
3054,"בני ארי השקעות תרשיש בע""מ",515948859,"בני ארי השקעות תרשיש בע""מ",מדויק,True,True
2964,"בני ארי ייזום וניהול פרויקטים בע""מ",514803501,"בני ארי ייזום וניהול פרויקטים בע""מ",מדויק,True,True
1942,בני הישיבות,,,לא ידוע - לא נפתר מול המאגר שלנו,,
193,בני הישיבות גן הדסים מודיעין עילית,580811487,"בני הישיבות גן הדסים מודיעין עילית (ע""ר)",מדויק,True,True
2545,"בנימין ויהודה אחזקות בע""מ",515729747,"בנימין ויהודה אחזקות בע""מ",מדויק,True,True
1656,בנימין תכשיטים,,,לא ידוע - לא נפתר מול המאגר שלנו,,
473,"בעל התניא ישראל בע""מ",,,לא ידוע - לא נפתר מול המאגר שלנו,,
783,"בראל סלעית בנחל בע""מ",516700713,"בראל סלעית בנחל בע""מ",מדויק,True,True
1657,"בראשית א.ה.מ סחר בע""מ",514060185,"בראשית א.ה.מ סחר בע""מ",מדויק,True,True
2001,ברבר רבקה,,,לא ידוע - לא נפתר מול המאגר שלנו,,
2540,"ברוהאוס הגולן בע""מ",513792648,"ברוהאוס הגולן בע""מ",מדויק,True,True
1733,"בריאות השן ברמה בע""מ",513390260,"בריאות השן ברמה בע""מ",מדויק,True,True
1802,"ברכה בככר בע""מ",514231109,"ברכה בככר בע""מ",מדויק,True,True
921,ברכה צדק,,,לא ידוע - לא נפתר מול המאגר שלנו,,
1701,ברכת ישראל,510950173,"ברכת ישראל בע""מ",קירוב - השם ב-heteriske שונה מהשם במאגר שלנו,False,False
2813,ברמן עשת,,,לא ידוע - לא נפתר מול המאגר שלנו,,
2124,"ברק לשם פיננסים בע""מ",515084416,"ברק לשם פיננסים בע""מ",מדויק,True,True
1845,ברק פיננסים,,,לא ידוע - לא נפתר מול המאגר שלנו,,
2125,"ברק שוהם סוכנות פנסיוני(2015) בע""מ",515225449,"ברק שוהם סוכנות לביטוח פנסיוני (2015) בע""מ",קירוב - השם ב-heteriske שונה מהשם במאגר שלנו,False,False
1702,בשעה טובה,,,לא ידוע - לא נפתר מול המאגר שלנו,,
446,"בתים מקבוצת בית ירושלמי בע""מ",516641974,"בתים מקבוצת בית ירושלמי בע""מ",מדויק,True,True
784,"ג.ק. חילו השקעות בע""מ",516464534,"ג.ק. חילו השקעות בע""מ",מדויק,True,True
1746,"ג'י.יו.אס מרקטינג בע""מ",513935858,"ג'י.יו.אס מרקטינג בע""מ",מדויק,True,True
1841,גאולה אופטיקס,,,לא ידוע - לא נפתר מול המאגר שלנו,,
2117,גד,,,לא ידוע - לא נפתר מול המאגר שלנו,,
1700,גוט קרמיק,,,לא ידוע - לא נפתר מול המאגר שלנו,,
1969,"גוטמן - אמיר עו""ד",,,לא ידוע - לא נפתר מול המאגר שלנו,,
2147,גולדגרף-שוהם,,,לא ידוע - לא נפתר מול המאגר שלנו,,
1788,"גולדמוביל ירושלים בע""מ",514204445,"גולדמוביל ירושלים בע""מ",מדויק,True,True
1787,"גולדמוביל קיה מודיעין בע""מ",515505758,"גולדמוביל קיה מודיעין בע""מ",מדויק,True,True
1813,"גטנדר בע""צ",,,לא ידוע - לא נפתר מול המאגר שלנו,,
1659,גטר שרה,,,לא ידוע - לא נפתר מול המאגר שלנו,,
1799,"גיל צעד נבון בע""מ",512610577,"גיל צעד נבון בע""מ",מדויק,True,True
1773,"גירסא שניה בע""מ",,,לא ידוע - לא נפתר מול המאגר שלנו,,
1792,"גלאט נופש בע""מ",515374593,"גלאט נופש בע""מ",מדויק,True,True
2009,"גלעד מאי חברה להשקעות בניה ופיתוח בע""מ",513177345,"גלעד מאי חברה להשקעות בניה ופיתוח בע""מ",מדויק,True,False
2142,"גלעד משאט עו""ד",,,לא ידוע - לא נפתר מול המאגר שלנו,,
1803,"גמ""ח אהבת חסד",,,לא ידוע - לא נפתר מול המאגר שלנו,,
1747,גמילות חסדים חסדי ישראל דחסידי מודזי'ץ,580665651,"גמילות חסדים חסדי ישראל דחסידי מודז'יץ (ע""ר)",מדויק,True,True
721,גן פייגי,,,לא ידוע - לא נפתר מול המאגר שלנו,,
2011,גראנאטאוויטש יוכבד,,,לא ידוע - לא נפתר מול המאגר שלנו,,
25,גרופריסייל,,,לא ידוע - לא נפתר מול המאגר שלנו,,
1506,"גרייטדור תעשיות בע""מ",516393048,"גרייטדור תעשיות בע""מ",מדויק,True,True
192,גרשטנקורן טובה,,,לא ידוע - לא נפתר מול המאגר שלנו,,
2551,"גשר קדמה יזמות בע""מ",517040382,"גשר קדמה יזמות בע""מ",מדויק,True,True
24,ד. מלכא עיצוב פנים,,,לא ידוע - לא נפתר מול המאגר שלנו,,
787,"ד.שבוט השקעות בע""מ",516461381,"ד. שבוט השקעות בע""מ",מדויק,True,True
1726,"ד""ר בני כהן",,,לא ידוע - לא נפתר מול המאגר שלנו,,
1711,"ד""ר סמואל שמואל",,,לא ידוע - לא נפתר מול המאגר שלנו,,
1714,"ד""ר שפירו דניאל",,,לא ידוע - לא נפתר מול המאגר שלנו,,
1748,דוידיאן ייבוא ושיווק,,,לא ידוע - לא נפתר מול המאגר שלנו,,
1684,דונה לינן (מצעי בן ברבר),,,לא ידוע - לא נפתר מול המאגר שלנו,,
1697,דינקלס יוסף,,,לא ידוע - לא נפתר מול המאגר שלנו,,
1995,דפוס שילת,,,לא ידוע - לא נפתר מול המאגר שלנו,,
1780,ה.מ פתרונות הדפסה (דוקטור דיו),,,לא ידוע - לא נפתר מול המאגר שלנו,,
435,"הבית בגנים מקבוצת בית ירושלמי בע""מ",516186251,"הבית בגנים מקבוצת בית ירושלמי בע""מ",מדויק,True,True
436,"הבית בהרצוג מקבוצת בית ירושלמי בע""מ",516198769,"הבית בהרצוג מקבוצת בית ירושלמי בע""מ",מדויק,True,True
458,"הבית בהשומר מקבוצת בית ירושלמי בע""מ",516186038,"הבית בהשומר מקבוצת בית ירושלמי בע""מ",מדויק,True,True
450,"הבית בכרם מקבוצת בית ירושלמי בע""מ",516335445,"הבית בכרם מקבוצת בית ירושלמי בע""מ",מדויק,True,True
431,"הבית במעלות דפנה מקבוצת בית ירושלמי שלי בע""מ",,,לא ידוע - לא נפתר מול המאגר שלנו,,
432,"הבית במרגולין מקבוצת בית ירושלמי בע""מ",516219169,"הבית במרגולין מקבוצת בית ירושלמי בע""מ",מדויק,True,True
487,"הבית בנורית מקבוצת בית ירושלמי בע""מ",516211216,"הבית בנורית מקבוצת בית ירושלמי בע""מ",מדויק,True,True
457,"הבית בפינס מקבוצת בית ירושלמי בע""מ",516779980,"הבית בפינס מקבוצת בית ירושלמי בע""מ",מדויק,True,True
437,"הבית בקוסטריקה מקבוצת בית ירושלמי בע""מ",516211422,"הבית בקוסטריקה מקבוצת בית ירושלמי בע""מ",מדויק,True,True
438,"הבית ברמת שרת מקבוצת בית ירושלמי בע""מ",516867389,"הבית ברמת שרת מקבוצת בית ירושלמי בע""מ",מדויק,True,True
2139,"הבנק הדיגיטלי הראשון בע""מ",,,לא ידוע - לא נפתר מול המאגר שלנו,,
30,"הדר אברהם חברה להשקעות בע""מ",515543320,"הדר אברהם חברה להשקעות בע""מ",מדויק,True,True
789,הויזמן מנחם,,,לא ידוע - לא נפתר מול המאגר שלנו,,
1761,"הומי משכנתאות חברתיות בע""מ",515739498,"הומי משכנתאות חברתיות בע""מ",מדויק,True,True
1991,הופמן ובניו,,,לא ידוע - לא נפתר מול המאגר שלנו,,
1972,"הוצלר יהודה (1999) בע""מ",512782244,"הוצלר יהודה (1999) בע""מ",מדויק,True,True
12,הי קום-הומפיוטר,,,לא ידוע - לא נפתר מול המאגר שלנו,,
68,הידורים,,,לא ידוע - לא נפתר מול המאגר שלנו,,
1989,"היי-לימיט שותף כללי בע""מ",516079886,"היי-לימיט שותף כללי בע""מ",מדויק,True,True
1798,היימשע בייגלס,,,לא ידוע - לא נפתר מול המאגר שלנו,,
1749,הכל בקול,580715266,"הכל בקול (ע""ר)",מדויק,True,False
1882,"הל""ה 23-25 בע""מ",515903318,"הל""ה 23-25 בע""מ",מדויק,True,True
1691,הלבשה אישית l.v,,,לא ידוע - לא נפתר מול המאגר שלנו,,
1908,המועצה הדתית נצרת עילית,,,לא ידוע - לא נפתר מול המאגר שלנו,,
3080,המועצה הדתית נצרת עילית,,,לא ידוע - לא נפתר מול המאגר שלנו,,
1750,"המרכז העולמי לתורה וחסידות שע""י חסידי בעלזא",,,לא ידוע - לא נפתר מול המאגר שלנו,,
633,המרכז לבית ברמה,,,לא ידוע - לא נפתר מול המאגר שלנו,,
2814,"המרכז לתעשייה ומסחר מפרץ חיפה בע""מ",510588106,המרכז לתעשייה ומסחר מפרץ חיפה בעמ,מדויק,True,True
1909,הסתדרות אגודת ישראל בארץ ישראל,580421527,"הסתדרות אגודת ישראל בארץ ישראל בבני ברק (ע""ר)",קירוב - השם ב-heteriske שונה מהשם במאגר שלנו,False,False
1777,העמותה למען דיור בר השגה,580556504,"העמותה למען דיור בר השגה (ע""ר)",מדויק,True,True
1944,הפאה של צילי,,,לא ידוע - לא נפתר מול המאגר שלנו,,
2806,"הר שמואל סנטר בע""מ",515973501,"הר שמואל סנטר בע""מ",מדויק,True,True
1957,"השבועון לבית היהודי -מ.ל. בע""מ",515227411,"השבועון לבית היהודי - מ.ל. בע""מ",מדויק,True,True
1835,"השטעטל דיור להשכרה בע""מ",516273596,"השטעטל דיור להשכרה בע""מ",מדויק,True,True
1834,"השטעטל נכסים והשקעות בע""מ",515783355,"השטעטל נכסים והשקעות בע""מ",מדויק,True,True
194,השכרת צימרים משה אזרחי,,,לא ידוע - לא נפתר מול המאגר שלנו,,
1729,וואליו קרן למימון חוץ בנקאי שותפות מוגבלת,,,לא ידוע - לא נפתר מול המאגר שלנו,,
1822,"וויצ'ק בע""מ",515664555,"וויצ'ק בע""מ",מדויק,True,True
1824,"וויצ'ק השכרה בע""מ",516338746,"וויצ'ק השכרה בע""מ",מדויק,True,True
1823,"וויצ'ק נדל""ן בע""מ",516337441,"וויצ'ק נדל""ן בע""מ",מדויק,True,True
1825,"וויצ'ק פאנד 1 בע""מ",515897775,"וויצ'ק פאנד 1 בע""מ",מדויק,True,True
103,וולף יהושע פאלק,,,לא ידוע - לא נפתר מול המאגר שלנו,,
1948,ויזר יוסף חיים,,,לא ידוע - לא נפתר מול המאגר שלנו,,
1855,וילונות דקורטיב,,,לא ידוע - לא נפתר מול המאגר שלנו,,
1833,"ועשית הישר בע""מ",515531606,"ועשית הישר בע""מ",מדויק,True,True
1661,זול פה,,,לא ידוע - לא נפתר מול המאגר שלנו,,
796,"זיוה עובדיה השקעות בע""מ",515294387,"זיוה עובדיה השקעות בע""מ",מדויק,True,True
1723,זילבר ייעוץ והדרכה,515843399,"זילבר ייעוץ והדרכה בע""מ",קירוב - השם ב-heteriske שונה מהשם במאגר שלנו,False,False
1837,ח. רובינשטיין,,,לא ידוע - לא נפתר מול המאגר שלנו,,
1786,"ח.מ. גולד מוטורס מרכז שירות מודיעין בע""מ",514657428,"ח.מ. גולד מוטורס מרכז שירות מודיעין בע""מ",מדויק,True,True
1781,"ח.מ. חולון מוטורס (2010) בע""מ",514534460,"ח.מ. חולון מוטורס (2010) בע""מ",מדויק,True,False
2016,"חברת איזי בס בע""מ",,,לא ידוע - לא נפתר מול המאגר שלנו,,
1762,"חברת בין לאומית לתמ""א 38 בע""מ",,,לא ידוע - לא נפתר מול המאגר שלנו,,
1658,"חברת בש-יונה בע""מ",,,לא ידוע - לא נפתר מול המאגר שלנו,,
1778,"חברת די.אי.אס קונטו בע""מ",,,לא ידוע - לא נפתר מול המאגר שלנו,,
1660,"חברת המלך דוד מכירות פומביות בע""מ",,,לא ידוע - לא נפתר מול המאגר שלנו,,
1662,"חברת י.מ. אחים שמואלי בע""מ",,,לא ידוע - לא נפתר מול המאגר שלנו,,
765,חברת יוסף גרופ בזלמן ארן 3,,,לא ידוע - לא נפתר מול המאגר שלנו,,
763,"חברת ל.י.א.ל. בסט ווד נגרות ובינוי בע""מ",,,לא ידוע - לא נפתר מול המאגר שלנו,,
760,"חברת מבית משמחים בע""מ",,,לא ידוע - לא נפתר מול המאגר שלנו,,
1734,"חברת מי ק. גת בע""מ",,,לא ידוע - לא נפתר מול המאגר שלנו,,
754,"חברת משכנות אומנים מסחרי בע""מ",,,לא ידוע - לא נפתר מול המאגר שלנו,,
751,"חברת נימה שפע בע""מ",,,לא ידוע - לא נפתר מול המאגר שלנו,,
748,"חברת סלעית א.י.ש בע""מ",,,לא ידוע - לא נפתר מול המאגר שלנו,,
749,"חברת סלעית א.י.ש נדל""ן בע""מ",,,לא ידוע - לא נפתר מול המאגר שלנו,,
747,"חברת סלעית אבי נדל""ן בע""מ",,,לא ידוע - לא נפתר מול המאגר שלנו,,
746,"חברת סלעית דמרי 66 נדל""ן מגורים בע""מ",,,לא ידוע - לא נפתר מול המאגר שלנו,,
745,"חברת סלעית דמרי בגבעה בע""מ",,,לא ידוע - לא נפתר מול המאגר שלנו,,
744,"חברת סלעית דמרי גבעת זאב בע""מ",,,לא ידוע - לא נפתר מול המאגר שלנו,,
743,"חברת סלעית יובלים בע""מ",,,לא ידוע - לא נפתר מול המאגר שלנו,,
742,"חברת סלעית יתד מגורים בע""מ",,,לא ידוע - לא נפתר מול המאגר שלנו,,
741,"חברת עדי מעליות נכסים והשקעות בע""מ",,,לא ידוע - לא נפתר מול המאגר שלנו,,
1934,"חברת עדי עד יזמות והשקעות א.ע בע""מ",,,לא ידוע - לא נפתר מול המאגר שלנו,,
2136,"חברת עוגן - קרן להלוואות חברתיות בע""מ",515865335,"עוגן - קרן להלוואות חברתיות בע""מ (חל""צ)",קירוב - השם ב-heteriske שונה מהשם במאגר שלנו,False,True
740,חברת עטרת ישועה,,,לא ידוע - לא נפתר מול המאגר שלנו,,
1705,חברת פאות מ.קופולוביץ,,,לא ידוע - לא נפתר מול המאגר שלנו,,
2017,"חברת פסגות ניהול תחבורה בע""מ",,,לא ידוע - לא נפתר מול המאגר שלנו,,
682,"חברת שפאן השקעות בע""מ",,,לא ידוע - לא נפתר מול המאגר שלנו,,
681,"חברת תות תקשורת ותוצאות בע""מ",,,לא ידוע - לא נפתר מול המאגר שלנו,,
2812,"חוצות הגולן בע""מ",517041323,"חוצות הגולן בע""מ",מדויק,True,True
1832,"חיטוי טק בע""מ",515527315,"חיטוי טק בע""מ",מדויק,True,True
2963,חיים של תורה,,,לא ידוע - לא נפתר מול המאגר שלנו,,
2014,"חיים שלומוביץ ,ד""ר לאופטומטריה (ארה""ב) בע""מ",512834292,"חיים שלומוביץ, ד""ר לאופטומטריה (ארה""ב) בע""מ",מדויק,True,True
526,"חילו חוסני השקעות בע""מ",516466307,"חילו חוסני השקעות בע""מ",מדויק,True,True
632,"חלקת ארץ שיווק נדל""ן בע""מ",516452802,"חלקת ארץ שיווק נדל""ן בע""מ",מדויק,True,True
1815,"חסדך יסעדני בע""מ",515671600,"חסדך יסעדני בע""מ",מדויק,True,True
802,"חרוב מימון בע""מ",515664431,"חרוב מימון בע""מ",מדויק,True,True
1680,ט.י.ם טכנולוגיה מתקדמת,,,לא ידוע - לא נפתר מול המאגר שלנו,,
678,"טאבו נדל""ן ויזמות",,,לא ידוע - לא נפתר מול המאגר שלנו,,
2801,"טובר אחזקות בע""מ",515347631,"טובר אחזקות בע""מ",מדויק,True,True
2554,"טובר נדלן בע""מ",515664316,"טובר נדלן בע""מ",מדויק,True,True
888,טונר ישראל,,,לא ידוע - לא נפתר מול המאגר שלנו,,
2144,טועמיה,580557676,"טועמיה (ע""ר)",מדויק,True,False
1997,"טי.סי.אי תמ""א במרכז בע""מ",,,לא ידוע - לא נפתר מול המאגר שלנו,,
2324,טליה איפור וסירוק,,,לא ידוע - לא נפתר מול המאגר שלנו,,
1793,"טרקלין אולמות ואירועים בע""מ",514564863,"טרקלין אולמות ואירועים בע""מ",מדויק,True,True
2116,י,,,לא ידוע - לא נפתר מול המאגר שלנו,,
1690,"י.ברסקי - איי בי תקשורת בע""מ",515577468,"י.ברסקי - איי בי תקשורת בע""מ",מדויק,True,True
522,"י.ג. באטומי אחזקות בע""מ",,,לא ידוע - לא נפתר מול המאגר שלנו,,
803,"י.ג. גרינבוקס ייעוץ ויזמות בע""מ",,,לא ידוע - לא נפתר מול המאגר שלנו,,
1751,"י.ד הדרים יזמות בניה ופרויקטים בע""מ",515345072,"י.ד הדרים יזמות בניה ופרויקטים בע""מ",מדויק,True,True
15,י.ס. אנרגיה מתחדשת,540237807,סער אנרגיה מתחדשת,קירוב - השם ב-heteriske שונה מהשם במאגר שלנו,False,False
1696,"י.ק.ז. גרופ בע""מ",515936086,"י.ק.ז. גרופ בע""מ",מדויק,True,True
767,"י.ש.א. לניאדו השקעות בע""מ",516545076,"י.ש.א. לניאדו השקעות בע""מ",מדויק,True,True
1122,"יאלון (הרחבה 1983) בע""מ",,,לא ידוע - לא נפתר מול המאגר שלנו,,
1961,"יו אס טקסס בע""מ",514488840,"יו אס טקסס בע""מ",מדויק,True,True
1818,"יו.יו. שיווק בע""מ",,,לא ידוע - לא נפתר מול המאגר שלנו,,
1706,"יואב את רמי בניה ,ניהול ופיקוח בע""מ",514932243,"יואב את רמי בניה, ניהול ופיקוח בע""מ",מדויק,True,True
887,יואל דיקשטיין תיירות,,,לא ידוע - לא נפתר מול המאגר שלנו,,
1941,יובלים,,,לא ידוע - לא נפתר מול המאגר שלנו,,
99,יונתן מנור מחשבים ורשתות,,,לא ידוע - לא נפתר מול המאגר שלנו,,
724,יוסף אילנברג י.נ.נ.א. שירותי אחזקה והפצה,,,לא ידוע - לא נפתר מול המאגר שלנו,,
2815,יוסף עשת,510593569,יוסף עשת בעמ,קירוב - השם ב-heteriske שונה מהשם במאגר שלנו,False,True
676,יופי של ריהוט סניף אלעד,,,לא ידוע - לא נפתר מול המאגר שלנו,,
1752,"יופיי פיננסים בע""מ",514672575,"יופיי פיננסים בע""מ",מדויק,True,True
2143,יוקרתית,,,לא ידוע - לא נפתר מול המאגר שלנו,,
714,יין ומשקאות לוק,,,לא ידוע - לא נפתר מול המאגר שלנו,,
1736,"יעד שיאן נדל""ן בע""מ",,,לא ידוע - לא נפתר מול המאגר שלנו,,
1738,"יעד שיאן ניהול פרויקטים ויזמות בע""מ",,,לא ידוע - לא נפתר מול המאגר שלנו,,
1663,"ירושלים של זהב מכירות פומביות בע""מ",515606366,"ירושלים של זהב מכירות פומביות בע""מ",מדויק,True,True
1782,"יריד החסידות בע""מ",515482131,"איכה - יריד החסידות בע""מ",קירוב - השם ב-heteriske שונה מהשם במאגר שלנו,False,True
1966,ישיבת ספינקא בארץ ישראל,580052769,"ישיבת ספינקא בארץ ישראל (ע""ר)",מדויק,True,True
447,"כ""ט בנובמבר מקבוצת בית ירושלמי בע""מ",516854882,"כ''ט בנובמבר מקבוצת בית ירושלמי בע""מ",מדויק,True,True
1978,"כאיל תערוג נדל""ן בע""מ",515350387,"כאיל תערוג נדל""ן בע""מ",מדויק,True,True
27,כהן אודליה,,,לא ידוע - לא נפתר מול המאגר שלנו,,
1687,כוכב התקשורת (מלאך ישראל),,,לא ידוע - לא נפתר מול המאגר שלנו,,
1977,כידון,,,לא ידוע - לא נפתר מול המאגר שלנו,,
1505,כל בו הכוכב,,,לא ידוע - לא נפתר מול המאגר שלנו,,
764,כסטלס,,,לא ידוע - לא נפתר מול המאגר שלנו,,
1814,כפתור ופרח אורלוגין,,,לא ידוע - לא נפתר מול המאגר שלנו,,
1682,"כריכית ויס בע""מ",511611212,"כריכית ויס בע""מ",מדויק,True,True
1878,"כרמים נווה פת בע""מ",517280277,"כרמים נווה פת מרכז בע""מ",קירוב - השם ב-heteriske שונה מהשם במאגר שלנו,False,False
1900,"כרמים קרתא בן גמלא 6-8-10 בע""מ",,,לא ידוע - לא נפתר מול המאגר שלנו,,
1901,"כרמים קרתא בן גמלא ברוריה בע""מ",516526746,"כרמים קרתא בן גמלא ברוריה בע""מ",מדויק,True,True
1902,"כרמים קרתא סן מרטין 4+6 בע""מ",516526738,"כרמים קרתא סן מרטין 4+6 בע""מ",מדויק,True,True
1664,"כתב סופר -תמשישי קדושה בע""מ",,,לא ידוע - לא נפתר מול המאגר שלנו,,
1860,ל.שני,,,לא ידוע - לא נפתר מול המאגר שלנו,,
2146,להתענג,,,לא ידוע - לא נפתר מול המאגר שלנו,,
762,"לואן וייז (ישראל) בע""מ",517018123,"לואן ווייז (ישראל) בע""מ",קירוב - השם ב-heteriske שונה מהשם במאגר שלנו,False,True
761,"לואן וייז בע""מ",516961604,"לואן ווייז בע""מ",קירוב - השם ב-heteriske שונה מהשם במאגר שלנו,False,True
1947,לוי -נוי דוד נחום,,,לא ידוע - לא נפתר מול המאגר שלנו,,
1665,לוי רהיטים,,,לא ידוע - לא נפתר מול המאגר שלנו,,
1742,לוי שיווק,,,לא ידוע - לא נפתר מול המאגר שלנו,,
1712,ליברמן רהיטים,,,לא ידוע - לא נפתר מול המאגר שלנו,,
1732,"לידר טופ קפיטל מימון ויעוץ בע""מ",,,לא ידוע - לא נפתר מול המאגר שלנו,,
1838,ליזרוביץ ישראל,,,לא ידוע - לא נפתר מול המאגר שלנו,,
1844,לינדר משכנתאות והלוואות,,,לא ידוע - לא נפתר מול המאגר שלנו,,
13,ליצ'י - בגדי ילדים,,,לא ידוע - לא נפתר מול המאגר שלנו,,
1694,לרנר יעקב,,,לא ידוע - לא נפתר מול המאגר שלנו,,
625,"מ לסר בע""מ",510228182,מ לסר בעמ,מדויק,True,True
617,"מ.ב.צ. יזמות והשקעות בע""מ",512283599,"מ.ב.צ. יזמות והשקעות בע""מ",מדויק,True,True
1960,מ.ישראל אספקת דלק,,,לא ידוע - לא נפתר מול המאגר שלנו,,
2134,"מ.פ. טופז החזקות בע""מ",517156998,"א.נ. טופז החזקות בע""מ",קירוב - השם ב-heteriske שונה מהשם במאגר שלנו,False,False
1959,"מ.פלאטיניום בע""מ",515931590,"מ. פלאטיניום בע""מ",מדויק,True,True
1971,"מ.צ.ג ייעוץ והשקעות בע""מ",515428456,"מ.צ.ג ייעוץ והשקעות בע""מ",מדויק,True,True
20,מ.ר תקשורת,,,לא ידוע - לא נפתר מול המאגר שלנו,,
1970,"מאגר אוקיאנוס במרינה החדשה בע""מ",515825834,"מאגר אוקיאנוס במרינה החדשה בע""מ",מדויק,True,True
2808,"מאה שערים השקעות בע""מ",516903986,"מאה שערים השקעות בע""מ",מדויק,True,True
1713,"מאני טיים שירותים פיננסים בע""מ",514821180,"מאני טיים שירותים פיננסים בע""מ",מדויק,True,True
31,מאסטרפון,,,לא ידוע - לא נפתר מול המאגר שלנו,,
1668,מאפית מצות באיאן,,,לא ידוע - לא נפתר מול המאגר שלנו,,
1667,"מאפית מצות קוממיות בע""מ",514569540,"מאפית מצות קוממיות בע""מ",מדויק,True,True
622,"מברוק ולחיים בע""מ",516542404,"מברוק ולחיים בע""מ",מדויק,True,True
2811,"מבשלות בירת הגולן בע""מ",514321447,"מבשלות בירת הגולן בע""מ",מדויק,True,True
2810,מבשלת הגולן א.ח.ר (2009),550235238,מבשלת הגולן א.ח.ר (2009),מדויק,True,True
1906,"מגדלור - מוצרים אלטרנטיביים בע""מ",515514263,"מגדלור- מוצרים אלטרנטיביים בע""מ",קירוב - השם ב-heteriske שונה מהשם במאגר שלנו,False,True
1905,"מגדלור - קרן השקעות בע""מ",515779569,"מגדלור- קרן השקעות בע""מ",מדויק,True,True
725,"מגדלור לקהילה ולרוח (ע""ר)",580829752,"מגדלור לקהילה ולרוח (ע""ר)",מדויק,True,True
439,"מגדלי קטמון מקבוצת בית ירושלמי - גראנד יזמות בע""מ",515899789,"מגדלי קטמון מקבוצת בית ירושלמי - גראנד יזמות בע""מ",מדויק,True,True
442,"מגורים מקבוצת בית ירושלמי בע""מ",516603156,"מגורים מקבוצת בית ירושלמי בע""מ",מדויק,True,True
538,"מגן אפיקים בע""מ",516354446,"מגן אפיקים בע""מ",מדויק,True,True
469,מגן דוד אדום,,,לא ידוע - לא נפתר מול המאגר שלנו,,
197,"מוזס יהונתן בע""מ",515462190,"מוזס יהונתן בע""מ",מדויק,True,True
626,"מוסדות הגר""א רמת בית שמש (ע""ר)",580354462,"מוסדות הגר""א רמת בית שמש (ע""ר)",מדויק,True,True
1816,מוסדות חסידי בעלזא -בית שמש,580385284,"מוסדות חסידי בעלזא - בית שמש (ע""ר)",מדויק,True,True
616,"מוסדות מחנה ישראל מרכז להנחלת ערכי היהדות בירושלים (ע""ר)",580026284,"מוסדות מחנה ישראל מרכז להנחלת ערכי היהדות בירושלים (ע""ר)",מדויק,True,True
1785,"מוסך מרכזי לרכב יפני - חולון בע""מ",511679854,"מוסך מרכזי לרכב יפני - חולון בע""מ",מדויק,True,True
636,מועצה אזורית מרחבים,,,לא ידוע - לא נפתר מול המאגר שלנו,,
1992,מועצה מקומית אלפי מנשה,,,לא ידוע - לא נפתר מול המאגר שלנו,,
2164,מועצה מקומית חריש,,,לא ידוע - לא נפתר מול המאגר שלנו,,
1716,מוצרים זה ברור,515314748,"מוצרים זה ברור בע""מ",קירוב - השם ב-heteriske שונה מהשם במאגר שלנו,False,True
5,מוריה שפרינגר- מיתוג,,,לא ידוע - לא נפתר מול המאגר שלנו,,
1963,"מורינגה עץ הפלא בע""מ",515420263,"מורינגה עץ הפלא בע""מ",מדויק,True,True
1753,מחסן המזרנים,,,לא ידוע - לא נפתר מול המאגר שלנו,,
1721,"מחשבת מערכות מידע בע""מ",515260412,"מחשבת מערכות מידע בע""מ",מדויק,True,True
2007,מטעמים,,,לא ידוע - לא נפתר מול המאגר שלנו,,
531,"מטרה הפקות בע""מ",515984094,"מטרה הפקות בע""מ",מדויק,True,True
1727,"מי נעם תאגיד מים וביוב אזורי בע""מ",,,לא ידוע - לא נפתר מול המאגר שלנו,,
1829,"מידר גני עדן בע""מ",516200441,"מידר גני עדן בע""מ",מדויק,True,True
1830,"מידר לב העיר בע""מ",516244159,"מידר לב העיר בע""מ",מדויק,True,True
530,מיטב מימון שותפות מוגבלת,,,לא ידוע - לא נפתר מול המאגר שלנו,,
1986,מיכאל גבאי,,,לא ידוע - לא נפתר מול המאגר שלנו,,
1507,"מיכל סבה - משרד רו""ח וייעוץ מס",,,לא ידוע - לא נפתר מול המאגר שלנו,,
3285,מילשטיין אהובה,,,לא ידוע - לא נפתר מול המאגר שלנו,,
1886,"מימון אגריפס בע""מ",516425931,"מימון אגריפס בע""מ",מדויק,True,True
1887,"מימון פעמון בע""מ",516427135,"מימון פעמון בע""מ",מדויק,True,True
1862,"מיקרוקיט בע""מ",516614476,"מיקרוקיט בע""מ",מדויק,True,True
10,מירב בן עבו - פרודקשיין,,,לא ידוע - לא נפתר מול המאגר שלנו,,
1666,"מישל ייזום ובניה בע""מ",515599686,"מישל פרגון ייזום ובניה בע""מ",קירוב - השם ב-heteriske שונה מהשם במאגר שלנו,False,True
17,מכבסת האמוראים,,,לא ידוע - לא נפתר מול המאגר שלנו,,
716,מכבסת שלגית,,,לא ידוע - לא נפתר מול המאגר שלנו,,
1914,מכולת הקריה,,,לא ידוע - לא נפתר מול המאגר שלנו,,
1111,מכולת הקריה,,,לא ידוע - לא נפתר מול המאגר שלנו,,
1715,מכולתת ציטליין 20,,,לא ידוע - לא נפתר מול המאגר שלנו,,
1693,מכון ואנוהו,,,לא ידוע - לא נפתר מול המאגר שלנו,,
520,"מכון חינוך וסיוע בית רבקה באידיש חסידי (ע""ר)",580465367,"עמותת מכון חינוך וסיוע בית רבקה באידיש חסידי (ע""ר)",קירוב - השם ב-heteriske שונה מהשם במאגר שלנו,False,True
2816,מכון לאוקמי גירסא,,,לא ידוע - לא נפתר מול המאגר שלנו,,
693,מכון לייבדיק,,,לא ידוע - לא נפתר מול המאגר שלנו,,
1795,מכון סופרי המלך,,,לא ידוע - לא נפתר מול המאגר שלנו,,
1843,מכללה אקדמית הדסה,,,לא ידוע - לא נפתר מול המאגר שלנו,,
1754,"מלאך תוכנה בע""מ",512789751,"מלאך תוכנה בע""מ",מדויק,True,True
1984,מלול מאור,,,לא ידוע - לא נפתר מול המאגר שלנו,,
1112,"מליבו אפי קפיטל ייזום בע""מ",515031391,"מליבו - אפי קפיטל ייזום בע""מ",מדויק,True,True
1804,"מלכות וקסברגר בע""מ",514392927,"מלכות וקסברגר בע""מ",מדויק,True,True
8,מלכות שטריימלאך,,,לא ידוע - לא נפתר מול המאגר שלנו,,
720,"ממתקי שהכל בע""מ",,,לא ידוע - לא נפתר מול המאגר שלנו,,
1678,מנג'ט,,,לא ידוע - לא נפתר מול המאגר שלנו,,
28,מנדלוביץ בתיה יהודית,,,לא ידוע - לא נפתר מול המאגר שלנו,,
476,"מנוס - אליעזר הלוי 28 בע""מ",515066934,"מנוס - אליעזר הלוי 28 בע""מ",מדויק,True,True
480,"מנוס - בוליביה 4 בע""מ",514902063,"מנוס - בוליביה 4 בע""מ",מדויק,True,True
478,"מנוס - בר יוחאי 18 בע""מ",514788694,"מנוס - בר יוחאי 18 בע""מ",מדויק,True,True
466,"מנוס - דידס 6 בע""מ",515136976,"מנוס - דידס 6 בע""מ",מדויק,True,True
477,"מנוס - ים סוף 3 בע""מ",515451805,"מנוס - ים סוף 3 בע""מ",מדויק,True,True
463,"מנוס - ים סוף 5 בע""מ",514832773,"מנוס - ים סוף 5 בע""מ",מדויק,True,True
465,"מנוס - ריש לקיש 10 בע""מ",514960335,"מנוס - ריש לקיש 10 בע""מ",מדויק,True,True
621,"מנוס - שירותי ניהול בע""מ",514664622,"מנוס - שירותי ניהול בע""מ",מדויק,True,False
462,"מנוס בן יפונה 8 בע""מ",515755601,"מנוס בן יפונה 8 בע""מ",מדויק,True,True
481,"מנוס השיירות 3 בע""מ",514939925,"מנוס השיירות 3 בע""מ",מדויק,True,True
482,"מנוס- מקסיקו 22 בע""מ",515748622,"מנוס- מקסיקו 22 בע""מ",מדויק,True,True
479,"מנוס-אלעזר המודעי 4 בע""מ",514856673,"מנוס-אלעזר המודעי 4 בע""מ",מדויק,True,True
1755,מנטה בייגל,,,לא ידוע - לא נפתר מול המאגר שלנו,,
1938,מסגרות איכות אי 1,,,לא ידוע - לא נפתר מול המאגר שלנו,,
1113,מסגרות איכות אי 1,,,לא ידוע - לא נפתר מול המאגר שלנו,,
1689,מסגריית פאלוך,,,לא ידוע - לא נפתר מול המאגר שלנו,,
1975,מעדנית אגמים,,,לא ידוע - לא נפתר מול המאגר שלנו,,
1114,מעון ביתך,,,לא ידוע - לא נפתר מול המאגר שלנו,,
619,"מפעלות חסדי יוסף לחינוך ונתינה (ע""ר)",580126167,"מפעלות חסדי יוסף לחינוך ונתינה (ע""ר)",מדויק,True,True
69,מפעלי חינוך וחסד,580684595,"מפעלי חינוך וחסד (ע""ר)",מדויק,True,True
648,"מפרץ עכו-חיפה 1934 בע""מ",520009424,מפרץ עכו-חיפה 1934 בעמ,מדויק,True,True
2127,מצות יד מהודרות (בית שמש),513357541,"מצות יד מהודרות (בית שמש) בע""מ",קירוב - השם ב-heteriske שונה מהשם במאגר שלנו,False,True
1703,מקור הברכה,580180768,מקור הברכה,מדויק,True,False
1868,"מקור חיים החדשה בע""מ",515588754,"מקור חיים החדשה בע""מ",מדויק,True,True
756,"מקסיקלאב אינווסט בע""מ",516473691,"מקסיקלאב אינווסט בע""מ",מדויק,True,True
2548,"מרומי צפת העתיקה בע""מ",515743227,"מרומי צפת העתיקה בע""מ",מדויק,True,True
1764,"מריבו 11 בע""מ",514770858,"מריבו 11 בע""מ",מדויק,True,True
1771,"מריבו 6-8 בע""מ",514853134,"מריבו 6-8 בע""מ",מדויק,True,True
528,"מרכוס נכסים והשקעות בע""מ",516470036,"מרכוס נכסים והשקעות בע""מ",מדויק,True,True
1863,"מרכז הפעמון - חברה לניהול ואחזקה 92' בע""מ",511731077,"מרכז הפעמון - חברה לניהול ואחזקה 92' בע""מ",מדויק,True,True
198,"מרכז לסת""ם",,,לא ידוע - לא נפתר מול המאגר שלנו,,
1115,"מרכז ערד להכרת היהדות (ע""ר)",580134088,"מרכז ערד להכרת היהדות (ע""ר)",מדויק,True,True
1123,"מרכז רפואה, שיקום וסיעוד בית הדר (ע""ר)",580540870,"מרכז רפואה"" שיקום וסיעוד בית הדר (ע""ר)",מדויק,True,True
1669,מרכז תורה וחינוך חצור הגלילית,580008910,"מרכז תורה וחינוך חצור הגלילית (ע""ר)",מדויק,True,True
6,מרכזול,540172822,מרכזול,מדויק,True,False
65,מרפאת שיניים,540182276,מרפאת שיניים גילת,קירוב - השם ב-heteriske שונה מהשם במאגר שלנו,False,False
1717,מרשל מוטורס,,,לא ידוע - לא נפתר מול המאגר שלנו,,
195,"מש""י - מרכז שקום ילדים",580326239,"מש""י - מרכז שקום ילדים (ע""ר)",מדויק,True,True
1797,משה שמשון,,,לא ידוע - לא נפתר מול המאגר שלנו,,
1119,"משולם פתרונות תשלום בע""מ",,,לא ידוע - לא נפתר מול המאגר שלנו,,
1857,"משי נט מ.נ. בע""מ",514722669,"משי נט מ.נ בע""מ",מדויק,True,True
723,משכנטיים,,,לא ידוע - לא נפתר מול המאגר שלנו,,
1922,"משכני הדרים בע""מ",513661579,"משכני הדרים בע""מ",מדויק,True,True
1120,משכנתא 10,,,לא ידוע - לא נפתר מול המאגר שלנו,,
1870,"משקיעים בירושלים ייעוץ והשקעות נדל""ן בע""מ",515806263,"משקיעים בירושלים ייעוץ והשקעות נדל""ן בע""מ",מדויק,True,True
2005,משרד הדריכלות ווקסלר ישראל,,,לא ידוע - לא נפתר מול המאגר שלנו,,
1670,מתאים לך יופי,,,לא ידוע - לא נפתר מול המאגר שלנו,,
1839,מתבגרים לחיים,,,לא ידוע - לא נפתר מול המאגר שלנו,,
650,"מתד ייזום והשקעות בע""מ",510846561,"מתד ייזום והשקעות בע""מ",מדויק,True,True
488,"מתחדשים בעיר מקבוצת בית ירושלמי שלי בע""מ",,,לא ידוע - לא נפתר מול המאגר שלנו,,
1679,נגריית גולדברג,,,לא ידוע - לא נפתר מול המאגר שלנו,,
1686,נגריית גרר (פרפקשן -מטבחי יוקרה),,,לא ידוע - לא נפתר מול המאגר שלנו,,
448,"נדל""ן מקבוצת בית ירושלמי בע""מ",516594595,"נדל""ן מקבוצת בית ירושלמי בע""מ",מדויק,True,True
533,"נדרים קארד בע""מ",516850351,"נדרים קארד בע""מ",מדויק,True,True
1710,"נוה (מנהיים) מעבדות אורטופדיות בע""מ",511269599,"נוה (מנהיים) מעבדות אורטופדיות בע""מ",מדויק,True,True
2141,"נווה אור ש.פ. יזמות בע""מ",514956721,"נווה אור ש.פ. יזמות בע""מ",מדויק,True,True
1848,נופטק מחשבים,517359352,"נופטק מחשבים בע""מ",קירוב - השם ב-heteriske שונה מהשם במאגר שלנו,False,False
753,"נופי אילן הירוקה בע""מ",515837086,"נופי אילן הירוקה בע""מ",מדויק,True,True
1881,"נופי בית הכרם בע""מ",515786085,"נופי בית הכרם בע""מ",מדויק,True,True
2552,"נופי צפת 2019 בע""מ",515977973,"נופי צפת 2019 בע""מ",מדויק,True,True
2542,"נופי ראש פינה בע""מ",517041307,"נופי ראש פינה בע""מ",מדויק,True,True
445,"נופים מקבוצת בית ירושלמי והדס קפיטל בע""מ",516943354,"נופים מקבוצת בית ירושלמי והדס קפיטל בע""מ",מדויק,True,True
1846,"נופך - דניאל ייזום נדל""ן בע""מ",,,לא ידוע - לא נפתר מול המאגר שלנו,,
2325,"נחלת שלמה זלמן (ע""ר)",580643229,"נחלת שלמה זלמן (ע""ר)",מדויק,True,True
536,נטליה ת.א.א. השקעות,515794840,"נטליה ת.א.א. השקעות בע""מ",קירוב - השם ב-heteriske שונה מהשם במאגר שלנו,False,True
14,"ניגון טויס בע""מ",515855468,"ניגון טויס בע""מ",מדויק,True,True
752,"ניו אייג' מרקט בע""מ",516795283,"ניו אייג' מרקט בע""מ",מדויק,True,True
4,ניו בורן / פיקאבו,,,לא ידוע - לא נפתר מול המאגר שלנו,,
718,"ניו סטאר סילבר בע""מ",514264753,"ניו סטאר סילבר בע""מ",מדויק,True,True
1869,"ניימן השקעות ויזמות בע""מ",515516201,"ניימן השקעות ויזמות בע""מ",מדויק,True,True
459,"נימבל פיננסים בע""מ",516516721,"נימבל פיננסים בע""מ",מדויק,True,True
451,"נצפה נוף מקבוצת בית ירושלמי שלי בע""מ",515901890,"נצפה נוף מקבוצת בית ירושלמי שלי בע""מ",מדויק,True,True
623,"נקודה מיזוג אויר בע""מ",515770147,"נקודה מיזוג אויר בע""מ",מדויק,True,True
677,"נשר נכסים עם עתיד בע""מ",516882248,"נשר נכסים עם עתיד בע""מ",מדויק,True,True
2800,"נתניה נדלן סנטר פרמיום בע""מ",516695079,"נתניה נדלן סנטר פרמיום בע""מ",מדויק,True,True
649,"נתניה סי- שור דיבלופמנט קו בע""מ",520003823,נתניה סי- שור דיבלופמנט קו בעמ,מדויק,True,True
628,"ס. ציקורל השקעות בע""מ",516468949,"ס. ציקורל השקעות בע""מ",מדויק,True,True
3287,"סאנסקרין ורוד בע""מ",517274155,"סאנסקרין ורוד בע""מ",מדויק,True,True
3286,"סאנפלאוור בע""מ",516704707,"סאנפלאוור בע""מ",מדויק,True,True
440,"סביונים מקבוצת בית ירושלמי בע""מ",516988755,"סביונים מקבוצת בית ירושלמי בע""מ",מדויק,True,True
1917,"סולארא בע""מ",510998149,"סולארא בע""מ",מדויק,True,True
1864,"סופרמן - מרכולים בע""מ",516474061,"סופרמן -מרכולים בע""מ",מדויק,True,True
1756,סוקר גרביים ואביזרי שיער,,,לא ידוע - לא נפתר מול המאגר שלנו,,
489,"סחלבים מקבוצת בית ירושלמי בע""מ",517034138,"סחלבים מקבוצת בית ירושלמי בע""מ",מדויק,True,True
1976,סט,,,לא ידוע - לא נפתר מול המאגר שלנו,,
1849,סטודיו אורגינל,,,לא ידוע - לא נפתר מול המאגר שלנו,,
1124,"סי.אר.וי. בע""מ",512019837,"סי.אר.וי. בע""מ",מדויק,True,True
1741,סיטי גן,,,לא ידוע - לא נפתר מול המאגר שלנו,,
750,"סייפקאש אפליקציות בע""מ",516016045,"סייפקאש אפליקציות בע""מ",מדויק,True,True
1704,סלון פאות ב .גולדמן,,,לא ידוע - לא נפתר מול המאגר שלנו,,
1990,"סמארטסוויץ' בע""מ",515865947,"סמארטסוויץ' בע""מ",מדויק,True,True
631,"סמינר דעת ניסים (ע""ר)",580657393,"סמינר דעת ניסים (ע""ר)",מדויק,True,True
1728,סמינר למורות ולגננות הליכות בית יעקב,580386100,"סמינר למורות ולגננות הליכות בית יעקב (ע""ר)",מדויק,True,True
1757,סמינר מרכז בית יעקב למורות ולגננות -פתח תקוה,580403350,"סמינר מרכז בית יעקב למורות ולגננות - פתח תקוה (ע""ר)",מדויק,True,True
1671,"סנטר דנטל (ד""ר סורובסקי)",,,לא ידוע - לא נפתר מול המאגר שלנו,,
2804,"סנטר המושבה 975 בע""מ",516706975,"סנטר המושבה 975 בע""מ",מדויק,True,True
2546,"סנטר המושבה בע""מ",516707221,"סנטר המושבה בע""מ",מדויק,True,True
2805,"סנטר מערב העיר בע""מ",516707148,"סנטר מערב העיר בע""מ",מדויק,True,True
1672,"סעידוב מתכות בע""מ",514366285,"סעידוב מתכות בע""מ",מדויק,True,True
1719,"ספרי גאולה 2006 בע""מ",513771444,"ספרי גאולה 2006 בע""מ",מדויק,True,True
1,סתיו - עוגות מעוצבות,,,לא ידוע - לא נפתר מול המאגר שלנו,,
2118,ע,,,לא ידוע - לא נפתר מול המאגר שלנו,,
1903,"ע.ר. קרתא בצפת בע""מ",516528908,"ע.ר. קרתא בצפת בע""מ",מדויק,True,True
1883,"ע.ר. קרתא הפעמון בע""מ",516083995,"ע.ר קרתא הפעמון בע""מ",מדויק,True,True
1872,"ע.ר. קרתא נדל""ן בע""מ",515603462,"ע.ר. קרתא נדל""ן בע""מ",מדויק,True,True
1880,"ע.ר. קרתא נכסים בע""מ",516493285,"ע.ר. קרתא נכסים בע""מ",מדויק,True,True
1904,"ע.ר. קרתא סנטר רמת בית שמש (משכנות שיא) בע""מ",516544269,"ע.ר. קרתא סנטר רמת בית שמש (משכנות שיא) בע""מ",מדויק,True,True
620,"עבוד ט. לוי השקעות בע""מ",516462835,"עבוד ט. לוי השקעות בע""מ",מדויק,True,True
1735,"עדיף יזמות פיתוח בע""מ",515345379,"עדיף יזמות פיתוח ומסחר בע""מ",קירוב - השם ב-heteriske שונה מהשם במאגר שלנו,False,True
1950,עובדיה הררי - מיקאסה,,,לא ידוע - לא נפתר מול המאגר שלנו,,
1911,עולם הדקורציה,,,לא ידוע - לא נפתר מול המאגר שלנו,,
519,"עידית ייזום והשקעות בע""מ",515066603,"עידית ייזום והשקעות בע""מ",מדויק,True,True
1955,עידן תשמישי קדושה- בגדי שש,,,לא ידוע - לא נפתר מול המאגר שלנו,,
715,עיצוב פנים הום סטיילינג,,,לא ידוע - לא נפתר מול המאגר שלנו,,
433,"עיר וגן מקבוצת בית ירושלמי בע""מ",517090817,"עיר וגן מקבוצת בית ירושלמי בע""מ",מדויק,True,True
2870,עיריית ביתר עילית,,,לא ידוע - לא נפתר מול המאגר שלנו,,
2160,עיריית חיפה,,,לא ידוע - לא נפתר מול המאגר שלנו,,
1993,עיריית כפר סבא,,,לא ידוע - לא נפתר מול המאגר שלנו,,
2003,עיריית לוד,,,לא ידוע - לא נפתר מול המאגר שלנו,,
2013,עיריית מגדל העמק,,,לא ידוע - לא נפתר מול המאגר שלנו,,
3079,עיריית נצרת עילית,,,לא ידוע - לא נפתר מול המאגר שלנו,,
2140,עיריית נצרת עילית,,,לא ידוע - לא נפתר מול המאגר שלנו,,
2138,עיריית עפולה,,,לא ידוע - לא נפתר מול המאגר שלנו,,
2817,עיריית קריית אונו,,,לא ידוע - לא נפתר מול המאגר שלנו,,
2163,עיריית קריית מלאכי,,,לא ידוע - לא נפתר מול המאגר שלנו,,
1951,"על -רד הנדסת מעליות (1992)בע""מ",511703936,"על-רד הנדסת מעליות (1992) בע""מ",מדויק,True,True
1743,"עמותת אדני הקודש בעלז""א",,,לא ידוע - לא נפתר מול המאגר שלנו,,
1826,עמותת אור חיה - המרכז לאישה היהודיה,,,לא ידוע - לא נפתר מול המאגר שלנו,,
2129,"עמותת איל""ה - איכות יחודית לבית היהודי",,,לא ידוע - לא נפתר מול המאגר שלנו,,
1720,עמותת אסנט - היבטים פנימיים של סגנון החיים היהודי,,,לא ידוע - לא נפתר מול המאגר שלנו,,
1688,עמותת דרכי שמחה,,,לא ידוע - לא נפתר מול המאגר שלנו,,
1718,עמותת ועד הורים ירושלמי,,,לא ידוע - לא נפתר מול המאגר שלנו,,
1937,עמותת חייל - חיים למוצאיהם,,,לא ידוע - לא נפתר מול המאגר שלנו,,
1796,עמותת ישיבת שפתי צדיק קריה חסידית חצור הגלילית,,,לא ידוע - לא נפתר מול המאגר שלנו,,
1414,עמותת כולל אברכים תורה תמימה,,,לא ידוע - לא נפתר מול המאגר שלנו,,
1836,עמותת מביאים ברכה וסיוע,580724995,"עמותת מביאים ברכה וסיוע (ע""ר)",מדויק,True,True
2128,עמותת משכנותיך ישראל ירושלים,,,לא ידוע - לא נפתר מול המאגר שלנו,,
1935,עמותת נחלת יעקב עמנואל,,,לא ידוע - לא נפתר מול המאגר שלנו,,
2135,עמותת עוגן - הקרן להלוואות ללא ריבית,,,לא ידוע - לא נפתר מול המאגר שלנו,,
2006,עמותת צדקה וחסד בערד ברדיטשוב,,,לא ידוע - לא נפתר מול המאגר שלנו,,
1758,עמותת שערי דעת לחינוך הוראה וחסד,,,לא ידוע - לא נפתר מול המאגר שלנו,,
1913,עמותת שערי ישיבה,,,לא ידוע - לא נפתר מול המאגר שלנו,,
1916,עמותת תורת חסד בגליל,,,לא ידוע - לא נפתר מול המאגר שלנו,,
674,"עמינדב בוטיק בע""מ",515776532,"חברת עמינדב בוטיק בע""מ",קירוב - השם ב-heteriske שונה מהשם במאגר שלנו,False,True
673,"עמינדב רזידנס בע""מ",515655058,"עמינדב רזידנס בע""מ",מדויק,True,True
3284,עריכת וידאו,,,לא ידוע - לא נפתר מול המאגר שלנו,,
1737,"ערך מיבוי עירוני וניהול נדל""ן בע""מ",,,לא ידוע - לא נפתר מול המאגר שלנו,,
2004,ערערא עיצוב פנים,,,לא ידוע - לא נפתר מול המאגר שלנו,,
1921,"עתיד - חברה לאדריכלות בע""מ",515215697,"עתיד - חברה לאדריכלות בע""מ",מדויק,True,True
1943,"פאות צילי בינלאומי בע""מ",515998482,"פאות צילי בינלאומי בע""מ",מדויק,True,True
2165,פאות רבקי,,,לא ידוע - לא נפתר מול המאגר שלנו,,
1981,"פאי נשיונל בע""מ",514249952,"פאי נשיונל בע""מ",מדויק,True,True
1673,"פאיימי בע""מ",515033553,"פאיימי בע""מ",מדויק,True,True
196,"פוד שפע והצלחה בע""מ",517180337,"פוד שפע והצלחה בע""מ",מדויק,True,True
211,פוטו מגנט,,,לא ידוע - לא נפתר מול המאגר שלנו,,
1695,פוטניצאל,,,לא ידוע - לא נפתר מול המאגר שלנו,,
691,"פופקורן אחזקות בנדל""ן בע""מ",515214153,"פופקורן אחזקות בנדל""ן בע""מ",מדויק,True,True
1964,"פי.וי.נכסים בע""מ",513080200,"פי.וי. נכסים בע""מ",מדויק,True,True
62,פיימנס - הלבשה אלגנטית לגברים,,,לא ידוע - לא נפתר מול המאגר שלנו,,
667,"פינטקה, שותפות כללית",540321700,"פינטקה, שותפות כללית",מדויק,True,True
7,פיקנטי ע.מ.,,,לא ידוע - לא נפתר מול המאגר שלנו,,
2161,"פלא פיי בע""מ",515020147,"פלא פיי בע""מ",מדויק,True,True
1730,"פלטבוש סחר והשקעות בע""מ",515124584,"פלטבוש סחר והשקעות בע""מ",מדויק,True,True
1794,"פלטרין השקעות בע""מ",514162296,"פלטרין השקעות בע""מ",מדויק,True,True
63,פליגלמן שלמה עו'ד,,,לא ידוע - לא נפתר מול המאגר שלנו,,
1722,"פליי פאנקשן ישראל בע""מ",514972330,"פליי פאנקשן ישראל בע""מ",מדויק,True,True
441,"פני העיר ב. ש. מקבוצת בית ירושלמי בע""מ",516712254,"פני העיר ב.ש. מקבוצת בית ירושלמי בע""מ",מדויק,True,True
2555,"פנינת בזלת בע""מ",517041315,"פנינת בזלת בע""מ",מדויק,True,True
739,"פנינת גושן בע""מ",516074564,"פנינת גושן בע""מ",מדויק,True,True
1873,"פנינת קטמון בע""מ",515588762,"פנינת קטמון בע""מ",מדויק,True,True
1884,"פסגת בית וגן 2021 בע""מ",516483591,"פסגת בית וגן 2021 בע""מ",מדויק,True,True
668,"פפר פלטפורם בע""מ",515772820,"פפר פלטפורם בע""מ",מדויק,True,True
1980,"פרופיט אדג' בע""מ",516102241,"פרופיט אדג' בע""מ",מדויק,True,True
1925,"פרי ביצועים בע""מ",514333202,"פרי ביצועים בע""מ",מדויק,True,True
1930,"פרי נדל""ן בגן הפאקן בע""מ",,,לא ידוע - לא נפתר מול המאגר שלנו,,
1931,"פרי נדל""ן בגן הפאקן ג.ב בע""מ",,,לא ידוע - לא נפתר מול המאגר שלנו,,
1929,"פרי נדל""ן ברובע יזרעאל בע""מ",514989219,"פרי נדל""ן ברובע יזרעאל בע""מ",מדויק,True,True
1927,"פרי ריזורט בע""מ",515312445,"פרי ריזורט בע""מ",מדויק,True,True
1932,"פרי שוחט אנרגיה בע""מ",516048337,"פרי שוחט אנרגיה בע""מ",מדויק,True,True
1919,"פרי-טק השקעותוטכנולוגיות בע""מ",,,לא ידוע - לא נפתר מול המאגר שלנו,,
2162,"פרידלנד נכסים בע""מ",515768497,"פרידלנד נכסים בע""מ",מדויק,True,True
2818,פרינט כל,,,לא ידוע - לא נפתר מול המאגר שלנו,,
2323,פרפ קסם אישי,,,לא ידוע - לא נפתר מול המאגר שלנו,,
1819,"צ.ח. שטרן פיננסים בע""מ",515671618,"צ.ח. שטרן פיננסים בע""מ",מדויק,True,True
1708,צ.ש ערד,,,לא ידוע - לא נפתר מול המאגר שלנו,,
1979,"צ.ש.ש.א. החברה להתחדשות נדל""ן בע""מ",515030435,"צ.ש.ש.א. החברה להתחדשות נדל""ן בע""מ",מדויק,True,True
1725,צ'יינג' יפתח דרויס,,,לא ידוע - לא נפתר מול המאגר שלנו,,
1831,"צאן ברזל - אליאנס בע""מ",514955343,"צאן ברזל - אליאנס בע""מ",מדויק,True,True
1759,צביקה קסלר,,,לא ידוע - לא נפתר מול המאגר שלנו,,
102,צויבל אלעזר,,,לא ידוע - לא נפתר מול המאגר שלנו,,
1828,"ציון תורג'מן בע""מ",513910752,"ציון תורג'מן בע""מ",מדויק,True,True
1912,צמיגי יוסף,,,לא ידוע - לא נפתר מול המאגר שלנו,,
738,"צפורה מסעי א""י בע""מ",512310160,"צפורה מסעי א""י בע""מ",מדויק,True,True
1692,צרכניית אחיעזר,,,לא ידוע - לא נפתר מול המאגר שלנו,,
1685,צרכנית ברכת השדה,,,לא ידוע - לא נפתר מול המאגר שלנו,,
2126,"ק.י ברקת השקעות מתקדמות בנדל""ן בע""מ",516280799,"ק.י ברקת השקעות מתקדמות בנדל""ן בע""מ",מדויק,True,False
1847,"ק.י ספיר השקעות וסוכנויות בע""מ",515088995,"ק.י. ספיר השקעות וסוכנויות בע""מ",מדויק,True,True
737,קאש פויינט השקעות,514847581,"קאש פויינט השקעות בע""מ",קירוב - השם ב-heteriske שונה מהשם במאגר שלנו,False,True
1996,"קבוצת אהרוני (מ.א.) יזום והשקעות בע""מ",512828492,"קבוצת אהרוני (מ.א) יזום והשקעות בע""מ",מדויק,True,True
1923,"קבוצת אלדד פרי בע""מ",514911080,"קבוצת אלדד פרי בע""מ",מדויק,True,True
1924,"קבוצת אלדד פרי ניהול בע""מ",514989227,"קבוצת אלדד פרי - ניהול בע""מ",מדויק,True,True
428,"קבוצת בית ירושלמי שלי בע""מ",515887487,"קבוצת בית ירושלמי שלי בע""מ",מדויק,True,True
2809,"קדמה מגורים בע""מ",516917325,"קדמה מגורים בע""מ",מדויק,True,True
1674,"קוואלטי הנדסה פיננסית 2014 בע""מ",,,לא ידוע - לא נפתר מול המאגר שלנו,,
64,קויט אליהו,,,לא ידוע - לא נפתר מול המאגר שלנו,,
664,"קומפיט נדל""ן בע""מ",515102762,"קומפיט נדל""ן בע""מ",מדויק,True,True
735,"קונסול ייעוץ וניהול בע""מ",515957397,"קונסול ייעוץ וניהול בע""מ",מדויק,True,True
734,"קונסנפנסיון בע""מ",515794105,"קונסנפנסיון בע""מ",מדויק,True,True
18,קופשיץ יהודית,,,לא ידוע - לא נפתר מול המאגר שלנו,,
3078,קופת חולים מאוחדת,,,לא ידוע - לא נפתר מול המאגר שלנו,,
537,קוקטייל,,,לא ידוע - לא נפתר מול המאגר שלנו,,
535,"קידום פרוייקטים שיקומיים ב.ה. בע""מ",513295170,"קידום פרוייקטים שיקומיים ב.ה. בע""מ",מדויק,True,True
733,"קיי.אם .אר הירוקה בע""מ",515546133,"קיי. אם. אר. הירוקה בע""מ",מדויק,True,True
1853,"קינדר טויס גנים ח.ר. בע""מ",516011780,"קינדר טויס גנים ח.ר. בע""מ",מדויק,True,True
1852,"קינדר טויס צעצועי הכוכבים בע""מ",515546679,"קינדר טויס צעצועי הכוכבים בע""מ",מדויק,True,False
1817,קיפרמן מהנדסים ויועצים,,,לא ידוע - לא נפתר מול המאגר שלנו,,
22,קלינג,,,לא ידוע - לא נפתר מול המאגר שלנו,,
1842,קמפוס שטראוס אפיקי לומדה,580573384,"קמפוס שטראוס אפיקי לומדה (ע""ר)",מדויק,True,True
1683,"קנה פלסט בע""מ",511026924,"קנה פלסט בע""מ",מדויק,True,True
732,"קניון לב הים עתלית בע""מ",516305752,"קניון לב הים עתלית בע""מ",מדויק,True,True
1731,"קפיטל מוטורס בע""מ",515002020,"קפיטל מוטורס בע""מ",מדויק,True,True
128,קציר אוטומציות,,,לא ידוע - לא נפתר מול המאגר שלנו,,
731,קראוון ניצנים,,,לא ידוע - לא נפתר מול המאגר שלנו,,
641,"קרגו אשראי לצמיחה בע""מ",,,לא ידוע - לא נפתר מול המאגר שלנו,,
2137,"קרדיט שופ בע""מ",,,לא ידוע - לא נפתר מול המאגר שלנו,,
11,קרויזר הדפסות קלף,,,לא ידוע - לא נפתר מול המאגר שלנו,,
642,"קרמיק דיפו בע""מ",513825943,"קרמיק דיפו בע""מ",מדויק,True,False
627,"קרן להחזקת תורה רמת בית שמש א' (ע""ר)",580520385,"קרן להחזקת תורה רמת בית שמש א' (ע""ר)",מדויק,True,True
2015,"קרן סיגמא סיטי 2 נדל""ן שותפות מוגבלת",,,לא ידוע - לא נפתר מול המאגר שלנו,,
1867,"קרתא אחזקות בע""מ",516103710,"קרתא אחזקות בע""מ",מדויק,True,True
1876,"קרתא בגילה בע""מ",516455029,"קרתא בגילה בע""מ",מדויק,True,True
1879,"קרתא בסנהדריה בע""מ",516473170,"קרתא בסנהדריה בע""מ",מדויק,True,True
1877,"קרתא גבעת שאול בע""מ",516473147,"קרתא גבעת שאול בע""מ",מדויק,True,True
1891,"קרתא השקעה - 104 בע""מ",516455102,"קרתא השקעה - 104 בע""מ",מדויק,True,False
1892,"קרתא השקעה - 105 בע""מ",516455060,"קרתא השקעה - 105 בע""מ",מדויק,True,True
1893,"קרתא השקעה - 106 בע""מ",516455037,"קרתא השקעה - 106 בע""מ",מדויק,True,True
1894,"קרתא השקעה - 107 בע""מ",516486065,"קרתא השקעה 107 בע""מ",מדויק,True,True
1888,"קרתא השקעה 101 בע""מ",516451077,"קרתא השקעה 101 בע""מ",מדויק,True,True
1889,"קרתא השקעה 102 בע""מ",516451135,"קרתא השקעה 102 בע""מ",מדויק,True,True
1890,"קרתא השקעה 103 בע""מ",516451085,"קרתא השקעה 103 בע""מ",מדויק,True,True
1895,"קרתא השקעה 108 בע""מ",516486057,"קרתא השקעה 108 בע""מ",מדויק,True,True
1896,"קרתא השקעה 109 בע""מ",516486040,"קרתא השקעה 109 בע""מ",מדויק,True,True
1897,"קרתא השקעה 110 בע""מ",516486032,"קרתא השקעה 110 בע""מ",מדויק,True,True
1898,"קרתא השקעה 111 בע""מ",515718815,"קרתא השקעה 111 בע""מ",מדויק,True,True
1958,"קרתא השקעות בע""מ",515516177,"קרתא השקעות בע""מ",מדויק,True,True
1874,"קרתא השקעות החדשה בע""מ",516419868,"קרתא השקעות החדשה בע""מ",מדויק,True,True
1875,"קרתא כרמים התחדשות עירונית בע""מ",516727682,"קרתא כרמים התחדשות עירונית בצלאל 28 בע""מ",קירוב - השם ב-heteriske שונה מהשם במאגר שלנו,False,False
1866,"קרתא מגורים נכסים 2020 בע""מ",516263498,"קרתא מגורים נכסים 2020 בע""מ",מדויק,True,True
1899,"קרתא מוסיוף 6 בע""מ",516432929,"קרתא מוסיוף 6 בע""מ",מדויק,True,True
1865,"קרתא משכנתות הבוכרים בע""מ",,,לא ידוע - לא נפתר מול המאגר שלנו,,
1871,"קרתא תפעול בע""מ",516451150,"קרתא תפעול בע""מ",מדויק,True,True
1117,"קשר המרכז הישראלי להוראות קבע בע""מ",513996132,"קשר המרכז הישראלי להוראות קבע בע""מ",מדויק,True,True
1118,"קשר פיננסים פאי- מ.ה. בע""מ",515179398,"קשר פיננסים פאי- מ.ה. בע""מ",מדויק,True,True
1858,ר. offich,,,לא ידוע - לא נפתר מול המאגר שלנו,,
690,"ר.פ.ב נכסים בע""מ",515946143,"ר.פ.ב נכסים בע""מ",מדויק,True,True
483,"רבקה 22 בע""מ",514736453,"רבקה 22 בע""מ",מדויק,True,True
1805,רהיטי יונה,,,לא ידוע - לא נפתר מול המאגר שלנו,,
1910,רהיטי מרקוס RM,,,לא ידוע - לא נפתר מול המאגר שלנו,,
637,"רובע 1 בע""מ",513423863,"רובע 1 בע""מ",מדויק,True,True
689,"רוח אביב ז'בוטינסקי קרית ים בע""מ",516038379,"רוח אביב ז'בוטינסקי קרית ים בע""מ",מדויק,True,True
2807,"רוממה אחים סנטר בע""מ",515966133,"רוממה אחים סנטר בע""מ",מדויק,True,True
456,"רזידנס מקבוצת בית ירושלמי בע""מ",516594520,"רזידנס מקבוצת בית ירושלמי בע""מ",מדויק,True,True
688,"רינת מבואות ירושלים בע""מ",515694222,"רינת מבואות ירושלים בע""מ",מדויק,True,True
460,"ריש לקיש 5 בע""מ",514776442,"ריש לקיש 5 בע""מ",מדויק,True,True
26,רכטשפר חנה חנצא,,,לא ידוע - לא נפתר מול המאגר שלנו,,
686,"רם אדרת-סלעית בע""מ",516106028,"רם אדרת-סלעית בע""מ",מדויק,True,True
534,"רמת אילן הירוקה בע""מ",516281813,"רמת אילן הירוקה בע""מ",מדויק,True,True
1918,"רפאל אינטרנשיונל בע""מ",510760804,"רפאלי אינטרנשיונל בע""מ",קירוב - השם ב-heteriske שונה מהשם במאגר שלנו,False,False
1851,רפאל דיזיין,,,לא ידוע - לא נפתר מול המאגר שלנו,,
191,רפאל פתרונות איכותיים,,,לא ידוע - לא נפתר מול המאגר שלנו,,
1760,רפאלי - הקוטב הצפוני,515852259,"רפאלי הקוטב הצפוני בע""מ",קירוב - השם ב-heteriske שונה מהשם במאגר שלנו,False,False
444,"רקפות מקבוצת בית ירושלמי בע""מ",516982840,"רקפות מקבוצת בית ירושלמי בע""מ",מדויק,True,True
1130,"ש.י. אביעד בע""מ",515363133,"ש.י. אביעד בע""מ",מדויק,True,True
1939,ש.פיגנבוים,,,לא ידוע - לא נפתר מול המאגר שלנו,,
1850,ש.שטראוס,,,לא ידוע - לא נפתר מול המאגר שלנו,,
491,"שאול סגל יזמות ונדל""ן בע""מ",516215589,"שאול סגל יזמות ונדל""ן בע""מ",מדויק,True,True
889,שבתאי מרגלית,,,לא ידוע - לא נפתר מול המאגר שלנו,,
1933,"שדרות יפו 1 בע""מ",515755064,"שדרות פינת יפו 1 בע""מ",קירוב - השם ב-heteriske שונה מהשם במאגר שלנו,False,True
1806,שהם רהיטים,,,לא ידוע - לא נפתר מול המאגר שלנו,,
685,"שורש אגור בע""מ",516354305,"שורש אגור בע""מ",מדויק,True,True
684,"שורש מגורים בע""מ",516440468,"שורש מגורים בע""מ",מדויק,True,True
683,"שחר השקעות-י.שדות בע""מ",515839975,"שחר השקעות - י. שדות בע""מ",מדויק,True,True
730,"שחר לאנשים שרוצים להתקדם בע""מ",515953750,"שחר לאנשים שרוצים להתקדם בע""מ",מדויק,True,True
1812,"שטיבלך קהל חסידים בע""מ(חל""צ)",513322396,"שטיבלך קהל חסידים בע""מ (חל""צ)",קירוב - השם ב-heteriske שונה מהשם במאגר שלנו,False,True
1936,שי - לי,,,לא ידוע - לא נפתר מול המאגר שלנו,,
67,שי דיגיטל,,,לא ידוע - לא נפתר מול המאגר שלנו,,
1779,"שיא החשמל והמיזוג ב""ה בע""מ",514535970,"שיא החשמל והמיזוג ב""ה בע""מ",מדויק,True,False
2010,"שיא מימונים בע""מ",516107448,"שיא מימונים בע""מ",מדויק,True,True
517,שיווק א.ד.ר. הגפן,,,לא ידוע - לא נפתר מול המאגר שלנו,,
1675,"שייע גטר שירותי ניהול ויעוץ (2012) בע""מ",,,לא ידוע - לא נפתר מול המאגר שלנו,,
1724,"שילת אופטרוניקה בע""מ",514123082,"שילת אופטרוניקה בע""מ",מדויק,True,True
3,שימי משקאות,,,לא ידוע - לא נפתר מול המאגר שלנו,,
726,"שיפוצים וניהול נדל""ן",,,לא ידוע - לא נפתר מול המאגר שלנו,,
2550,"שלוות צפת בע""מ",516924016,"שלוות צפת בע""מ",מדויק,True,True
1784,"שלית טסט מוטורס בע""מ",,,לא ידוע - לא נפתר מול המאגר שלנו,,
2012,שלמוביץ שרה טובית,,,לא ידוע - לא נפתר מול המאגר שלנו,,
1946,שמחה בונים ורשביאק - מימון חכם,,,לא ידוע - לא נפתר מול המאגר שלנו,,
1774,"שן סמייל בע""מ",515920650,"שן סמייל בע""מ",מדויק,True,True
2131,"שערי עוזיהו בע""מ",515617314,"שערי עוזיהו בע""מ",מדויק,True,True
453,"שערים מקבוצת בית ירושלמי בע""מ",516438801,"שערים מקבוצת בית ירושלמי בע""מ",מדויק,True,True
1676,שפירא תאורה,516826989,"שפירא תאורה בע""מ",קירוב - השם ב-heteriske שונה מהשם במאגר שלנו,False,False
615,"שפע ייזום ותיווך נדל""ן בע""מ",514581180,"שפע ייזום ותיווך נדל""ן בע""מ",מדויק,True,True
2002,"תאגיד המים מי לוד בע""מ",,,לא ידוע - לא נפתר מול המאגר שלנו,,
1954,תבליני כהן -סלטי נחום,,,לא ידוע - לא נפתר מול המאגר שלנו,,
1973,תדיראן טלקום - שרותי תקשורת בישראל- שותפות מוגבלת,,,לא ידוע - לא נפתר מול המאגר שלנו,,
1974,"תדיראן טלקום(תטל) , שותפות מוגבלת",,,לא ידוע - לא נפתר מול המאגר שלנו,,
1776,"תהילינס 10 בע""מ",514471937,"תהילינס 10 בע""מ",מדויק,True,True
70,תו של רגש,,,לא ידוע - לא נפתר מול המאגר שלנו,,
66,תומכת לידה חנה אזרחי,,,לא ידוע - לא נפתר מול המאגר שלנו,,
924,תיווך,,,לא ידוע - לא נפתר מול המאגר שלנו,,
1790,"תכלית מזון מוכן בע""מ",513828251,"תכלית מזון מוכן בע""מ",מדויק,True,True
719,תכשיטים סילבר סטורי,,,לא ידוע - לא נפתר מול המאגר שלנו,,
2541,"תל אביב נדל""ן סנטר",,,לא ידוע - לא נפתר מול המאגר שלנו,,
2,תמר הלר - מילה עיצוב גרפי,,,לא ידוע - לא נפתר מול המאגר שלנו,,
2008,תנופה,,,לא ידוע - לא נפתר מול המאגר שלנו,,
1121,תפארת,,,לא ידוע - לא נפתר מול המאגר שלנו,,
1128,"תפארת רכסים (ע""ר)",580405496,"תפארת רכסים (ע""ר)",מדויק,True,True
2498,Kollel Torah Temimah,,,לא ידוע - לא נפתר מול המאגר שלנו,,
1509,MSP,,,לא ידוע - לא נפתר מול המאגר שלנו,,
2359,spaces,,,לא ידוע - לא נפתר מול המאגר שלנו,,
1049,א.א חומרי בניין,,,לא ידוע - לא נפתר מול המאגר שלנו,,
838,אבי שמאים ויועצים 770 בעמ,515891620,"אבי שמאים ויועצים 770 בע""מ",מדויק,True,True
831,"אביב חדש בלוד 2012 בע""מ",514784578,"אביב חדש בלוד 2012 בע""מ",מדויק,True,True
2249,"אדיר 55 בע""מ",512776337,"אדיר 55 בע""מ",מדויק,True,True
828,אהרן רינגל,,,לא ידוע - לא נפתר מול המאגר שלנו,,
1654,או סקרלט,,,לא ידוע - לא נפתר מול המאגר שלנו,,
1127,"אוורסט בן גוריון 28 בע""מ",515492833,"אוורסט בן גוריון 28 בע""מ",מדויק,True,True
798,"אורה סמארט אייר בע""מ",515816114,"אורה סמארט אייר בע""מ",מדויק,True,True
2254,"אוריקאר תחבורה בע""מ",512407222,"אוריקאר תחבורה בע""מ",מדויק,True,True
832,"אייר סיון 2004 בע""מ",,,לא ידוע - לא נפתר מול המאגר שלנו,,
2250,"אל.אר.ג'י איטום בניה ואחסנה בע""מ",514943828,"אל.אר.ג'י איטום בניה ואחסנה בע""מ",מדויק,True,True
769,"אסיה סיירוס פיתוח וייזום בע""מ",513706424,"אסיה סיירוס פיתוח וייזום בע""מ",מדויק,True,True
2258,"אפסנט מדיקל בע""מ",515882041,"אפסנט מדיקל בע""מ",מדויק,True,True
770,"אקשן טויס בע""מ",516247608,"אקשן טויס בע""מ",מדויק,True,True
662,"אריה לדרמן החזקות בע""מ",516033693,"אריה לדרמן החזקות בע""מ",מדויק,True,True
521,"באלי גלובל הולדינגס בע""מ",514212570,"באלי גלובל הולדינגס בע""מ",מדויק,True,True
2263,"בהצלחה תמיד בע""מ",516763133,"בהצלחה תמיד בע""מ",מדויק,True,True
771,"ביזי טופ בע""מ",515901262,"ביזי טופ בע""מ",מדויק,True,True
792,בית אדיר יזמות ובניה,515668218,"בית אדיר יזמות ובניה בע""מ",קירוב - השם ב-heteriske שונה מהשם במאגר שלנו,False,True
772,"בית הצדיק בע""מ",515756807,"בית הצדיק בע""מ",מדויק,True,True
773,"בית מדרש חניכי הישיבות נתיבות(ע""ר)",580648939,"בית מדרש חניכי הישיבות נתיבות (ע""ר)",מדויק,True,True
490,"בלה מ.ב. השקעות בע""מ",516571783,"בלה מ.ב. השקעות בע""מ",מדויק,True,True
774,"בן אנד ברו 770 בע""מ",516633542,"בן אנד ברו 770 בע""מ",מדויק,True,True
775,בנה בתך,540123114,בנה ביתך,קירוב - השם ב-heteriske שונה מהשם במאגר שלנו,False,False
776,"בעל התניא אביטל בע""מ",516468642,"בעל התניא אביטל בע""מ",מדויק,True,True
777,"בעל התניא אחזקות בע""מ",516717758,"בעל התניא אחזקות בע""מ",מדויק,True,True
472,"בעל התניא אילת בע""מ",516016508,"בעל התניא אילת בע""מ",מדויק,True,True
471,"בעל התניא אפרת בע""מ",516187853,"בעל התניא אפרת בע""מ",מדויק,True,True
778,"בעל התניא בן שמן בע""מ",516372919,"בעל התניא בן שמן בע""מ",מדויק,True,True
779,"בעל התניא השרון בע""מ",516510310,"בעל התניא השרון בע""מ",מדויק,True,True
470,"בעל התניא התמרים בע""מ",516387446,"בעל התניא התמרים בע""מ",מדויק,True,True
780,"בעל התניא ישראל בע""מ",,,לא ידוע - לא נפתר מול המאגר שלנו,,
781,"בעל התניא מכרזים בע""מ",516509866,"בעל התניא מכרזים בע""מ",מדויק,True,True
782,"בעל התניא עפולה בע""מ",516378874,"בעל התניא עפולה בע""מ",מדויק,True,True
474,"בראשית הירוקה בע""מ",516040417,"בראשית הירוקה בע""מ",מדויק,True,True
918,"ברגר טאוורס ירושלים בע""מ",515200137,"ברגר טאוורס ירושלים בע""מ",מדויק,True,True
464,"ג'יי די סי מרפאת שיניים (ע""ר)",580065050,"ג'יי די סי מרפאת שיניים (ע""ר)",מדויק,True,True
785,"גדיש הירוקה בע""מ",515755593,"גדיש הירוקה בע""מ",מדויק,True,True
467,"גלנור מנוס פינוי בינוי - דרך חברון 116 בע""מ",,,לא ידוע - לא נפתר מול המאגר שלנו,,
786,"גמילות חסדים בתפארתה(ע""ר)",580802783,"גמילות חסדים בתפארתה (ע""ר)",מדויק,True,True
518,"ד. סיט השקעות בע""מ",516536083,"ד. סיט השקעות בע""מ",מדויק,True,True
523,"ד.ח. רומנו השקעות בע""מ",516606779,"ד.ח. רומנו השקעות בע""מ",מדויק,True,True
2257,"דופלקס נאמן יזמות הנדסה ובניה בע""מ",514745520,"דופלקס נאמן יזמות הנדסה ובניה בע""מ",מדויק,True,True
638,"דור ודר מינוף פיננסים ויועצים בע""מ",516319266,"דור ודר מינוף פיננסים ויועצים בע""מ",מדויק,True,True
1134,"דלקל אנרגיה (2004) בע""מ",513592931,"דלקל אנרגיה (2004) בע""מ",מדויק,True,True
788,דלת פלוס,,,לא ידוע - לא נפתר מול המאגר שלנו,,
2251,דניאל בנדר- home space,,,לא ידוע - לא נפתר מול המאגר שלנו,,
893,ה. מצנבר פאות בהזמנה אישית,,,לא ידוע - לא נפתר מול המאגר שלנו,,
434,"הבית ברמות מקבוצת בית ירושלמי בע""מ",516186053,"הבית ברמות מקבוצת בית ירושלמי בע""מ",מדויק,True,True
790,"הולד מי בע""מ",513933218,"הולד מי בע""מ",מדויק,True,True
791,הוס יהודית,,,לא ידוע - לא נפתר מול המאגר שלנו,,
794,המרכז לבית ברמה,,,לא ידוע - לא נפתר מול המאגר שלנו,,
795,המרכז לייעוץ משכנתאות,,,לא ידוע - לא נפתר מול המאגר שלנו,,
663,"הנוטע בע""מ",520002478,הנוטע בעמ,מדויק,True,True
675,"הפרדס הלבן חדרה 2023 בע""מ",516793478,"הפרדס הלבן חדרה 2023 בע""מ",מדויק,True,True
646,"וידאה ניהול השקעות מקבוצת לאומי בע""מ",515780138,"וידאה ניהול השקעות מקבוצת לאומי בע""מ",מדויק,True,True
643,ולדמן ספרים,,,לא ידוע - לא נפתר מול המאגר שלנו,,
670,זאלו,,,לא ידוע - לא נפתר מול המאגר שלנו,,
797,זילברברג אברהם חיים,,,לא ידוע - לא נפתר מול המאגר שלנו,,
614,"חזקי השקעות בע""מ",516229457,"חזקי השקעות בע""מ",מדויק,True,True
890,חלוק פלוס,,,לא ידוע - לא נפתר מול המאגר שלנו,,
2265,"חניכי הישיבות רמה ג' 2 (ע""ר)",,,לא ידוע - לא נפתר מול המאגר שלנו,,
793,"טובולסקי יזמות ושהקעות נדל""ן בע""מ",,,לא ידוע - לא נפתר מול המאגר שלנו,,
1125,"טי.סי.אי ניהול פרוייקטים בתמ""א בע""מ",,,לא ידוע - לא נפתר מול המאגר שלנו,,
1131,"טי.סי.אי תמ""א הוד השרון בע""מ",,,לא ידוע - לא נפתר מול המאגר שלנו,,
1126,"טי.סי.אי תמ""א הרצליה בע""מ",,,לא ידוע - לא נפתר מול המאגר שלנו,,
1132,י. גראנאטאוויטש,,,לא ידוע - לא נפתר מול המאגר שלנו,,
804,"י.ש. אזמרה יזמות בע""מ",515770824,"י.ש אזמרה יזמות בע""מ",מדויק,True,True
766,יהודה אנגל,,,לא ידוע - לא נפתר מול המאגר שלנו,,
722,"יוד.פיי. יזמויות השקעות וייעוץ נדל""ן בע""מ",516598851,"יוד.פיי. יזמויות השקעות וייעוץ נדל""ן בע""מ",מדויק,True,True
1133,"ימות המשיח בע""מ",514226000,"ימות המשיח בע""מ",מדויק,True,True
2260,"ישיבה ופנימיה פאר ישראל ירושלים (ע""ר)",580635670,ישיבה ופנימיה פאר ישראל ירושלים (ע''ר),מדויק,True,True
640,"ישיבת קמניץ ירושלים כנסת בית יצחק (ע""ר)",580029239,"ישיבת קמניץ ירושלים כנסת בית יצחק (ע""ר)",מדויק,True,True
917,כשר אנרג'י,,,לא ידוע - לא נפתר מול המאגר שלנו,,
1172,לאה קורלנסקי,,,לא ידוע - לא נפתר מול המאגר שלנו,,
645,"לאומי פרטנרס בע""מ",520031857,"לאומי פרטנרס בע""מ",מדויק,True,True
644,"לאומי שירותי שוק ההון בע""מ",511481996,"לאומי שירותי שוק ההון בע""מ",מדויק,True,True
2262,"לומדים היכל התורה והחסד המרכזי (ע""ר)",580523264,"לומדים - היכל התורה והחסד המרכזי (ע""ר)",מדויק,True,True
2114,מגה פונים,,,לא ידוע - לא נפתר מול המאגר שלנו,,
830,מהודר,,,לא ידוע - לא נפתר מול המאגר שלנו,,
727,"מוסדות ירוסלב (ע""ר)",580575025,"מוסדות ירוסלב (ע""ר)",מדויק,True,True
2261,"מוסדות רצון השם בית שמש (ע""ר)",580515435,"מוסדות רצון השם - בית שמש (ע""ר)",מדויק,True,True
799,"מטעמי שולחן ערוך בע""מ",515645844,"מטעמי שולחן ערוך בע""מ",מדויק,True,True
833,מיה רימונים 770 בעמ,516427580,"מיה רימונים 770 בע""מ",מדויק,True,True
2255,"מים אדירים הנדסה בע""מ",513646869,"מים אדירים הנדסה בע""מ",מדויק,True,True
1510,מיקסר בית שמש,,,לא ידוע - לא נפתר מול המאגר שלנו,,
1511,מיקסר מוצרי חשמל,,,לא ידוע - לא נפתר מול המאגר שלנו,,
1985,מלול שניר יצחק,,,לא ידוע - לא נפתר מול המאגר שלנו,,
2018,"מצות מהדרין וחבורה בע""מ",514208206,"מצות מהדרין וחבורה בע""מ",מדויק,True,True
1116,"מרכזיה בע""מ",515266286,"מרכזיה בע""מ",מדויק,True,True
755,משגב ציון ירושלים,580573921,"משגב ציון ירושלים (ע""ר)",מדויק,True,False
834,נאות הפסגה מדיקל 770בעמ,,,לא ידוע - לא נפתר מול המאגר שלנו,,
2248,ניר גואטה גן האושר,,,לא ידוע - לא נפתר מול המאגר שלנו,,
1508,סימפל,540167152,סימפלי,קירוב - השם ב-heteriske שונה מהשם במאגר שלנו,False,False
800,"ספארק איי אל בע""מ",516113479,"ספארק איי אל בע""מ (חל""צ)",קירוב - השם ב-heteriske שונה מהשם במאגר שלנו,False,True
2252,עוגן סוכנות לביטוח,,,לא ידוע - לא נפתר מול המאגר שלנו,,
801,"עוז תוכנה בע""מ",514453224,"עוז תוכנה בע""מ",מדויק,True,True
815,"פייז מדיקל בע""מ-FIZE Medical Inc",,,לא ידוע - לא נפתר מול המאגר שלנו,,
891,פרקש,,,לא ידוע - לא נפתר מול המאגר שלנו,,
2256,"קול יהודה תל ציון (ע""ר)",,,לא ידוע - לא נפתר מול המאגר שלנו,,
829,קיו מוטורס,,,לא ידוע - לא נפתר מול המאגר שלנו,,
892,קל זכות,,,לא ידוע - לא נפתר מול המאגר שלנו,,
2253,קלקטה קרמיקס,,,לא ידוע - לא נפתר מול המאגר שלנו,,
805,ר.טיילור אדריכלות ועיצוב פנים,,,לא ידוע - לא נפתר מול המאגר שלנו,,
1129,"שותפות הבינלאומית לתמ""א הרצליה רעננה שותפות מוגבלת",,,לא ידוע - לא נפתר מול המאגר שלנו,,
2264,"שמחה סטל החזקות בע""מ",517202503,"שמחה סטל החזקות בע""מ",מדויק,True,True
1403,שמעון בורנשטיין,,,לא ידוע - לא נפתר מול המאגר שלנו,,
2259,"תשואות חן בע""מ",515279396,"תשואות חן בע""מ",מדויק,True,True
