heteriske_code,heteriske_name,chp_number,chp_match_name,chp_confidence,registry_status,registry_official_name,registry_entity_type,registry_biz_type,registry_status_raw,error
653,"אגוז הנפקות ופיננסים בע""מ",515293223,"אגוז הנפקות ופיננסים בע""מ",exact,פעילה,"אגוז הנפקות ופיננסים בע""מ",company,"חברה פרטית - בע""מ",פעילה,
468,"בנק לאומי לישראל בע""מ",520018078,בנק לאומי לישראל בעמ,exact,פעילה,בנק לאומי לישראל בעמ,company,"חברה ציבורית - בע""מ",פעילה,
1097,הסתדרות אגודת ישראל בארץ ישראל,580421527,"הסתדרות אגודת ישראל בארץ ישראל בבני ברק (ע""ר)",fuzzy,לא פעילה בפועל (נמחקה),"הסתדרות אגודת ישראל בארץ ישראל בבני ברק (ע""ר)",association,עמותה רשומה,נמחקה,
516,"וויל קפיטל ב.ד.ש. בע""מ",516602216,"וויל קפיטל ב.ד.ש. בע""מ",exact,פעילה,"וויל קפיטל ב.ד.ש.  בע""מ",company,"חברה פרטית - בע""מ",פעילה,
529,"מיטב הלוואות בע""מ",514817154,"מיטב הלוואות בע""מ",exact,פעילה,"מיטב הלוואות  בע""מ",company,"חברה פרטית - בע""מ",פעילה,
577,"מימון ישיר נדל""ן ומשכנתאות בע""מ",516100153,"מימון ישיר נדל""ן ומשכנתאות בע""מ",exact,פעילה,"מימון ישיר נדל""ן ומשכנתאות   בע""מ",company,"חברה פרטית - בע""מ",פעילה,
759,"מנוס - בן יפונה 10 בע""מ",515089191,"מנוס - בן יפונה 10 בע""מ",exact,פעילה,"מנוס - בן יפונה 10 בע""מ",company,"חברה פרטית - בע""מ",פעילה,
758,"מנוס - שאול המלך 63 בע""מ",514832781,"מנוס - שאול המלך 63 בע""מ",exact,פעילה,"מנוס - שאול המלך 63 בע""מ",company,"חברה פרטית - בע""מ",פעילה,
757,"מנוס - שמעוני 34 בע""מ",515848968,"מנוס - שמעוני 34 בע""מ",exact,פעילה,"מנוס  - שמעוני 34  בע""מ",company,"חברה פרטית - בע""מ",פעילה,
475,"מרכז בית יעקב בארץ ישראל (ע""ר)",580026805,"מרכז בית יעקב בארץ ישראל (ע""ר)",exact,פעילה,"מרכז בית יעקב בארץ ישראל (ע""ר)",association,עמותה רשומה,רשומה,
532,"נדרים פלוס מערכות מידע בע""מ",516831591,"נדרים פלוס מערכות מידע בע""מ",exact,פעילה,"נדרים פלוס מערכות מידע  בע""מ",company,"חברה פרטית - בע""מ",פעילה,
736,"קבוצת מנוס ייזום והשקעות בע""מ",514662519,"קבוצת מנוס ייזום והשקעות בע""מ",exact,פעילה,"קבוצת מנוס ייזום והשקעות בע""מ",company,"חברה פרטית - בע""מ",פעילה,
687,"רם אדרת סלעית גני איילון בע""מ",516386745,"רם אדרת סלעית גני איילון בע""מ",exact,פעילה,"רם אדרת סלעית גני איילון  בע""מ",company,"חברה פרטית - בע""מ",פעילה,
1052,"א.ב ברזיל ישראל נדל""ן בע""מ",514533470,"א.ב ברזיל ישראל נדל""ן בע""מ",exact,פעילה,"א.ב ברזיל ישראל נדל""ן בע""מ",company,"חברה פרטית - בע""מ",פעילה,
1323,"פיתוח מזרח ירושלים בע""מ",520027392,פיתוח מזרח ירושלים בעמ,exact,פעילה,פיתוח מזרח ירושלים בעמ,company,"חברה פרטית - בע""מ",פעילה,
1141,"גרינקאר (אייימאד) יבוא ומסחר בע""מ",516330123,"גרינקאר (אייימאד) יבוא ומסחר בע""מ",exact,פעילה,"גרינקאר (אייימאד) יבוא ומסחר  בע""מ",company,"חברה פרטית - בע""מ",פעילה,
1082,"גומל חסדים טובים בע""מ",515715969,"גומל חסדים טובים בע""מ",exact,פעילה,"גומל חסדים טובים בע""מ",company,"חברה פרטית - בע""מ",פעילה,
851,"די.בי.אס נצח קפיטל גרופ בע""מ",517017406,"די.בי.אס נצח קפיטל גרופ בע""מ",exact,פעילה,"די.בי.אס נצח קפיטל גרופ  בע""מ",company,"חברה פרטית - בע""מ",פעילה,
1092,"דרך 38 מרכז לבריאות בע""מ",515421253,"דרך 38 מרכז לבריאות בע""מ",exact,פעילה,"דרך 38 מרכז לבריאות בע""מ",company,"חברה פרטית - בע""מ",פעילה,
1093,"דרך 38 שירותים מקצועיים בע""מ",515032209,"דרך 38 שירותים מקצועיים בע""מ",exact,פעילה,"דרך 38 שירותים מקצועיים בע""מ",company,"חברה פרטית - בע""מ",פעילה,
1146,"שי מידע פיננסים והשקעות בע""מ",514768803,"שי מידע פיננסים והשקעות בע""מ",exact,פעילה,"שי מידע פיננסים והשקעות בע""מ",company,"חברה פרטית - בע""מ",פעילה,
1056,"אופק חופים בע""מ",514698216,"אופק חופים בע""מ",exact,פעילה,"אופק חופים בע""מ",company,"חברה פרטית - בע""מ",פעילה,
1057,"אחוזת אריה 2015 בע""מ",515242378,"אחוזת אריה 2015 בע""מ",exact,פעילה,"אחוזת אריה 2015 בע""מ",company,"חברה פרטית - בע""מ",פעילה,
1059,"איחוד מגורי ישראל בע""מ",516242419,"איחוד מגורי ישראל בע""מ",exact,פעילה,"איחוד מגורי ישראל  בע""מ",company,"חברה פרטית - בע""מ",פעילה,
1064,"אפי קפיטל אחזקות בע""מ",517084216,"אפי קפיטל פ. אחזקות בע""מ",fuzzy,פעילה,"אפי קפיטל פ. אחזקות בע""מ",company,"חברה פרטית - בע""מ",פעילה,
1067,"אפי קפיטל בע""מ",515116820,"אפי קפיטל בע""מ",exact,פעילה,"אפי קפיטל בע""מ",company,"חברה פרטית - בע""מ",פעילה,
1068,"אפי קפיטל בעיר היין בע""מ",515695633,"אפי קפיטל בעיר היין בע""מ",exact,פעילה,"אפי קפיטל בעיר היין בע""מ",company,"חברה פרטית - בע""מ",פעילה,
1071,"אפי קפיטל מגורים בע""מ",515836369,"אפי קפיטל מגורים בע""מ",exact,פעילה,"אפי קפיטל מגורים  בע""מ",company,"חברה פרטית - בע""מ",פעילה,
1072,"אפי קפיטל מתחמים בע""מ",515851673,"אפי קפיטל מתחמים בע""מ",exact,פעילה,"אפי קפיטל מתחמים  בע""מ",company,"חברה פרטית - בע""מ",פעילה,
1073,"אפי קפיטל עמרם אברהם בע""מ",515529493,"אפי קפיטל עמרם אברהם בע""מ",exact,פעילה,"אפי קפיטל עמרם אברהם בע""מ",company,"חברה פרטית - בע""מ",פעילה,
1074,"אפי קפיטל עמרם אברהם קריית גת בע""מ",515924926,"אפי קפיטל עמרם אברהם קריית גת בע""מ",exact,פעילה,"אפי קפיטל עמרם אברהם קריית גת  בע""מ",company,"חברה פרטית - בע""מ",פעילה,
1075,"אפי קפיטל פרוייקטים בע""מ",515837276,"אפי קפיטל פרוייקטים בע""מ",exact,פעילה,"אפי קפיטל פרוייקטים  בע""מ",company,"חברה פרטית - בע""מ",פעילה,
1079,"בלו-אי טכנולוגיות מים בע""מ",513484675,"בלו-אי טכנולוגיות מים בע""מ",exact,פעילה,"בלו-אי טכנולוגיות מים בע""מ",company,"חברה פרטית - בע""מ",פעילה,
1080,"בראל אפי קפיטל בע""מ",515851731,"בראל אפי קפיטל בע""מ",exact,פעילה,"בראל אפי קפיטל  בע""מ",company,"חברה פרטית - בע""מ",פעילה,
1145,"יאדיר תורה בנגב בע""מ",514062827,"יאדיר תורה בנגב בע""מ (חל""ץ)",fuzzy,פעילה,"יאדיר תורה בנגב בע""מ (חל""ץ)",company,"חברה פרטית - בע""מ",פעילה,
853,"כספא סליקה כשרה בע""מ",517066940,"כספא סליקה כשרה בע""מ",exact,פעילה,"כספא סליקה כשרה בע""מ",company,"חברה פרטית - בע""מ",פעילה,
1139,"משכן התורה נתיבות (ע""ר)",580400323,"משכן התורה נתיבות (ע""ר)",exact,פעילה,"משכן התורה נתיבות (ע""ר)",association,עמותה רשומה,רשומה,
1143,"נטעי ראובן (ע""ר)",580356947,"נטעי ראובן (ע""ר)",exact,פעילה,"נטעי ראובן (ע""ר)",association,עמותה רשומה,רשומה,
1144,"נתיבות ראובן יוסף (ע""ר)",580077865,"נתיבות ראובן יוסף (ע""ר)",exact,פעילה,"נתיבות ראובן יוסף (ע""ר)",association,עמותה רשומה,רשומה,
1107,"מגדלור קרן השקעות שירותי ניהול בע""מ",516284387,"מגדלור קרן השקעות 2 - שירותי ניהול בע""מ",fuzzy,פעילה,"מגדלור קרן השקעות 2 - שירותי ניהול  בע""מ",company,"חברה פרטית - בע""מ",פעילה,
1053,"א.י קרן גשרים אשראי בע""מ",512848110,"א.י קרן גשרים אשראי בע""מ",exact,פעילה,"א.י קרן גשרים אשראי  בע""מ",company,"חברה פרטית - בע""מ",פעילה,
1158,"מי כרמל בע""מ",513531046,"מי כרמל בע""מ",exact,פעילה,"מי כרמל בע""מ",company,"חברה פרטית - בע""מ",פעילה,
1157,"פיינסטר בע""מ",515781003,"פיינסטר בע""מ",exact,פעילה,"פיינסטר  בע""מ",company,"חברה פרטית - בע""מ",פעילה,
1063,"אנ""ש משכנתאות ופתרונות אשראי חכמים בע""מ",516078797,"אנ""ש משכנתאות ופתרונות אשראי חכמים בע""מ",exact,פעילה,"אנ""ש משכנתאות ופתרונות אשראי חכמים  בע""מ",company,"חברה פרטית - בע""מ",פעילה,
1147,"ארבל ב.ש. פתרונות מימון ומשכנתאות בע""מ",516214723,"ארבל ב.ש. פתרונות מימון ומשכנתאות בע""מ",exact,פעילה,"ארבל ב.ש. פתרונות מימון ומשכנתאות  בע""מ",company,"חברה פרטית - בע""מ",פעילה,
852,"שמואל ברוך יזמות ובניה בע""מ",512403247,"שמואל ברוך יזמות ובניה בע""מ",exact,פעילה,"שמואל ברוך  יזמות ובניה  בע""מ",company,"חברה פרטית - בע""מ",פעילה,
1054,"אבי בן רפאל יעוץ והדרכה לבטיחות בדרכים בע""מ",515004943,"אבי בן רפאל יעוץ והדרכה לבטיחות בדרכים בע""מ",exact,פעילה,"אבי בן רפאל יעוץ והדרכה לבטיחות בדרכים בע""מ",company,"חברה פרטית - בע""מ",פעילה,
1102,"יעקב בן יוסף מערכות תקשורת מתקדמות בע""מ",516173366,"יעקב בן יוסף מערכות תקשורת מתקדמות בע""מ",exact,פעילה,"יעקב בן יוסף מערכות תקשורת מתקדמות  בע""מ",company,"חברה פרטית - בע""מ",פעילה,
1156,"בראשית לוגיסטיקה בינלאומית בע""מ",513999672,"בראשית - לוגיסטיקה בינלאומית בע""מ",exact,פעילה,"בראשית -  לוגיסטיקה בינלאומית בע""מ",company,"חברה פרטית - בע""מ",פעילה,
864,"א.ב.ג. קרית יערים בע""מ",517037917,"א.ב.ג. קרית יערים בע""מ",exact,פעילה,"א.ב.ג. קרית יערים  בע""מ",company,"חברה פרטית - בע""מ",פעילה,
1088,"דלקל אחזקות 2009 בע""מ",514338250,"דלקל אחזקות 2009 בע""מ",exact,פעילה,"דלקל אחזקות 2009 בע""מ",company,"חברה פרטית - בע""מ",פעילה,
1089,"דלקל גז בע""מ",514864826,"דלקל גז בע""מ",exact,פעילה,"דלקל גז בע""מ",company,"חברה פרטית - בע""מ",פעילה,
1137,"דלקל מואס גז בע""מ",516108099,"דלקל מואס גז בע""מ",exact,פעילה,"דלקל מואס גז  בע""מ",company,"חברה פרטית - בע""מ",פעילה,
1135,"דלקל נכסים (2015) בע""מ",515138998,"דלקל נכסים (2015) בע""מ",exact,פעילה,"דלקל נכסים (2015)  בע""מ",company,"חברה פרטית - בע""מ",פעילה,
1090,"דלקלומט בע""מ",513492595,"דלקלומט בע""מ",exact,פעילה,"דלקלומט בע""מ",company,"חברה פרטית - בע""מ",פעילה,
1100,"י.א.מ.א. מרגליות פיתוח בע""מ",513522615,"י.א.מ.א. מרגליות פיתוח בע""מ",exact,פעילה,"י.א.מ.א. מרגליות פיתוח בע""מ",company,"חברה פרטית - בע""מ",פעילה,
1101,"ים הדר סוכנות לביטוח (2017) בע""מ",515702728,"ים הדר סוכנות לביטוח ( 2017 ) בע""מ",exact,פעילה,"ים הדר סוכנות לביטוח ( 2017 ) בע""מ",company,"חברה פרטית - בע""מ",פעילה,
1149,"פנחס 70 רמת גן בע""מ",515423267,"פנחס 70 רמת גן בע""מ",exact,פעילה,"פנחס 70 רמת גן בע""מ",company,"חברה פרטית - בע""מ",פעילה,
1150,"פרסונל אינווסט בע""מ",515947828,"פרסונל אינווסט בע""מ",exact,פעילה,"פרסונל אינווסט  בע""מ",company,"חברה פרטית - בע""מ",פעילה,
1151,"פרסונל אנד מור סוכנות לביטוח ותכנון פנסיוני (2018) בע""מ",515820751,"פרסונל אנד מור סוכנות לביטוח ותכנון פנסיוני (2018) בע""מ",exact,פעילה,"פרסונל אנד מור סוכנות לביטוח ותכנון פנסיוני (2018)  בע""מ",company,"חברה פרטית - בע""מ",בפרוק ע~י בימ~ש,
1152,"פרסונל יזמות מ.ל. בע""מ",516022167,"פרסונל יזמות מ.ל. בע""מ",exact,פעילה,"פרסונל יזמות מ.ל.  בע""מ",company,"חברה פרטית - בע""מ",פעילה,
1155,"תשתיות השרון מ.ל בע""מ",516038874,"תשתיות השרון מ.ל בע""מ",exact,פעילה,"תשתיות השרון מ.ל  בע""מ",company,"חברה פרטית - בע""מ",פעילה,
850,"סילבר ג.י. ניהול בע""מ",515572212,"סילבר ג.י. ניהול בע""מ",exact,לא נמצא ברשם - ח.פ. לא קיים בפועל,,,,,
848,"שרי את אלכס השקעות וניהול פרוייקטים בע""מ",513998435,"שרי את אלכס השקעות וניהול פרוייקטים בע""מ",exact,לא נמצא ברשם - ח.פ. לא קיים בפועל,,,,,
862,"אורנשטיין ניהול וביצוע פרוייקטים בע""מ",514637354,"אורנשטיין - ניהול וביצוע פרוייקטים בע""מ",exact,לא נמצא ברשם - ח.פ. לא קיים בפועל,,,,,
859,"ארד בע""מ",510007800,ארד בעמ,exact,פעילה,ארד בעמ,company,"חברה ציבורית - בע""מ",פעילה,
1081,"ג.מ.נ. שיווק לבניה בע""מ",514693761,"ג.מ.נ. שיווק לבניה בע""מ",exact,פעילה,"ג.מ.נ. שיווק לבניה בע""מ",company,"חברה פרטית - בע""מ",פעילה,
1164,"סונול גז פלוס בע""מ",515916542,"סונול גז פלוס בע""מ",exact,לא נמצא ברשם - ח.פ. לא קיים בפועל,,,,,
863,"אברהם זילברברג בניה ויזום בע""מ",516734472,"אברהם זילברברג בניה ויזום בע""מ",exact,פעילה,"אברהם זילברברג בניה ויזום  בע""מ",company,"חברה פרטית - בע""מ",פעילה,
1095,"הדרום בפריחה ערד (ע""ר)",580648772,"הדרום בפריחה - ערד (ע""ר)",exact,פעילה,"הדרום בפריחה - ערד (ע""ר)",association,עמותה רשומה,רשומה,
1104,"לנד א.י בע""מ",516118163,"לנד א.י בע""מ",exact,לא נמצא ברשם - ח.פ. לא קיים בפועל,,,,,
1108,"מוסדות חסידי בעלז בני-ברק (ע""ר)",580031680,"מוסדות חסידי בעלזא בני-ברק (ע""ר)",fuzzy,לא נמצא ברשם - ח.פ. לא קיים בפועל,,,,,
1163,"פשוט לעזור לערד (ע""ר)",580599728,"פשוט לעזור לערד (ע""ר)",exact,פעילה,"פשוט לעזור לערד  (ע""ר)",association,עמותה רשומה,רשומה,
861,"אלסקה פרקמטיא בע""מ",515108413,"אלסקה פרקמטיא בע""מ",exact,לא נמצא ברשם - ח.פ. לא קיים בפועל,,,,,
1078,"בית דוד בית שמש (ע""ר)",580572782,"בית דוד בית שמש (ע""ר)",exact,לא פעילה בפועל (ניתן צו פירוק על ידי בית משפט),"בית דוד בית שמש (ע""ר)",association,עמותה רשומה,ניתן צו פירוק על ידי בית משפט,
871,"מגורי ביתר שי עולמות בע""מ",516768744,"מגורי ביתר שי עולמות בע""מ",exact,לא נמצא ברשם - ח.פ. לא קיים בפועל,,,,,
869,"נופי בראשית שי בגליל בע""מ",516681947,"נופי בראשית שי בגליל בע""מ",exact,לא נמצא ברשם - ח.פ. לא קיים בפועל,,,,,
874,"נתיב החסד סופר חסד בע""מ",513777219,"נתיב החסד - סופר חסד בע""מ",exact,לא נמצא ברשם - ח.פ. לא קיים בפועל,,,,,
867,"קשת גיבורים בע""מ",514131499,"קשת גיבורים בע""מ",exact,לא נמצא ברשם - ח.פ. לא קיים בפועל,,,,,
866,"קשת גיבורים שיווק בע""מ",514844893,"קשת גיבורים - שיווק בע""מ",exact,לא נמצא ברשם - ח.פ. לא קיים בפועל,,,,,
1160,"סתם מהודר בע""מ",515189157,"סתם מהודר בע""מ",exact,לא נמצא ברשם - ח.פ. לא קיים בפועל,,,,,
849,"א.ר.א.ב. בונוס בע""מ",512056789,"א.ר.א.ב. בונוס בע""מ",exact,לא נמצא ברשם - ח.פ. לא קיים בפועל,,,,,
1055,"אובלי ערבויות בע""מ",515966661,"אובלי ערבויות בע""מ",exact,לא נמצא ברשם - ח.פ. לא קיים בפועל,,,,,
1061,"אלדד פרי אסטרטגיות בע""מ",515272078,"אלדד פרי אסטרטגיות בע""מ",exact,לא נמצא ברשם - ח.פ. לא קיים בפועל,,,,,
1062,"אלדד פרי נדל""ן בע""מ",514474634,"אלדד פרי נדל""ן בע""מ",exact,לא נמצא ברשם - ח.פ. לא קיים בפועל,,,,,
858,"בית יעקב- בית יהודה אריה ע""ר",580099869,"בית יעקב- בית יהודה אריה (ע""ר)",fuzzy,לא נמצא ברשם - ח.פ. לא קיים בפועל,,,,,
1087,"דיילנא אוכל מרוקאי ביתי בע""מ",515231546,"דיילנא אוכל מרוקאי ביתי בע""מ",exact,לא נמצא ברשם - ח.פ. לא קיים בפועל,,,,,
1096,"הנחלה - דיור להשכרה בע""מ",515783777,"הנחלה - דיור להשכרה בע""מ",exact,לא נמצא ברשם - ח.פ. לא קיים בפועל,,,,,
870,"מגן אברהם קרנות לעזרה ולגמילות חסדים ע""ר",580194793,"מגן אברהם קרנות לעזרה ולגמילות חסדים (ע""ר)",fuzzy,לא נמצא ברשם - ח.פ. לא קיים בפועל,,,,,
857,"ברקת מימון בע""מ",515279016,"ברקת מימון בע""מ",exact,לא נמצא ברשם - ח.פ. לא קיים בפועל,,,,,
856,"ברקת מימון יזמים בע""מ",517032579,"ברקת מימון יזמים בע""מ",exact,לא נמצא ברשם - ח.פ. לא קיים בפועל,,,,,
855,"ברקת קפיטל בע""מ",515187326,"ברקת קפיטל בע""מ",exact,לא נמצא ברשם - ח.פ. לא קיים בפועל,,,,,
1140,"רזאור הנדסה ויעוץ בע""מ",512526278,"רזאור השקעות הנדסה ויעוץ בע""מ",fuzzy,לא נמצא ברשם - ח.פ. לא קיים בפועל,,,,,
1051,"א.א. תכלת השקעות בטכנולוגיה בע""מ",516205390,"א.א. תכלת השקעות בטכנולוגיה בע""מ",exact,לא נמצא ברשם - ח.פ. לא קיים בפועל,,,,,
1058,"אחים גבאי חקלאות (1996) בע""מ",512279050,"אחים גבאי חקלאות (1996) בע""מ",exact,לא נמצא ברשם - ח.פ. לא קיים בפועל,,,,,
1083,"גרין סיטי נכסים בוקרשט בע""מ",516162146,"גרין סיטי נכסים בוקרשט בע""מ",exact,לא נמצא ברשם - ח.פ. לא קיים בפועל,,,,,
1094,"ה.ש.מ אירופה ישראל יזמות בע""מ",515018729,"ה.ש.מ אירופה - ישראל יזמות בע""מ",exact,לא נמצא ברשם - ח.פ. לא קיים בפועל,,,,,
1105,"מ.א.מ.י.א יזמות והשקעות בע""מ",514968940,"מ.א.מ.י.א - יזמות והשקעות בע""מ",exact,לא נמצא ברשם - ח.פ. לא קיים בפועל,,,,,
1413,"א. גורדו בע""מ",510810575,"א. גורדו בע""מ",exact,לא נמצא ברשם - ח.פ. לא קיים בפועל,,,,,
1677,"א. פרץ צעצועים בע""מ",515173086,"א. פרץ צעצועים בע""מ",exact,לא נמצא ברשם - ח.פ. לא קיים בפועל,,,,,
639,"א.ט.מ.ס מטריקס בע""מ",515633345,"א.ט.מ.ס מטריקס בע""מ",exact,לא נמצא ברשם - ח.פ. לא קיים בפועל,,,,,
61,א.ל. שפירא כוח אדם,516889995,"א.ל שפירא כוח אדם בע""מ",fuzzy,לא נמצא ברשם - ח.פ. לא קיים בפועל,,,,,
2000,"א.מ. רום השקעות (2007) בע""מ",514065085,"א.מ. רום השקעות (2007) בע""מ",exact,לא נמצא ברשם - ח.פ. לא קיים בפועל,,,,,
652,"א.ע.מ ליאל החזקות בע""מ",516536190,"א.ע.מ ליאל החזקות בע""מ",exact,לא נמצא ברשם - ח.פ. לא קיים בפועל,,,,,
630,"א.ק.ח נכסים בע""מ",515534691,"א.ק.ח נכסים בע""מ",exact,לא נמצא ברשם - ח.פ. לא קיים בפועל,,,,,
1775,"א.ר. נכסי אלאר בע""מ",514134030,"א.ר. נכסי אלאר בע""מ",exact,לא נמצא ברשם - ח.פ. לא קיים בפועל,,,,,
2544,"אבא א.ב אחזקות נדלן בע""מ",515342269,"אבא א.ב אחזקות נדלן בע""מ",exact,לא נמצא ברשם - ח.פ. לא קיים בפועל,,,,,
190,"אבי גטי 770 בע""מ",516426822,"אבי גטי 770 בע""מ",exact,לא נמצא ברשם - ח.פ. לא קיים בפועל,,,,,
1707,"אביר יעקב ישראל נדל""ן בע""מ",515819183,"אביר יעקב ישראל נדל""ן בע""מ",exact,לא נמצא ברשם - ח.פ. לא קיים בפועל,,,,,
1763,"אבן גיר בע""מ",515689776,"אבן גיר בע""מ",exact,לא נמצא ברשם - ח.פ. לא קיים בפועל,,,,,
1772,"אגבד ייזום פרויקטים בתמ""א 38 בע""מ",514795277,"אגבד ייזום פרויקטים בתמ""א 38 בע""מ",exact,לא נמצא ברשם - ח.פ. לא קיים בפועל,,,,,
1965,"אגודת חסידי ספינקא בארץ ישראל מיסודו של כ""ק מרן האדמו""ר ר יעקב יוסף",580270007,"אגודת חסידי ספינקא בארץ ישראל מיסודו של כ""ק מרן האדמו""ר ר' יעקב יוסף (ע""ר)",exact,לא נמצא ברשם - ח.פ. לא קיים בפועל,,,,,
1821,"אגרטון ס.ד בע""מ",515871267,"אגרטון ס.ד בע""מ",exact,לא נמצא ברשם - ח.פ. לא קיים בפועל,,,,,
651,"אדר נדל""ן והשקעות בע""מ",514263177,"אדר נדל""ן והשקעות בע""מ",exact,לא נמצא ברשם - ח.פ. לא קיים בפועל,,,,,
527,"אהבת תורה וחסד רמת בית שמש (ע""ר)",580597268,"אהבת תורה וחסד רמת בית שמש (ע""ר)",exact,לא נמצא ברשם - ח.פ. לא קיים בפועל,,,,,
1809,"או.סי.ליינס בע""מ",514244599,"או.סי ליינס בע""מ",exact,לא נמצא ברשם - ח.פ. לא קיים בפועל,,,,,
1767,"אוורסט אוצר הצמחים 5 הרצליה בע""מ",515238293,"אוורסט אוצר הצמחים 5 הרצליה בע""מ",exact,לא נמצא ברשם - ח.פ. לא קיים בפועל,,,,,
1766,"אוורסט האסיף 4 בע""מ",514972587,"אוורסט האסיף 4 בע""מ",exact,לא נמצא ברשם - ח.פ. לא קיים בפועל,,,,,
1769,"אוורסט קהילת ציון 17 בע""מ",515115566,"אוורסט קהילת ציון 17 בע""מ",exact,לא נמצא ברשם - ח.פ. לא קיים בפועל,,,,,
2133,"אוניקס אחזקות בע""מ",515679652,"אוניקס אחזקות בע""מ",exact,לא נמצא ברשם - ח.פ. לא קיים בפועל,,,,,
2132,"אוניקס חי בע""מ",516712122,"אוניקס חיפה מ.מ בע""מ",fuzzy,לא נמצא ברשם - ח.פ. לא קיים בפועל,,,,,
672,"אופק (נ.ה.א) ניהול השקעות אלטרנטיביות בע""מ",516201464,"אופק (נ.ה.א) ניהול השקעות אלטרנטיביות בע""מ",exact,לא נמצא ברשם - ח.פ. לא קיים בפועל,,,,,
671,"אופק פרויקט לישנסקי 22 ראשון לציון בע""מ",515952786,"אופק פרויקט לישנסקי 22 ראשון לציון בע""מ",exact,לא נמצא ברשם - ח.פ. לא קיים בפועל,,,,,
2802,"אופקים סנטר בע""מ",516125895,"אופקים סנטר בע""מ",exact,לא נמצא ברשם - ח.פ. לא קיים בפועל,,,,,
484,"אופרה על הים בע""מ",512785536,"אופרה על הים בע""מ",exact,לא נמצא ברשם - ח.פ. לא קיים בפועל,,,,,
654,"אור - לציון ירושלים (ע""ר)",580136976,"אור - לציון ירושלים (ע""ר)",exact,לא נמצא ברשם - ח.פ. לא קיים בפועל,,,,,
655,"אוריאל - חן השקעות בע""מ",512458738,"אוריאל - חן השקעות בע""מ",exact,לא נמצא ברשם - ח.פ. לא קיים בפועל,,,,,
656,"אורקום אסטרטגיות בע""מ",513676791,"אורקום אסטרטגיות בע""מ",exact,לא נמצא ברשם - ח.פ. לא קיים בפועל,,,,,
657,"אורקום אסטרטגיות ונכסים בע""מ",514813146,"אורקום אסטרטגיות ונכסים בע""מ",exact,לא נמצא ברשם - ח.פ. לא קיים בפועל,,,,,
1885,"אחדות הארץ המובטחת בע""מ",515410785,"אחדות הארץ המובטחת בע""מ",exact,לא נמצא ברשם - ח.פ. לא קיים בפועל,,,,,
1920,"אי די אם אינטרנשיונל בע""מ",515061943,"אי די אם אינטרנשיונל בע""מ",exact,לא נמצא ברשם - ח.פ. לא קיים בפועל,,,,,
658,"אי-לון ג'יפי בע""מ",515644755,"אי-לון ג'יפי בע""מ",exact,לא נמצא ברשם - ח.פ. לא קיים בפועל,,,,,
1928,"אי.פי.ג'י פרי השקעות בע""מ",515179323,"אי.פי.ג'י פרי השקעות בע""מ",exact,לא נמצא ברשם - ח.פ. לא קיים בפועל,,,,,
659,"איגוד העסקים החרדים בע""מ",517006995,"איגוד העסקים החרדים בע""מ",exact,לא נמצא ברשם - ח.פ. לא קיים בפועל,,,,,
1655,"אידיאל טורס (1982)(ישראל) בע""מ",510940505,"אידיאל טורס (1982)(ישראל) בע""מ",exact,לא נמצא ברשם - ח.פ. לא קיים בפועל,,,,,
23,"אייטופ ב.ה. בע""מ",516494838,"אייטופ ב.ה. בע""מ",exact,לא נמצא ברשם - ח.פ. לא קיים בפועל,,,,,
2553,"אינדיגו מניבים בע""מ",516023827,"אינדיגו מניבים בע""מ",exact,לא נמצא ברשם - ח.פ. לא קיים בפועל,,,,,
2543,"אינדיגו ניהול בע""מ",516615077,"אינדיגו ניהול בע""מ",exact,לא נמצא ברשם - ח.פ. לא קיים בפועל,,,,,
1926,"אלדד פרי אינטרנשיונל בע""מ",514878982,"אלדד פרי אינטרנשיונל בע""מ",exact,לא נמצא ברשם - ח.פ. לא קיים בפועל,,,,,
461,"אליעזר הלוי 8 בע""מ",515769586,"אליעזר הלוי 8 בע""מ",exact,לא נמצא ברשם - ח.פ. לא קיים בפועל,,,,,
660,"אלפא גידורים בע""מ",514234467,"אלפא גידורים בע""מ",exact,לא נמצא ברשם - ח.פ. לא קיים בפועל,,,,,
525,"אמ קיי הולדינגס ישראל 26 בע""מ",515142503,"אמ קיי הולדינגס ישראל 26 בע""מ",exact,לא נמצא ברשם - ח.פ. לא קיים בפועל,,,,,
635,"אם. אן. גי התחדשות עירונית בע""מ",515265908,"אם. אן. גי התחדשות עירונית בע""מ",exact,לא נמצא ברשם - ח.פ. לא קיים בפועל,,,,,
634,"אם.אן.ג'י התחדשות קרית ים בע""מ",516941168,"אם.אן.ג'י התחדשות קרית ים בע""מ",exact,לא נמצא ברשם - ח.פ. לא קיים בפועל,,,,,
1789,"אמא מ.א.א. ניהול והשקעות בע""מ",515824613,"אמא מ.א.א. ניהול והשקעות בע""מ",exact,לא נמצא ברשם - ח.פ. לא קיים בפועל,,,,,
624,"אמיגה מ.ל. השקעות בע""מ",516330131,"אמיגה מ.ל. השקעות בע""מ",exact,לא נמצא ברשם - ח.פ. לא קיים בפועל,,,,,
2326,אמילי,580038677,"אמילי (ע""ר)",exact,לא נמצא ברשם - ח.פ. לא קיים בפועל,,,,,
1940,"אמין עסקים ולוגיסטיקה בע""מ",515037976,"אמין עסקים ולוגיסטיקה בע""מ",exact,לא נמצא ברשם - ח.פ. לא קיים בפועל,,,,,
1740,"אנ""ש בע""מ",511901050,"אנ""ש (אחזקה , נכסים ושיפוצים) בע""מ",exact,לא נמצא ברשם - ח.פ. לא קיים בפועל,,,,,
768,"אסיה סיירוס הנדסה וביצוע בע""מ",513484972,"אסיה סיירוס הנדסה וביצוע בע""מ",exact,לא נמצא ברשם - ח.פ. לא קיים בפועל,,,,,
1962,"אפהל נדל""ן בע""מ",514985274,"אפהל נדל""ן בע""מ",exact,לא נמצא ברשם - ח.פ. לא קיים בפועל,,,,,
661,"אפטק א. א. י. בע""מ",515891919,"אפטק א. א. י. בע""מ",exact,לא נמצא ברשם - ח.פ. לא קיים בפועל,,,,,
2803,"אפרת סנטר בע""מ",515605327,"אפרת סנטר בע""מ",exact,לא נמצא ברשם - ח.פ. לא קיים בפועל,,,,,
1994,"אקס טו וואן ישראל בע""מ",515292621,"אקס טו וואן ישראל בע""מ",exact,לא נמצא ברשם - ח.פ. לא קיים בפועל,,,,,
1783,"אר.אי. מכוניות בע""מ",511629164,"אר. אי. מכוניות בע""מ",exact,לא נמצא ברשם - ח.פ. לא קיים בפועל,,,,,
1983,"ארמס חברה לסחר בע""מ",513895268,"ארמס חברה לסחר בע""מ",exact,לא נמצא ברשם - ח.פ. לא קיים בפועל,,,,,
1982,"ארמס מטווחי ירי בע""מ",514697804,"ארמס מטווחי ירי בע""מ",exact,לא נמצא ברשם - ח.פ. לא קיים בפועל,,,,,
1861,"בול מסחר והשקעות בע""מ",510992183,"בול מסחר והשקעות בע""מ",exact,לא נמצא ברשם - ח.פ. לא קיים בפועל,,,,,
449,"בוסתנים מקבוצת בית ירושלמי בע""מ",516445483,"בוסתנים מקבוצת בית ירושלמי בע""מ",exact,לא נמצא ברשם - ח.פ. לא קיים בפועל,,,,,
452,"ביאליק האם מקבוצת בית ירושלמי בע""מ",516858503,"ביאליק - האם מקבוצת בית ירושלמי בע""מ",exact,לא נמצא ברשם - ח.פ. לא קיים בפועל,,,,,
454,"ביאליק מקבוצת בית ירושלמי בע""מ",516858511,"ביאליק מקבוצת בית ירושלמי בע""מ",exact,לא נמצא ברשם - ח.פ. לא קיים בפועל,,,,,
1744,ביוטי בית,516706470,ביוטי בית,exact,לא נמצא ברשם - ח.פ. לא קיים בפועל,,,,,
1800,"בית היצירה איבון בע""מ",513775809,"בית היצירה איבון בע""מ",exact,לא נמצא ברשם - ח.פ. לא קיים בפועל,,,,,
19,בית הכנסת המרכזי אילת השחר פרדס כץ,580677177,"בית הכנסת המרכזי אילת השחר פרדס כץ (ע""ר)",exact,לא נמצא ברשם - ח.פ. לא קיים בפועל,,,,,
443,"בית חדש מקבוצת בית ירושלמי בע""מ",516099082,"בית חדש מקבוצת בית ירושלמי בע""מ",exact,לא נמצא ברשם - ח.פ. לא קיים בפועל,,,,,
455,"בית ירוק מקבוצת בית ירושלמי שלי בע""מ",515901999,"בית ירוק בעיר מקבוצת בית ירושלמי שלי בע""מ",fuzzy,לא נמצא ברשם - ח.פ. לא קיים בפועל,,,,,
486,"בית ירושלמי שלי יזמות ובינוי בע""מ",515558047,"בית ירושלמי שלי יזמות ובינוי בע""מ",exact,לא נמצא ברשם - ח.פ. לא קיים בפועל,,,,,
485,"בית ירושלמי שלי נכסים בע""מ",515746675,"בית ירושלמי שלי נכסים בע""מ",exact,לא נמצא ברשם - ח.פ. לא קיים בפועל,,,,,
429,"בית ירושלמי שלי תמ""א 38 בע""מ",515611168,"בית ירושלמי שלי תמ""א 38 בע""מ",exact,לא נמצא ברשם - ח.פ. לא קיים בפועל,,,,,
1791,"בן חורין השקעות בע""מ",515397347,"בן חורין השקעות בע""מ",exact,לא נמצא ברשם - ח.פ. לא קיים בפועל,,,,,
3062,"בני ארי השקעות אביחי בע""מ",516063146,"בני ארי השקעות אביחי בע""מ",exact,לא נמצא ברשם - ח.פ. לא קיים בפועל,,,,,
3067,"בני ארי השקעות אבישי בע""מ",516062601,"בני ארי השקעות אבישי בע""מ",exact,לא נמצא ברשם - ח.פ. לא קיים בפועל,,,,,
2976,"בני ארי השקעות אודם בע""מ",515948123,"בני ארי השקעות אודם בע""מ",exact,לא נמצא ברשם - ח.פ. לא קיים בפועל,,,,,
3063,"בני ארי השקעות אוריה בע""מ",516063138,"בני ארי השקעות אוריה בע""מ",exact,לא נמצא ברשם - ח.פ. לא קיים בפועל,,,,,
2972,"בני ארי השקעות אחלמה בע""מ",515947901,"בני ארי השקעות אחלמה בע""מ",exact,לא נמצא ברשם - ח.פ. לא קיים בפועל,,,,,
3060,"בני ארי השקעות אפרת בע""מ",515948552,"בני ארי השקעות אפרת בע""מ",exact,לא נמצא ברשם - ח.פ. לא קיים בפועל,,,,,
2966,"בני ארי השקעות ברקת בע""מ",515946028,"בני ארי השקעות ברקת בע""מ",exact,לא נמצא ברשם - ח.פ. לא קיים בפועל,,,,,
2975,"בני ארי השקעות דבורה בע""מ",515948057,"בני ארי השקעות דבורה בע""מ",exact,לא נמצא ברשם - ח.פ. לא קיים בפועל,,,,,
3057,"בני ארי השקעות הודיה בע""מ",515948511,"בני ארי השקעות הודיה בע""מ",exact,לא נמצא ברשם - ח.פ. לא קיים בפועל,,,,,
2965,"בני ארי השקעות ופרויקטים בע""מ",513327502,"בני ארי השקעות ופרויקטים בע""מ",exact,לא נמצא ברשם - ח.פ. לא קיים בפועל,,,,,
3059,"בני ארי השקעות חיה בע""מ",515948545,"בני ארי השקעות חיה בע""מ",exact,לא נמצא ברשם - ח.פ. לא קיים בפועל,,,,,
3055,"בני ארי השקעות יהודית בע""מ",515948396,"בני ארי השקעות יהודית בע""מ",exact,לא נמצא ברשם - ח.פ. לא קיים בפועל,,,,,
2980,"בני ארי השקעות יהלום בע""מ",515948743,"בני ארי השקעות יהלום בע""מ",exact,לא נמצא ברשם - ח.פ. לא קיים בפועל,,,,,
3065,"בני ארי השקעות יצחק בע""מ",516062759,"בני ארי השקעות יצחק בע""מ",exact,לא נמצא ברשם - ח.פ. לא קיים בפועל,,,,,
3056,"בני ארי השקעות ישפה בע""מ",515948404,"בני ארי השקעות ישפה בע""מ",exact,לא נמצא ברשם - ח.פ. לא קיים בפועל,,,,,
3064,"בני ארי השקעות לאה בע""מ",516063120,"בני ארי השקעות לאה בע""מ",exact,לא נמצא ברשם - ח.פ. לא קיים בפועל,,,,,
2967,"בני ארי השקעות לשם בע""מ",515946010,"בני ארי השקעות לשם בע""מ",exact,לא נמצא ברשם - ח.פ. לא קיים בפועל,,,,,
3061,"בני ארי השקעות מיכאל בע""מ",516063153,"בני ארי השקעות מיכאל בע""מ",exact,לא נמצא ברשם - ח.פ. לא קיים בפועל,,,,,
3066,"בני ארי השקעות מיכל בע""מ",516062734,"בני ארי השקעות מיכל בע""מ",exact,לא נמצא ברשם - ח.פ. לא קיים בפועל,,,,,
3068,"בני ארי השקעות מיכל בע""מ",516062734,"בני ארי השקעות מיכל בע""מ",exact,לא נמצא ברשם - ח.פ. לא קיים בפועל,,,,,
2968,"בני ארי השקעות נעמה בע""מ",515946085,"בני ארי השקעות נעמה בע""מ",exact,לא נמצא ברשם - ח.פ. לא קיים בפועל,,,,,
2977,"בני ארי השקעות נפך בע""מ",515948750,"בני ארי השקעות נפך בע""מ",exact,לא נמצא ברשם - ח.פ. לא קיים בפועל,,,,,
2969,"בני ארי השקעות ספיר בע""מ",515946044,"בני ארי השקעות ספיר בע""מ",exact,לא נמצא ברשם - ח.פ. לא קיים בפועל,,,,,
2978,"בני ארי השקעות פטדה בע""מ",515948776,"בני ארי השקעות פטדה בע""מ",exact,לא נמצא ברשם - ח.פ. לא קיים בפועל,,,,,
2973,"בני ארי השקעות רעות בע""מ",515947919,"בני ארי השקעות רעות בע""מ",exact,לא נמצא ברשם - ח.פ. לא קיים בפועל,,,,,
2979,"בני ארי השקעות שבו בע""מ",515948784,"בני ארי השקעות שבו בע""מ",exact,לא נמצא ברשם - ח.פ. לא קיים בפועל,,,,,
2970,"בני ארי השקעות שהם בע""מ",515946036,"בני ארי השקעות שהם בע""מ",exact,לא נמצא ברשם - ח.פ. לא קיים בפועל,,,,,
3058,"בני ארי השקעות שיר בע""מ",515948537,"בני ארי השקעות שיר בע""מ",exact,לא נמצא ברשם - ח.פ. לא קיים בפועל,,,,,
2974,"בני ארי השקעות שירה בע""מ",515947968,"בני ארי השקעות שירה בע""מ",exact,לא נמצא ברשם - ח.פ. לא קיים בפועל,,,,,
2971,"בני ארי השקעות תהילה בע""מ",515946101,"בני ארי השקעות תהילה בע""מ",exact,לא נמצא ברשם - ח.פ. לא קיים בפועל,,,,,
3054,"בני ארי השקעות תרשיש בע""מ",515948859,"בני ארי השקעות תרשיש בע""מ",exact,לא נמצא ברשם - ח.פ. לא קיים בפועל,,,,,
2964,"בני ארי ייזום וניהול פרויקטים בע""מ",514803501,"בני ארי ייזום וניהול פרויקטים בע""מ",exact,לא נמצא ברשם - ח.פ. לא קיים בפועל,,,,,
193,בני הישיבות גן הדסים מודיעין עילית,580811487,"בני הישיבות גן הדסים מודיעין עילית (ע""ר)",exact,לא נמצא ברשם - ח.פ. לא קיים בפועל,,,,,
2545,"בנימין ויהודה אחזקות בע""מ",515729747,"בנימין ויהודה אחזקות בע""מ",exact,לא נמצא ברשם - ח.פ. לא קיים בפועל,,,,,
783,"בראל סלעית בנחל בע""מ",516700713,"בראל סלעית בנחל בע""מ",exact,לא נמצא ברשם - ח.פ. לא קיים בפועל,,,,,
1657,"בראשית א.ה.מ סחר בע""מ",514060185,"בראשית א.ה.מ סחר בע""מ",exact,לא נמצא ברשם - ח.פ. לא קיים בפועל,,,,,
2540,"ברוהאוס הגולן בע""מ",513792648,"ברוהאוס הגולן בע""מ",exact,לא נמצא ברשם - ח.פ. לא קיים בפועל,,,,,
1733,"בריאות השן ברמה בע""מ",513390260,"בריאות השן ברמה בע""מ",exact,לא נמצא ברשם - ח.פ. לא קיים בפועל,,,,,
1802,"ברכה בככר בע""מ",514231109,"ברכה בככר בע""מ",exact,לא נמצא ברשם - ח.פ. לא קיים בפועל,,,,,
1701,ברכת ישראל,510950173,"ברכת ישראל בע""מ",fuzzy,לא נמצא ברשם - ח.פ. לא קיים בפועל,,,,,
2124,"ברק לשם פיננסים בע""מ",515084416,"ברק לשם פיננסים בע""מ",exact,לא נמצא ברשם - ח.פ. לא קיים בפועל,,,,,
2125,"ברק שוהם סוכנות פנסיוני(2015) בע""מ",515225449,"ברק שוהם סוכנות לביטוח פנסיוני (2015) בע""מ",fuzzy,לא נמצא ברשם - ח.פ. לא קיים בפועל,,,,,
446,"בתים מקבוצת בית ירושלמי בע""מ",516641974,"בתים מקבוצת בית ירושלמי בע""מ",exact,לא נמצא ברשם - ח.פ. לא קיים בפועל,,,,,
784,"ג.ק. חילו השקעות בע""מ",516464534,"ג.ק. חילו השקעות בע""מ",exact,לא נמצא ברשם - ח.פ. לא קיים בפועל,,,,,
1746,"ג'י.יו.אס מרקטינג בע""מ",513935858,"ג'י.יו.אס מרקטינג בע""מ",exact,לא נמצא ברשם - ח.פ. לא קיים בפועל,,,,,
1788,"גולדמוביל ירושלים בע""מ",514204445,"גולדמוביל ירושלים בע""מ",exact,לא נמצא ברשם - ח.פ. לא קיים בפועל,,,,,
1787,"גולדמוביל קיה מודיעין בע""מ",515505758,"גולדמוביל קיה מודיעין בע""מ",exact,לא נמצא ברשם - ח.פ. לא קיים בפועל,,,,,
1799,"גיל צעד נבון בע""מ",512610577,"גיל צעד נבון בע""מ",exact,לא נמצא ברשם - ח.פ. לא קיים בפועל,,,,,
1792,"גלאט נופש בע""מ",515374593,"גלאט נופש בע""מ",exact,לא נמצא ברשם - ח.פ. לא קיים בפועל,,,,,
2009,"גלעד מאי חברה להשקעות בניה ופיתוח בע""מ",513177345,"גלעד מאי חברה להשקעות בניה ופיתוח בע""מ",exact,לא נמצא ברשם - ח.פ. לא קיים בפועל,,,,,
1747,גמילות חסדים חסדי ישראל דחסידי מודזי'ץ,580665651,"גמילות חסדים חסדי ישראל דחסידי מודז'יץ (ע""ר)",exact,לא נמצא ברשם - ח.פ. לא קיים בפועל,,,,,
1506,"גרייטדור תעשיות בע""מ",516393048,"גרייטדור תעשיות בע""מ",exact,לא נמצא ברשם - ח.פ. לא קיים בפועל,,,,,
2551,"גשר קדמה יזמות בע""מ",517040382,"גשר קדמה יזמות בע""מ",exact,לא נמצא ברשם - ח.פ. לא קיים בפועל,,,,,
787,"ד.שבוט השקעות בע""מ",516461381,"ד. שבוט השקעות בע""מ",exact,לא נמצא ברשם - ח.פ. לא קיים בפועל,,,,,
435,"הבית בגנים מקבוצת בית ירושלמי בע""מ",516186251,"הבית בגנים מקבוצת בית ירושלמי בע""מ",exact,לא נמצא ברשם - ח.פ. לא קיים בפועל,,,,,
436,"הבית בהרצוג מקבוצת בית ירושלמי בע""מ",516198769,"הבית בהרצוג מקבוצת בית ירושלמי בע""מ",exact,לא נמצא ברשם - ח.פ. לא קיים בפועל,,,,,
458,"הבית בהשומר מקבוצת בית ירושלמי בע""מ",516186038,"הבית בהשומר מקבוצת בית ירושלמי בע""מ",exact,לא נמצא ברשם - ח.פ. לא קיים בפועל,,,,,
450,"הבית בכרם מקבוצת בית ירושלמי בע""מ",516335445,"הבית בכרם מקבוצת בית ירושלמי בע""מ",exact,לא נמצא ברשם - ח.פ. לא קיים בפועל,,,,,
432,"הבית במרגולין מקבוצת בית ירושלמי בע""מ",516219169,"הבית במרגולין מקבוצת בית ירושלמי בע""מ",exact,לא נמצא ברשם - ח.פ. לא קיים בפועל,,,,,
487,"הבית בנורית מקבוצת בית ירושלמי בע""מ",516211216,"הבית בנורית מקבוצת בית ירושלמי בע""מ",exact,לא נמצא ברשם - ח.פ. לא קיים בפועל,,,,,
457,"הבית בפינס מקבוצת בית ירושלמי בע""מ",516779980,"הבית בפינס מקבוצת בית ירושלמי בע""מ",exact,לא נמצא ברשם - ח.פ. לא קיים בפועל,,,,,
437,"הבית בקוסטריקה מקבוצת בית ירושלמי בע""מ",516211422,"הבית בקוסטריקה מקבוצת בית ירושלמי בע""מ",exact,לא נמצא ברשם - ח.פ. לא קיים בפועל,,,,,
438,"הבית ברמת שרת מקבוצת בית ירושלמי בע""מ",516867389,"הבית ברמת שרת מקבוצת בית ירושלמי בע""מ",exact,לא נמצא ברשם - ח.פ. לא קיים בפועל,,,,,
30,"הדר אברהם חברה להשקעות בע""מ",515543320,"הדר אברהם חברה להשקעות בע""מ",exact,לא נמצא ברשם - ח.פ. לא קיים בפועל,,,,,
1761,"הומי משכנתאות חברתיות בע""מ",515739498,"הומי משכנתאות חברתיות בע""מ",exact,לא נמצא ברשם - ח.פ. לא קיים בפועל,,,,,
1972,"הוצלר יהודה (1999) בע""מ",512782244,"הוצלר יהודה (1999) בע""מ",exact,לא נמצא ברשם - ח.פ. לא קיים בפועל,,,,,
1989,"היי-לימיט שותף כללי בע""מ",516079886,"היי-לימיט שותף כללי בע""מ",exact,לא נמצא ברשם - ח.פ. לא קיים בפועל,,,,,
1749,הכל בקול,580715266,"הכל בקול (ע""ר)",exact,לא נמצא ברשם - ח.פ. לא קיים בפועל,,,,,
1882,"הל""ה 23-25 בע""מ",515903318,"הל""ה 23-25 בע""מ",exact,לא נמצא ברשם - ח.פ. לא קיים בפועל,,,,,
2814,"המרכז לתעשייה ומסחר מפרץ חיפה בע""מ",510588106,המרכז לתעשייה ומסחר מפרץ חיפה בעמ,exact,לא נמצא ברשם - ח.פ. לא קיים בפועל,,,,,
1909,הסתדרות אגודת ישראל בארץ ישראל,580421527,"הסתדרות אגודת ישראל בארץ ישראל בבני ברק (ע""ר)",fuzzy,לא נמצא ברשם - ח.פ. לא קיים בפועל,,,,,
1777,העמותה למען דיור בר השגה,580556504,"העמותה למען דיור בר השגה (ע""ר)",exact,לא נמצא ברשם - ח.פ. לא קיים בפועל,,,,,
2806,"הר שמואל סנטר בע""מ",515973501,"הר שמואל סנטר בע""מ",exact,לא נמצא ברשם - ח.פ. לא קיים בפועל,,,,,
1957,"השבועון לבית היהודי -מ.ל. בע""מ",515227411,"השבועון לבית היהודי - מ.ל. בע""מ",exact,לא נמצא ברשם - ח.פ. לא קיים בפועל,,,,,
1835,"השטעטל דיור להשכרה בע""מ",516273596,"השטעטל דיור להשכרה בע""מ",exact,לא נמצא ברשם - ח.פ. לא קיים בפועל,,,,,
1834,"השטעטל נכסים והשקעות בע""מ",515783355,"השטעטל נכסים והשקעות בע""מ",exact,לא נמצא ברשם - ח.פ. לא קיים בפועל,,,,,
1822,"וויצ'ק בע""מ",515664555,"וויצ'ק בע""מ",exact,לא נמצא ברשם - ח.פ. לא קיים בפועל,,,,,
1824,"וויצ'ק השכרה בע""מ",516338746,"וויצ'ק השכרה בע""מ",exact,לא נמצא ברשם - ח.פ. לא קיים בפועל,,,,,
1823,"וויצ'ק נדל""ן בע""מ",516337441,"וויצ'ק נדל""ן בע""מ",exact,לא נמצא ברשם - ח.פ. לא קיים בפועל,,,,,
1825,"וויצ'ק פאנד 1 בע""מ",515897775,"וויצ'ק פאנד 1 בע""מ",exact,לא נמצא ברשם - ח.פ. לא קיים בפועל,,,,,
1833,"ועשית הישר בע""מ",515531606,"ועשית הישר בע""מ",exact,לא נמצא ברשם - ח.פ. לא קיים בפועל,,,,,
796,"זיוה עובדיה השקעות בע""מ",515294387,"זיוה עובדיה השקעות בע""מ",exact,לא נמצא ברשם - ח.פ. לא קיים בפועל,,,,,
1723,זילבר ייעוץ והדרכה,515843399,"זילבר ייעוץ והדרכה בע""מ",fuzzy,לא נמצא ברשם - ח.פ. לא קיים בפועל,,,,,
1786,"ח.מ. גולד מוטורס מרכז שירות מודיעין בע""מ",514657428,"ח.מ. גולד מוטורס מרכז שירות מודיעין בע""מ",exact,לא נמצא ברשם - ח.פ. לא קיים בפועל,,,,,
1781,"ח.מ. חולון מוטורס (2010) בע""מ",514534460,"ח.מ. חולון מוטורס (2010) בע""מ",exact,לא נמצא ברשם - ח.פ. לא קיים בפועל,,,,,
2136,"חברת עוגן - קרן להלוואות חברתיות בע""מ",515865335,"עוגן - קרן להלוואות חברתיות בע""מ (חל""צ)",fuzzy,לא נמצא ברשם - ח.פ. לא קיים בפועל,,,,,
2812,"חוצות הגולן בע""מ",517041323,"חוצות הגולן בע""מ",exact,לא נמצא ברשם - ח.פ. לא קיים בפועל,,,,,
1832,"חיטוי טק בע""מ",515527315,"חיטוי טק בע""מ",exact,לא נמצא ברשם - ח.פ. לא קיים בפועל,,,,,
2014,"חיים שלומוביץ ,ד""ר לאופטומטריה (ארה""ב) בע""מ",512834292,"חיים שלומוביץ, ד""ר לאופטומטריה (ארה""ב) בע""מ",exact,לא נמצא ברשם - ח.פ. לא קיים בפועל,,,,,
526,"חילו חוסני השקעות בע""מ",516466307,"חילו חוסני השקעות בע""מ",exact,לא נמצא ברשם - ח.פ. לא קיים בפועל,,,,,
632,"חלקת ארץ שיווק נדל""ן בע""מ",516452802,"חלקת ארץ שיווק נדל""ן בע""מ",exact,לא נמצא ברשם - ח.פ. לא קיים בפועל,,,,,
1815,"חסדך יסעדני בע""מ",515671600,"חסדך יסעדני בע""מ",exact,לא נמצא ברשם - ח.פ. לא קיים בפועל,,,,,
802,"חרוב מימון בע""מ",515664431,"חרוב מימון בע""מ",exact,לא נמצא ברשם - ח.פ. לא קיים בפועל,,,,,
2801,"טובר אחזקות בע""מ",515347631,"טובר אחזקות בע""מ",exact,לא נמצא ברשם - ח.פ. לא קיים בפועל,,,,,
2554,"טובר נדלן בע""מ",515664316,"טובר נדלן בע""מ",exact,לא נמצא ברשם - ח.פ. לא קיים בפועל,,,,,
2144,טועמיה,580557676,"טועמיה (ע""ר)",exact,לא נמצא ברשם - ח.פ. לא קיים בפועל,,,,,
1793,"טרקלין אולמות ואירועים בע""מ",514564863,"טרקלין אולמות ואירועים בע""מ",exact,לא נמצא ברשם - ח.פ. לא קיים בפועל,,,,,
1690,"י.ברסקי - איי בי תקשורת בע""מ",515577468,"י.ברסקי - איי בי תקשורת בע""מ",exact,לא נמצא ברשם - ח.פ. לא קיים בפועל,,,,,
1751,"י.ד הדרים יזמות בניה ופרויקטים בע""מ",515345072,"י.ד הדרים יזמות בניה ופרויקטים בע""מ",exact,לא נמצא ברשם - ח.פ. לא קיים בפועל,,,,,
15,י.ס. אנרגיה מתחדשת,540237807,סער אנרגיה מתחדשת,fuzzy,לא נמצא ברשם - ח.פ. לא קיים בפועל,,,,,
1696,"י.ק.ז. גרופ בע""מ",515936086,"י.ק.ז. גרופ בע""מ",exact,לא נמצא ברשם - ח.פ. לא קיים בפועל,,,,,
767,"י.ש.א. לניאדו השקעות בע""מ",516545076,"י.ש.א. לניאדו השקעות בע""מ",exact,לא נמצא ברשם - ח.פ. לא קיים בפועל,,,,,
1961,"יו אס טקסס בע""מ",514488840,"יו אס טקסס בע""מ",exact,לא נמצא ברשם - ח.פ. לא קיים בפועל,,,,,
1706,"יואב את רמי בניה ,ניהול ופיקוח בע""מ",514932243,"יואב את רמי בניה, ניהול ופיקוח בע""מ",exact,לא נמצא ברשם - ח.פ. לא קיים בפועל,,,,,
2815,יוסף עשת,510593569,יוסף עשת בעמ,fuzzy,לא נמצא ברשם - ח.פ. לא קיים בפועל,,,,,
1752,"יופיי פיננסים בע""מ",514672575,"יופיי פיננסים בע""מ",exact,לא נמצא ברשם - ח.פ. לא קיים בפועל,,,,,
1663,"ירושלים של זהב מכירות פומביות בע""מ",515606366,"ירושלים של זהב מכירות פומביות בע""מ",exact,לא נמצא ברשם - ח.פ. לא קיים בפועל,,,,,
1782,"יריד החסידות בע""מ",515482131,"איכה - יריד החסידות בע""מ",fuzzy,לא נמצא ברשם - ח.פ. לא קיים בפועל,,,,,
1966,ישיבת ספינקא בארץ ישראל,580052769,"ישיבת ספינקא בארץ ישראל (ע""ר)",exact,לא נמצא ברשם - ח.פ. לא קיים בפועל,,,,,
447,"כ""ט בנובמבר מקבוצת בית ירושלמי בע""מ",516854882,"כ''ט בנובמבר מקבוצת בית ירושלמי בע""מ",exact,לא נמצא ברשם - ח.פ. לא קיים בפועל,,,,,
1978,"כאיל תערוג נדל""ן בע""מ",515350387,"כאיל תערוג נדל""ן בע""מ",exact,לא נמצא ברשם - ח.פ. לא קיים בפועל,,,,,
1682,"כריכית ויס בע""מ",511611212,"כריכית ויס בע""מ",exact,לא נמצא ברשם - ח.פ. לא קיים בפועל,,,,,
1878,"כרמים נווה פת בע""מ",517280277,"כרמים נווה פת מרכז בע""מ",fuzzy,לא נמצא ברשם - ח.פ. לא קיים בפועל,,,,,
1901,"כרמים קרתא בן גמלא ברוריה בע""מ",516526746,"כרמים קרתא בן גמלא ברוריה בע""מ",exact,לא נמצא ברשם - ח.פ. לא קיים בפועל,,,,,
1902,"כרמים קרתא סן מרטין 4+6 בע""מ",516526738,"כרמים קרתא סן מרטין 4+6 בע""מ",exact,לא נמצא ברשם - ח.פ. לא קיים בפועל,,,,,
762,"לואן וייז (ישראל) בע""מ",517018123,"לואן ווייז (ישראל) בע""מ",fuzzy,לא נמצא ברשם - ח.פ. לא קיים בפועל,,,,,
761,"לואן וייז בע""מ",516961604,"לואן ווייז בע""מ",fuzzy,לא נמצא ברשם - ח.פ. לא קיים בפועל,,,,,
625,"מ לסר בע""מ",510228182,מ לסר בעמ,exact,לא נמצא ברשם - ח.פ. לא קיים בפועל,,,,,
617,"מ.ב.צ. יזמות והשקעות בע""מ",512283599,"מ.ב.צ. יזמות והשקעות בע""מ",exact,לא נמצא ברשם - ח.פ. לא קיים בפועל,,,,,
2134,"מ.פ. טופז החזקות בע""מ",517156998,"א.נ. טופז החזקות בע""מ",fuzzy,לא נמצא ברשם - ח.פ. לא קיים בפועל,,,,,
1959,"מ.פלאטיניום בע""מ",515931590,"מ. פלאטיניום בע""מ",exact,לא נמצא ברשם - ח.פ. לא קיים בפועל,,,,,
1971,"מ.צ.ג ייעוץ והשקעות בע""מ",515428456,"מ.צ.ג ייעוץ והשקעות בע""מ",exact,לא נמצא ברשם - ח.פ. לא קיים בפועל,,,,,
1970,"מאגר אוקיאנוס במרינה החדשה בע""מ",515825834,"מאגר אוקיאנוס במרינה החדשה בע""מ",exact,לא נמצא ברשם - ח.פ. לא קיים בפועל,,,,,
2808,"מאה שערים השקעות בע""מ",516903986,"מאה שערים השקעות בע""מ",exact,לא נמצא ברשם - ח.פ. לא קיים בפועל,,,,,
1713,"מאני טיים שירותים פיננסים בע""מ",514821180,"מאני טיים שירותים פיננסים בע""מ",exact,לא נמצא ברשם - ח.פ. לא קיים בפועל,,,,,
1667,"מאפית מצות קוממיות בע""מ",514569540,"מאפית מצות קוממיות בע""מ",exact,לא נמצא ברשם - ח.פ. לא קיים בפועל,,,,,
622,"מברוק ולחיים בע""מ",516542404,"מברוק ולחיים בע""מ",exact,לא נמצא ברשם - ח.פ. לא קיים בפועל,,,,,
2811,"מבשלות בירת הגולן בע""מ",514321447,"מבשלות בירת הגולן בע""מ",exact,לא נמצא ברשם - ח.פ. לא קיים בפועל,,,,,
2810,מבשלת הגולן א.ח.ר (2009),550235238,מבשלת הגולן א.ח.ר (2009),exact,לא נמצא ברשם - ח.פ. לא קיים בפועל,,,,,
1906,"מגדלור - מוצרים אלטרנטיביים בע""מ",515514263,"מגדלור- מוצרים אלטרנטיביים בע""מ",fuzzy,לא נמצא ברשם - ח.פ. לא קיים בפועל,,,,,
1905,"מגדלור - קרן השקעות בע""מ",515779569,"מגדלור- קרן השקעות בע""מ",exact,לא נמצא ברשם - ח.פ. לא קיים בפועל,,,,,
725,"מגדלור לקהילה ולרוח (ע""ר)",580829752,"מגדלור לקהילה ולרוח (ע""ר)",exact,לא נמצא ברשם - ח.פ. לא קיים בפועל,,,,,
439,"מגדלי קטמון מקבוצת בית ירושלמי - גראנד יזמות בע""מ",515899789,"מגדלי קטמון מקבוצת בית ירושלמי - גראנד יזמות בע""מ",exact,לא נמצא ברשם - ח.פ. לא קיים בפועל,,,,,
442,"מגורים מקבוצת בית ירושלמי בע""מ",516603156,"מגורים מקבוצת בית ירושלמי בע""מ",exact,לא נמצא ברשם - ח.פ. לא קיים בפועל,,,,,
538,"מגן אפיקים בע""מ",516354446,"מגן אפיקים בע""מ",exact,לא נמצא ברשם - ח.פ. לא קיים בפועל,,,,,
197,"מוזס יהונתן בע""מ",515462190,"מוזס יהונתן בע""מ",exact,לא נמצא ברשם - ח.פ. לא קיים בפועל,,,,,
626,"מוסדות הגר""א רמת בית שמש (ע""ר)",580354462,"מוסדות הגר""א רמת בית שמש (ע""ר)",exact,לא נמצא ברשם - ח.פ. לא קיים בפועל,,,,,
1816,מוסדות חסידי בעלזא -בית שמש,580385284,"מוסדות חסידי בעלזא - בית שמש (ע""ר)",exact,לא נמצא ברשם - ח.פ. לא קיים בפועל,,,,,
616,"מוסדות מחנה ישראל מרכז להנחלת ערכי היהדות בירושלים (ע""ר)",580026284,"מוסדות מחנה ישראל מרכז להנחלת ערכי היהדות בירושלים (ע""ר)",exact,לא נמצא ברשם - ח.פ. לא קיים בפועל,,,,,
1785,"מוסך מרכזי לרכב יפני - חולון בע""מ",511679854,"מוסך מרכזי לרכב יפני - חולון בע""מ",exact,לא נמצא ברשם - ח.פ. לא קיים בפועל,,,,,
1716,מוצרים זה ברור,515314748,"מוצרים זה ברור בע""מ",fuzzy,לא נמצא ברשם - ח.פ. לא קיים בפועל,,,,,
1963,"מורינגה עץ הפלא בע""מ",515420263,"מורינגה עץ הפלא בע""מ",exact,לא נמצא ברשם - ח.פ. לא קיים בפועל,,,,,
1721,"מחשבת מערכות מידע בע""מ",515260412,"מחשבת מערכות מידע בע""מ",exact,לא נמצא ברשם - ח.פ. לא קיים בפועל,,,,,
531,"מטרה הפקות בע""מ",515984094,"מטרה הפקות בע""מ",exact,לא נמצא ברשם - ח.פ. לא קיים בפועל,,,,,
1829,"מידר גני עדן בע""מ",516200441,"מידר גני עדן בע""מ",exact,לא נמצא ברשם - ח.פ. לא קיים בפועל,,,,,
1830,"מידר לב העיר בע""מ",516244159,"מידר לב העיר בע""מ",exact,לא נמצא ברשם - ח.פ. לא קיים בפועל,,,,,
1886,"מימון אגריפס בע""מ",516425931,"מימון אגריפס בע""מ",exact,לא נמצא ברשם - ח.פ. לא קיים בפועל,,,,,
1887,"מימון פעמון בע""מ",516427135,"מימון פעמון בע""מ",exact,לא נמצא ברשם - ח.פ. לא קיים בפועל,,,,,
1862,"מיקרוקיט בע""מ",516614476,"מיקרוקיט בע""מ",exact,לא נמצא ברשם - ח.פ. לא קיים בפועל,,,,,
1666,"מישל ייזום ובניה בע""מ",515599686,"מישל פרגון ייזום ובניה בע""מ",fuzzy,לא נמצא ברשם - ח.פ. לא קיים בפועל,,,,,
520,"מכון חינוך וסיוע בית רבקה באידיש חסידי (ע""ר)",580465367,"עמותת מכון חינוך וסיוע בית רבקה באידיש חסידי (ע""ר)",fuzzy,לא נמצא ברשם - ח.פ. לא קיים בפועל,,,,,
1754,"מלאך תוכנה בע""מ",512789751,"מלאך תוכנה בע""מ",exact,לא נמצא ברשם - ח.פ. לא קיים בפועל,,,,,
1112,"מליבו אפי קפיטל ייזום בע""מ",515031391,"מליבו - אפי קפיטל ייזום בע""מ",exact,לא נמצא ברשם - ח.פ. לא קיים בפועל,,,,,
1804,"מלכות וקסברגר בע""מ",514392927,"מלכות וקסברגר בע""מ",exact,לא נמצא ברשם - ח.פ. לא קיים בפועל,,,,,
476,"מנוס - אליעזר הלוי 28 בע""מ",515066934,"מנוס - אליעזר הלוי 28 בע""מ",exact,לא נמצא ברשם - ח.פ. לא קיים בפועל,,,,,
480,"מנוס - בוליביה 4 בע""מ",514902063,"מנוס - בוליביה 4 בע""מ",exact,לא נמצא ברשם - ח.פ. לא קיים בפועל,,,,,
478,"מנוס - בר יוחאי 18 בע""מ",514788694,"מנוס - בר יוחאי 18 בע""מ",exact,לא נמצא ברשם - ח.פ. לא קיים בפועל,,,,,
466,"מנוס - דידס 6 בע""מ",515136976,"מנוס - דידס 6 בע""מ",exact,לא נמצא ברשם - ח.פ. לא קיים בפועל,,,,,
477,"מנוס - ים סוף 3 בע""מ",515451805,"מנוס - ים סוף 3 בע""מ",exact,לא נמצא ברשם - ח.פ. לא קיים בפועל,,,,,
463,"מנוס - ים סוף 5 בע""מ",514832773,"מנוס - ים סוף 5 בע""מ",exact,לא נמצא ברשם - ח.פ. לא קיים בפועל,,,,,
465,"מנוס - ריש לקיש 10 בע""מ",514960335,"מנוס - ריש לקיש 10 בע""מ",exact,לא נמצא ברשם - ח.פ. לא קיים בפועל,,,,,
621,"מנוס - שירותי ניהול בע""מ",514664622,"מנוס - שירותי ניהול בע""מ",exact,לא נמצא ברשם - ח.פ. לא קיים בפועל,,,,,
462,"מנוס בן יפונה 8 בע""מ",515755601,"מנוס בן יפונה 8 בע""מ",exact,לא נמצא ברשם - ח.פ. לא קיים בפועל,,,,,
481,"מנוס השיירות 3 בע""מ",514939925,"מנוס השיירות 3 בע""מ",exact,לא נמצא ברשם - ח.פ. לא קיים בפועל,,,,,
482,"מנוס- מקסיקו 22 בע""מ",515748622,"מנוס- מקסיקו 22 בע""מ",exact,לא נמצא ברשם - ח.פ. לא קיים בפועל,,,,,
479,"מנוס-אלעזר המודעי 4 בע""מ",514856673,"מנוס-אלעזר המודעי 4 בע""מ",exact,לא נמצא ברשם - ח.פ. לא קיים בפועל,,,,,
619,"מפעלות חסדי יוסף לחינוך ונתינה (ע""ר)",580126167,"מפעלות חסדי יוסף לחינוך ונתינה (ע""ר)",exact,לא נמצא ברשם - ח.פ. לא קיים בפועל,,,,,
69,מפעלי חינוך וחסד,580684595,"מפעלי חינוך וחסד (ע""ר)",exact,לא נמצא ברשם - ח.פ. לא קיים בפועל,,,,,
648,"מפרץ עכו-חיפה 1934 בע""מ",520009424,מפרץ עכו-חיפה 1934 בעמ,exact,לא נמצא ברשם - ח.פ. לא קיים בפועל,,,,,
2127,מצות יד מהודרות (בית שמש),513357541,"מצות יד מהודרות (בית שמש) בע""מ",fuzzy,לא נמצא ברשם - ח.פ. לא קיים בפועל,,,,,
1703,מקור הברכה,580180768,מקור הברכה,exact,לא נמצא ברשם - ח.פ. לא קיים בפועל,,,,,
1868,"מקור חיים החדשה בע""מ",515588754,"מקור חיים החדשה בע""מ",exact,לא נמצא ברשם - ח.פ. לא קיים בפועל,,,,,
756,"מקסיקלאב אינווסט בע""מ",516473691,"מקסיקלאב אינווסט בע""מ",exact,לא נמצא ברשם - ח.פ. לא קיים בפועל,,,,,
2548,"מרומי צפת העתיקה בע""מ",515743227,"מרומי צפת העתיקה בע""מ",exact,לא נמצא ברשם - ח.פ. לא קיים בפועל,,,,,
1764,"מריבו 11 בע""מ",514770858,"מריבו 11 בע""מ",exact,לא נמצא ברשם - ח.פ. לא קיים בפועל,,,,,
1771,"מריבו 6-8 בע""מ",514853134,"מריבו 6-8 בע""מ",exact,לא נמצא ברשם - ח.פ. לא קיים בפועל,,,,,
528,"מרכוס נכסים והשקעות בע""מ",516470036,"מרכוס נכסים והשקעות בע""מ",exact,לא נמצא ברשם - ח.פ. לא קיים בפועל,,,,,
1863,"מרכז הפעמון - חברה לניהול ואחזקה 92' בע""מ",511731077,"מרכז הפעמון - חברה לניהול ואחזקה 92' בע""מ",exact,לא נמצא ברשם - ח.פ. לא קיים בפועל,,,,,
1115,"מרכז ערד להכרת היהדות (ע""ר)",580134088,"מרכז ערד להכרת היהדות (ע""ר)",exact,לא נמצא ברשם - ח.פ. לא קיים בפועל,,,,,
1123,"מרכז רפואה, שיקום וסיעוד בית הדר (ע""ר)",580540870,"מרכז רפואה"" שיקום וסיעוד בית הדר (ע""ר)",exact,לא נמצא ברשם - ח.פ. לא קיים בפועל,,,,,
1669,מרכז תורה וחינוך חצור הגלילית,580008910,"מרכז תורה וחינוך חצור הגלילית (ע""ר)",exact,לא נמצא ברשם - ח.פ. לא קיים בפועל,,,,,
6,מרכזול,540172822,מרכזול,exact,לא נמצא ברשם - ח.פ. לא קיים בפועל,,,,,
65,מרפאת שיניים,540182276,מרפאת שיניים גילת,fuzzy,לא נמצא ברשם - ח.פ. לא קיים בפועל,,,,,
195,"מש""י - מרכז שקום ילדים",580326239,"מש""י - מרכז שקום ילדים (ע""ר)",exact,לא נמצא ברשם - ח.פ. לא קיים בפועל,,,,,
1857,"משי נט מ.נ. בע""מ",514722669,"משי נט מ.נ בע""מ",exact,לא נמצא ברשם - ח.פ. לא קיים בפועל,,,,,
1922,"משכני הדרים בע""מ",513661579,"משכני הדרים בע""מ",exact,לא נמצא ברשם - ח.פ. לא קיים בפועל,,,,,
1870,"משקיעים בירושלים ייעוץ והשקעות נדל""ן בע""מ",515806263,"משקיעים בירושלים ייעוץ והשקעות נדל""ן בע""מ",exact,לא נמצא ברשם - ח.פ. לא קיים בפועל,,,,,
650,"מתד ייזום והשקעות בע""מ",510846561,"מתד ייזום והשקעות בע""מ",exact,לא נמצא ברשם - ח.פ. לא קיים בפועל,,,,,
448,"נדל""ן מקבוצת בית ירושלמי בע""מ",516594595,"נדל""ן מקבוצת בית ירושלמי בע""מ",exact,לא נמצא ברשם - ח.פ. לא קיים בפועל,,,,,
533,"נדרים קארד בע""מ",516850351,"נדרים קארד בע""מ",exact,לא נמצא ברשם - ח.פ. לא קיים בפועל,,,,,
1710,"נוה (מנהיים) מעבדות אורטופדיות בע""מ",511269599,"נוה (מנהיים) מעבדות אורטופדיות בע""מ",exact,לא נמצא ברשם - ח.פ. לא קיים בפועל,,,,,
2141,"נווה אור ש.פ. יזמות בע""מ",514956721,"נווה אור ש.פ. יזמות בע""מ",exact,לא נמצא ברשם - ח.פ. לא קיים בפועל,,,,,
1848,נופטק מחשבים,517359352,"נופטק מחשבים בע""מ",fuzzy,לא נמצא ברשם - ח.פ. לא קיים בפועל,,,,,
753,"נופי אילן הירוקה בע""מ",515837086,"נופי אילן הירוקה בע""מ",exact,לא נמצא ברשם - ח.פ. לא קיים בפועל,,,,,
1881,"נופי בית הכרם בע""מ",515786085,"נופי בית הכרם בע""מ",exact,לא נמצא ברשם - ח.פ. לא קיים בפועל,,,,,
2552,"נופי צפת 2019 בע""מ",515977973,"נופי צפת 2019 בע""מ",exact,לא נמצא ברשם - ח.פ. לא קיים בפועל,,,,,
2542,"נופי ראש פינה בע""מ",517041307,"נופי ראש פינה בע""מ",exact,לא נמצא ברשם - ח.פ. לא קיים בפועל,,,,,
445,"נופים מקבוצת בית ירושלמי והדס קפיטל בע""מ",516943354,"נופים מקבוצת בית ירושלמי והדס קפיטל בע""מ",exact,לא נמצא ברשם - ח.פ. לא קיים בפועל,,,,,
2325,"נחלת שלמה זלמן (ע""ר)",580643229,"נחלת שלמה זלמן (ע""ר)",exact,לא נמצא ברשם - ח.פ. לא קיים בפועל,,,,,
536,נטליה ת.א.א. השקעות,515794840,"נטליה ת.א.א. השקעות בע""מ",fuzzy,לא נמצא ברשם - ח.פ. לא קיים בפועל,,,,,
14,"ניגון טויס בע""מ",515855468,"ניגון טויס בע""מ",exact,לא נמצא ברשם - ח.פ. לא קיים בפועל,,,,,
752,"ניו אייג' מרקט בע""מ",516795283,"ניו אייג' מרקט בע""מ",exact,לא נמצא ברשם - ח.פ. לא קיים בפועל,,,,,
718,"ניו סטאר סילבר בע""מ",514264753,"ניו סטאר סילבר בע""מ",exact,לא נמצא ברשם - ח.פ. לא קיים בפועל,,,,,
1869,"ניימן השקעות ויזמות בע""מ",515516201,"ניימן השקעות ויזמות בע""מ",exact,לא נמצא ברשם - ח.פ. לא קיים בפועל,,,,,
459,"נימבל פיננסים בע""מ",516516721,"נימבל פיננסים בע""מ",exact,לא נמצא ברשם - ח.פ. לא קיים בפועל,,,,,
451,"נצפה נוף מקבוצת בית ירושלמי שלי בע""מ",515901890,"נצפה נוף מקבוצת בית ירושלמי שלי בע""מ",exact,לא נמצא ברשם - ח.פ. לא קיים בפועל,,,,,
623,"נקודה מיזוג אויר בע""מ",515770147,"נקודה מיזוג אויר בע""מ",exact,לא נמצא ברשם - ח.פ. לא קיים בפועל,,,,,
677,"נשר נכסים עם עתיד בע""מ",516882248,"נשר נכסים עם עתיד בע""מ",exact,לא נמצא ברשם - ח.פ. לא קיים בפועל,,,,,
2800,"נתניה נדלן סנטר פרמיום בע""מ",516695079,"נתניה נדלן סנטר פרמיום בע""מ",exact,לא נמצא ברשם - ח.פ. לא קיים בפועל,,,,,
649,"נתניה סי- שור דיבלופמנט קו בע""מ",520003823,נתניה סי- שור דיבלופמנט קו בעמ,exact,לא נמצא ברשם - ח.פ. לא קיים בפועל,,,,,
628,"ס. ציקורל השקעות בע""מ",516468949,"ס. ציקורל השקעות בע""מ",exact,לא נמצא ברשם - ח.פ. לא קיים בפועל,,,,,
3287,"סאנסקרין ורוד בע""מ",517274155,"סאנסקרין ורוד בע""מ",exact,לא נמצא ברשם - ח.פ. לא קיים בפועל,,,,,
3286,"סאנפלאוור בע""מ",516704707,"סאנפלאוור בע""מ",exact,לא נמצא ברשם - ח.פ. לא קיים בפועל,,,,,
440,"סביונים מקבוצת בית ירושלמי בע""מ",516988755,"סביונים מקבוצת בית ירושלמי בע""מ",exact,לא נמצא ברשם - ח.פ. לא קיים בפועל,,,,,
1917,"סולארא בע""מ",510998149,"סולארא בע""מ",exact,לא נמצא ברשם - ח.פ. לא קיים בפועל,,,,,
1864,"סופרמן - מרכולים בע""מ",516474061,"סופרמן -מרכולים בע""מ",exact,לא נמצא ברשם - ח.פ. לא קיים בפועל,,,,,
489,"סחלבים מקבוצת בית ירושלמי בע""מ",517034138,"סחלבים מקבוצת בית ירושלמי בע""מ",exact,לא נמצא ברשם - ח.פ. לא קיים בפועל,,,,,
1124,"סי.אר.וי. בע""מ",512019837,"סי.אר.וי. בע""מ",exact,לא נמצא ברשם - ח.פ. לא קיים בפועל,,,,,
750,"סייפקאש אפליקציות בע""מ",516016045,"סייפקאש אפליקציות בע""מ",exact,לא נמצא ברשם - ח.פ. לא קיים בפועל,,,,,
1990,"סמארטסוויץ' בע""מ",515865947,"סמארטסוויץ' בע""מ",exact,לא נמצא ברשם - ח.פ. לא קיים בפועל,,,,,
631,"סמינר דעת ניסים (ע""ר)",580657393,"סמינר דעת ניסים (ע""ר)",exact,לא נמצא ברשם - ח.פ. לא קיים בפועל,,,,,
1728,סמינר למורות ולגננות הליכות בית יעקב,580386100,"סמינר למורות ולגננות הליכות בית יעקב (ע""ר)",exact,לא נמצא ברשם - ח.פ. לא קיים בפועל,,,,,
1757,סמינר מרכז בית יעקב למורות ולגננות -פתח תקוה,580403350,"סמינר מרכז בית יעקב למורות ולגננות - פתח תקוה (ע""ר)",exact,לא נמצא ברשם - ח.פ. לא קיים בפועל,,,,,
2804,"סנטר המושבה 975 בע""מ",516706975,"סנטר המושבה 975 בע""מ",exact,לא נמצא ברשם - ח.פ. לא קיים בפועל,,,,,
2546,"סנטר המושבה בע""מ",516707221,"סנטר המושבה בע""מ",exact,לא נמצא ברשם - ח.פ. לא קיים בפועל,,,,,
2805,"סנטר מערב העיר בע""מ",516707148,"סנטר מערב העיר בע""מ",exact,לא נמצא ברשם - ח.פ. לא קיים בפועל,,,,,
1672,"סעידוב מתכות בע""מ",514366285,"סעידוב מתכות בע""מ",exact,לא נמצא ברשם - ח.פ. לא קיים בפועל,,,,,
1719,"ספרי גאולה 2006 בע""מ",513771444,"ספרי גאולה 2006 בע""מ",exact,לא נמצא ברשם - ח.פ. לא קיים בפועל,,,,,
1903,"ע.ר. קרתא בצפת בע""מ",516528908,"ע.ר. קרתא בצפת בע""מ",exact,לא נמצא ברשם - ח.פ. לא קיים בפועל,,,,,
1883,"ע.ר. קרתא הפעמון בע""מ",516083995,"ע.ר קרתא הפעמון בע""מ",exact,לא נמצא ברשם - ח.פ. לא קיים בפועל,,,,,
1872,"ע.ר. קרתא נדל""ן בע""מ",515603462,"ע.ר. קרתא נדל""ן בע""מ",exact,לא נמצא ברשם - ח.פ. לא קיים בפועל,,,,,
1880,"ע.ר. קרתא נכסים בע""מ",516493285,"ע.ר. קרתא נכסים בע""מ",exact,לא נמצא ברשם - ח.פ. לא קיים בפועל,,,,,
1904,"ע.ר. קרתא סנטר רמת בית שמש (משכנות שיא) בע""מ",516544269,"ע.ר. קרתא סנטר רמת בית שמש (משכנות שיא) בע""מ",exact,לא נמצא ברשם - ח.פ. לא קיים בפועל,,,,,
620,"עבוד ט. לוי השקעות בע""מ",516462835,"עבוד ט. לוי השקעות בע""מ",exact,לא נמצא ברשם - ח.פ. לא קיים בפועל,,,,,
1735,"עדיף יזמות פיתוח בע""מ",515345379,"עדיף יזמות פיתוח ומסחר בע""מ",fuzzy,לא נמצא ברשם - ח.פ. לא קיים בפועל,,,,,
519,"עידית ייזום והשקעות בע""מ",515066603,"עידית ייזום והשקעות בע""מ",exact,לא נמצא ברשם - ח.פ. לא קיים בפועל,,,,,
433,"עיר וגן מקבוצת בית ירושלמי בע""מ",517090817,"עיר וגן מקבוצת בית ירושלמי בע""מ",exact,לא נמצא ברשם - ח.פ. לא קיים בפועל,,,,,
1951,"על -רד הנדסת מעליות (1992)בע""מ",511703936,"על-רד הנדסת מעליות (1992) בע""מ",exact,לא נמצא ברשם - ח.פ. לא קיים בפועל,,,,,
1836,עמותת מביאים ברכה וסיוע,580724995,"עמותת מביאים ברכה וסיוע (ע""ר)",exact,לא נמצא ברשם - ח.פ. לא קיים בפועל,,,,,
674,"עמינדב בוטיק בע""מ",515776532,"חברת עמינדב בוטיק בע""מ",fuzzy,לא נמצא ברשם - ח.פ. לא קיים בפועל,,,,,
673,"עמינדב רזידנס בע""מ",515655058,"עמינדב רזידנס בע""מ",exact,לא נמצא ברשם - ח.פ. לא קיים בפועל,,,,,
1921,"עתיד - חברה לאדריכלות בע""מ",515215697,"עתיד - חברה לאדריכלות בע""מ",exact,לא נמצא ברשם - ח.פ. לא קיים בפועל,,,,,
1943,"פאות צילי בינלאומי בע""מ",515998482,"פאות צילי בינלאומי בע""מ",exact,לא נמצא ברשם - ח.פ. לא קיים בפועל,,,,,
1981,"פאי נשיונל בע""מ",514249952,"פאי נשיונל בע""מ",exact,לא נמצא ברשם - ח.פ. לא קיים בפועל,,,,,
1673,"פאיימי בע""מ",515033553,"פאיימי בע""מ",exact,לא נמצא ברשם - ח.פ. לא קיים בפועל,,,,,
196,"פוד שפע והצלחה בע""מ",517180337,"פוד שפע והצלחה בע""מ",exact,לא נמצא ברשם - ח.פ. לא קיים בפועל,,,,,
691,"פופקורן אחזקות בנדל""ן בע""מ",515214153,"פופקורן אחזקות בנדל""ן בע""מ",exact,לא נמצא ברשם - ח.פ. לא קיים בפועל,,,,,
1964,"פי.וי.נכסים בע""מ",513080200,"פי.וי. נכסים בע""מ",exact,לא נמצא ברשם - ח.פ. לא קיים בפועל,,,,,
667,"פינטקה, שותפות כללית",540321700,"פינטקה, שותפות כללית",exact,לא נמצא ברשם - ח.פ. לא קיים בפועל,,,,,
2161,"פלא פיי בע""מ",515020147,"פלא פיי בע""מ",exact,לא נמצא ברשם - ח.פ. לא קיים בפועל,,,,,
1730,"פלטבוש סחר והשקעות בע""מ",515124584,"פלטבוש סחר והשקעות בע""מ",exact,לא נמצא ברשם - ח.פ. לא קיים בפועל,,,,,
1794,"פלטרין השקעות בע""מ",514162296,"פלטרין השקעות בע""מ",exact,לא נמצא ברשם - ח.פ. לא קיים בפועל,,,,,
1722,"פליי פאנקשן ישראל בע""מ",514972330,"פליי פאנקשן ישראל בע""מ",exact,לא נמצא ברשם - ח.פ. לא קיים בפועל,,,,,
441,"פני העיר ב. ש. מקבוצת בית ירושלמי בע""מ",516712254,"פני העיר ב.ש. מקבוצת בית ירושלמי בע""מ",exact,לא נמצא ברשם - ח.פ. לא קיים בפועל,,,,,
2555,"פנינת בזלת בע""מ",517041315,"פנינת בזלת בע""מ",exact,לא נמצא ברשם - ח.פ. לא קיים בפועל,,,,,
739,"פנינת גושן בע""מ",516074564,"פנינת גושן בע""מ",exact,לא נמצא ברשם - ח.פ. לא קיים בפועל,,,,,
1873,"פנינת קטמון בע""מ",515588762,"פנינת קטמון בע""מ",exact,לא נמצא ברשם - ח.פ. לא קיים בפועל,,,,,
1884,"פסגת בית וגן 2021 בע""מ",516483591,"פסגת בית וגן 2021 בע""מ",exact,לא נמצא ברשם - ח.פ. לא קיים בפועל,,,,,
668,"פפר פלטפורם בע""מ",515772820,"פפר פלטפורם בע""מ",exact,לא נמצא ברשם - ח.פ. לא קיים בפועל,,,,,
1980,"פרופיט אדג' בע""מ",516102241,"פרופיט אדג' בע""מ",exact,לא נמצא ברשם - ח.פ. לא קיים בפועל,,,,,
1925,"פרי ביצועים בע""מ",514333202,"פרי ביצועים בע""מ",exact,לא נמצא ברשם - ח.פ. לא קיים בפועל,,,,,
1929,"פרי נדל""ן ברובע יזרעאל בע""מ",514989219,"פרי נדל""ן ברובע יזרעאל בע""מ",exact,לא נמצא ברשם - ח.פ. לא קיים בפועל,,,,,
1927,"פרי ריזורט בע""מ",515312445,"פרי ריזורט בע""מ",exact,לא נמצא ברשם - ח.פ. לא קיים בפועל,,,,,
1932,"פרי שוחט אנרגיה בע""מ",516048337,"פרי שוחט אנרגיה בע""מ",exact,לא נמצא ברשם - ח.פ. לא קיים בפועל,,,,,
2162,"פרידלנד נכסים בע""מ",515768497,"פרידלנד נכסים בע""מ",exact,לא נמצא ברשם - ח.פ. לא קיים בפועל,,,,,
1819,"צ.ח. שטרן פיננסים בע""מ",515671618,"צ.ח. שטרן פיננסים בע""מ",exact,לא נמצא ברשם - ח.פ. לא קיים בפועל,,,,,
1979,"צ.ש.ש.א. החברה להתחדשות נדל""ן בע""מ",515030435,"צ.ש.ש.א. החברה להתחדשות נדל""ן בע""מ",exact,לא נמצא ברשם - ח.פ. לא קיים בפועל,,,,,
1831,"צאן ברזל - אליאנס בע""מ",514955343,"צאן ברזל - אליאנס בע""מ",exact,לא נמצא ברשם - ח.פ. לא קיים בפועל,,,,,
1828,"ציון תורג'מן בע""מ",513910752,"ציון תורג'מן בע""מ",exact,לא נמצא ברשם - ח.פ. לא קיים בפועל,,,,,
738,"צפורה מסעי א""י בע""מ",512310160,"צפורה מסעי א""י בע""מ",exact,לא נמצא ברשם - ח.פ. לא קיים בפועל,,,,,
2126,"ק.י ברקת השקעות מתקדמות בנדל""ן בע""מ",516280799,"ק.י ברקת השקעות מתקדמות בנדל""ן בע""מ",exact,לא נמצא ברשם - ח.פ. לא קיים בפועל,,,,,
1847,"ק.י ספיר השקעות וסוכנויות בע""מ",515088995,"ק.י. ספיר השקעות וסוכנויות בע""מ",exact,לא נמצא ברשם - ח.פ. לא קיים בפועל,,,,,
737,קאש פויינט השקעות,514847581,"קאש פויינט השקעות בע""מ",fuzzy,לא נמצא ברשם - ח.פ. לא קיים בפועל,,,,,
1996,"קבוצת אהרוני (מ.א.) יזום והשקעות בע""מ",512828492,"קבוצת אהרוני (מ.א) יזום והשקעות בע""מ",exact,לא נמצא ברשם - ח.פ. לא קיים בפועל,,,,,
1923,"קבוצת אלדד פרי בע""מ",514911080,"קבוצת אלדד פרי בע""מ",exact,לא נמצא ברשם - ח.פ. לא קיים בפועל,,,,,
1924,"קבוצת אלדד פרי ניהול בע""מ",514989227,"קבוצת אלדד פרי - ניהול בע""מ",exact,לא נמצא ברשם - ח.פ. לא קיים בפועל,,,,,
428,"קבוצת בית ירושלמי שלי בע""מ",515887487,"קבוצת בית ירושלמי שלי בע""מ",exact,לא נמצא ברשם - ח.פ. לא קיים בפועל,,,,,
2809,"קדמה מגורים בע""מ",516917325,"קדמה מגורים בע""מ",exact,לא נמצא ברשם - ח.פ. לא קיים בפועל,,,,,
664,"קומפיט נדל""ן בע""מ",515102762,"קומפיט נדל""ן בע""מ",exact,לא נמצא ברשם - ח.פ. לא קיים בפועל,,,,,
735,"קונסול ייעוץ וניהול בע""מ",515957397,"קונסול ייעוץ וניהול בע""מ",exact,לא נמצא ברשם - ח.פ. לא קיים בפועל,,,,,
734,"קונסנפנסיון בע""מ",515794105,"קונסנפנסיון בע""מ",exact,לא נמצא ברשם - ח.פ. לא קיים בפועל,,,,,
535,"קידום פרוייקטים שיקומיים ב.ה. בע""מ",513295170,"קידום פרוייקטים שיקומיים ב.ה. בע""מ",exact,לא נמצא ברשם - ח.פ. לא קיים בפועל,,,,,
733,"קיי.אם .אר הירוקה בע""מ",515546133,"קיי. אם. אר. הירוקה בע""מ",exact,לא נמצא ברשם - ח.פ. לא קיים בפועל,,,,,
1853,"קינדר טויס גנים ח.ר. בע""מ",516011780,"קינדר טויס גנים ח.ר. בע""מ",exact,לא נמצא ברשם - ח.פ. לא קיים בפועל,,,,,
1852,"קינדר טויס צעצועי הכוכבים בע""מ",515546679,"קינדר טויס צעצועי הכוכבים בע""מ",exact,לא נמצא ברשם - ח.פ. לא קיים בפועל,,,,,
1842,קמפוס שטראוס אפיקי לומדה,580573384,"קמפוס שטראוס אפיקי לומדה (ע""ר)",exact,לא נמצא ברשם - ח.פ. לא קיים בפועל,,,,,
1683,"קנה פלסט בע""מ",511026924,"קנה פלסט בע""מ",exact,לא נמצא ברשם - ח.פ. לא קיים בפועל,,,,,
732,"קניון לב הים עתלית בע""מ",516305752,"קניון לב הים עתלית בע""מ",exact,לא נמצא ברשם - ח.פ. לא קיים בפועל,,,,,
1731,"קפיטל מוטורס בע""מ",515002020,"קפיטל מוטורס בע""מ",exact,לא נמצא ברשם - ח.פ. לא קיים בפועל,,,,,
642,"קרמיק דיפו בע""מ",513825943,"קרמיק דיפו בע""מ",exact,לא נמצא ברשם - ח.פ. לא קיים בפועל,,,,,
627,"קרן להחזקת תורה רמת בית שמש א' (ע""ר)",580520385,"קרן להחזקת תורה רמת בית שמש א' (ע""ר)",exact,לא נמצא ברשם - ח.פ. לא קיים בפועל,,,,,
1867,"קרתא אחזקות בע""מ",516103710,"קרתא אחזקות בע""מ",exact,לא נמצא ברשם - ח.פ. לא קיים בפועל,,,,,
1876,"קרתא בגילה בע""מ",516455029,"קרתא בגילה בע""מ",exact,לא נמצא ברשם - ח.פ. לא קיים בפועל,,,,,
1879,"קרתא בסנהדריה בע""מ",516473170,"קרתא בסנהדריה בע""מ",exact,לא נמצא ברשם - ח.פ. לא קיים בפועל,,,,,
1877,"קרתא גבעת שאול בע""מ",516473147,"קרתא גבעת שאול בע""מ",exact,לא נמצא ברשם - ח.פ. לא קיים בפועל,,,,,
1891,"קרתא השקעה - 104 בע""מ",516455102,"קרתא השקעה - 104 בע""מ",exact,לא נמצא ברשם - ח.פ. לא קיים בפועל,,,,,
1892,"קרתא השקעה - 105 בע""מ",516455060,"קרתא השקעה - 105 בע""מ",exact,לא נמצא ברשם - ח.פ. לא קיים בפועל,,,,,
1893,"קרתא השקעה - 106 בע""מ",516455037,"קרתא השקעה - 106 בע""מ",exact,לא נמצא ברשם - ח.פ. לא קיים בפועל,,,,,
1894,"קרתא השקעה - 107 בע""מ",516486065,"קרתא השקעה 107 בע""מ",exact,לא נמצא ברשם - ח.פ. לא קיים בפועל,,,,,
1888,"קרתא השקעה 101 בע""מ",516451077,"קרתא השקעה 101 בע""מ",exact,לא נמצא ברשם - ח.פ. לא קיים בפועל,,,,,
1889,"קרתא השקעה 102 בע""מ",516451135,"קרתא השקעה 102 בע""מ",exact,לא נמצא ברשם - ח.פ. לא קיים בפועל,,,,,
1890,"קרתא השקעה 103 בע""מ",516451085,"קרתא השקעה 103 בע""מ",exact,לא נמצא ברשם - ח.פ. לא קיים בפועל,,,,,
1895,"קרתא השקעה 108 בע""מ",516486057,"קרתא השקעה 108 בע""מ",exact,לא נמצא ברשם - ח.פ. לא קיים בפועל,,,,,
1896,"קרתא השקעה 109 בע""מ",516486040,"קרתא השקעה 109 בע""מ",exact,לא נמצא ברשם - ח.פ. לא קיים בפועל,,,,,
1897,"קרתא השקעה 110 בע""מ",516486032,"קרתא השקעה 110 בע""מ",exact,לא נמצא ברשם - ח.פ. לא קיים בפועל,,,,,
1898,"קרתא השקעה 111 בע""מ",515718815,"קרתא השקעה 111 בע""מ",exact,לא נמצא ברשם - ח.פ. לא קיים בפועל,,,,,
1958,"קרתא השקעות בע""מ",515516177,"קרתא השקעות בע""מ",exact,לא נמצא ברשם - ח.פ. לא קיים בפועל,,,,,
1874,"קרתא השקעות החדשה בע""מ",516419868,"קרתא השקעות החדשה בע""מ",exact,לא נמצא ברשם - ח.פ. לא קיים בפועל,,,,,
1875,"קרתא כרמים התחדשות עירונית בע""מ",516727682,"קרתא כרמים התחדשות עירונית בצלאל 28 בע""מ",fuzzy,לא נמצא ברשם - ח.פ. לא קיים בפועל,,,,,
1866,"קרתא מגורים נכסים 2020 בע""מ",516263498,"קרתא מגורים נכסים 2020 בע""מ",exact,לא נמצא ברשם - ח.פ. לא קיים בפועל,,,,,
1899,"קרתא מוסיוף 6 בע""מ",516432929,"קרתא מוסיוף 6 בע""מ",exact,לא נמצא ברשם - ח.פ. לא קיים בפועל,,,,,
1871,"קרתא תפעול בע""מ",516451150,"קרתא תפעול בע""מ",exact,לא נמצא ברשם - ח.פ. לא קיים בפועל,,,,,
1117,"קשר המרכז הישראלי להוראות קבע בע""מ",513996132,"קשר המרכז הישראלי להוראות קבע בע""מ",exact,לא נמצא ברשם - ח.פ. לא קיים בפועל,,,,,
1118,"קשר פיננסים פאי- מ.ה. בע""מ",515179398,"קשר פיננסים פאי- מ.ה. בע""מ",exact,לא נמצא ברשם - ח.פ. לא קיים בפועל,,,,,
690,"ר.פ.ב נכסים בע""מ",515946143,"ר.פ.ב נכסים בע""מ",exact,לא נמצא ברשם - ח.פ. לא קיים בפועל,,,,,
483,"רבקה 22 בע""מ",514736453,"רבקה 22 בע""מ",exact,לא נמצא ברשם - ח.פ. לא קיים בפועל,,,,,
637,"רובע 1 בע""מ",513423863,"רובע 1 בע""מ",exact,לא נמצא ברשם - ח.פ. לא קיים בפועל,,,,,
689,"רוח אביב ז'בוטינסקי קרית ים בע""מ",516038379,"רוח אביב ז'בוטינסקי קרית ים בע""מ",exact,לא נמצא ברשם - ח.פ. לא קיים בפועל,,,,,
2807,"רוממה אחים סנטר בע""מ",515966133,"רוממה אחים סנטר בע""מ",exact,לא נמצא ברשם - ח.פ. לא קיים בפועל,,,,,
456,"רזידנס מקבוצת בית ירושלמי בע""מ",516594520,"רזידנס מקבוצת בית ירושלמי בע""מ",exact,לא נמצא ברשם - ח.פ. לא קיים בפועל,,,,,
688,"רינת מבואות ירושלים בע""מ",515694222,"רינת מבואות ירושלים בע""מ",exact,לא נמצא ברשם - ח.פ. לא קיים בפועל,,,,,
460,"ריש לקיש 5 בע""מ",514776442,"ריש לקיש 5 בע""מ",exact,לא נמצא ברשם - ח.פ. לא קיים בפועל,,,,,
686,"רם אדרת-סלעית בע""מ",516106028,"רם אדרת-סלעית בע""מ",exact,לא נמצא ברשם - ח.פ. לא קיים בפועל,,,,,
534,"רמת אילן הירוקה בע""מ",516281813,"רמת אילן הירוקה בע""מ",exact,לא נמצא ברשם - ח.פ. לא קיים בפועל,,,,,
1918,"רפאל אינטרנשיונל בע""מ",510760804,"רפאלי אינטרנשיונל בע""מ",fuzzy,לא נמצא ברשם - ח.פ. לא קיים בפועל,,,,,
1760,רפאלי - הקוטב הצפוני,515852259,"רפאלי הקוטב הצפוני בע""מ",fuzzy,לא נמצא ברשם - ח.פ. לא קיים בפועל,,,,,
444,"רקפות מקבוצת בית ירושלמי בע""מ",516982840,"רקפות מקבוצת בית ירושלמי בע""מ",exact,לא נמצא ברשם - ח.פ. לא קיים בפועל,,,,,
1130,"ש.י. אביעד בע""מ",515363133,"ש.י. אביעד בע""מ",exact,לא נמצא ברשם - ח.פ. לא קיים בפועל,,,,,
491,"שאול סגל יזמות ונדל""ן בע""מ",516215589,"שאול סגל יזמות ונדל""ן בע""מ",exact,לא נמצא ברשם - ח.פ. לא קיים בפועל,,,,,
1933,"שדרות יפו 1 בע""מ",515755064,"שדרות פינת יפו 1 בע""מ",fuzzy,לא נמצא ברשם - ח.פ. לא קיים בפועל,,,,,
685,"שורש אגור בע""מ",516354305,"שורש אגור בע""מ",exact,לא נמצא ברשם - ח.פ. לא קיים בפועל,,,,,
684,"שורש מגורים בע""מ",516440468,"שורש מגורים בע""מ",exact,לא נמצא ברשם - ח.פ. לא קיים בפועל,,,,,
683,"שחר השקעות-י.שדות בע""מ",515839975,"שחר השקעות - י. שדות בע""מ",exact,לא נמצא ברשם - ח.פ. לא קיים בפועל,,,,,
730,"שחר לאנשים שרוצים להתקדם בע""מ",515953750,"שחר לאנשים שרוצים להתקדם בע""מ",exact,לא נמצא ברשם - ח.פ. לא קיים בפועל,,,,,
1812,"שטיבלך קהל חסידים בע""מ(חל""צ)",513322396,"שטיבלך קהל חסידים בע""מ (חל""צ)",fuzzy,לא נמצא ברשם - ח.פ. לא קיים בפועל,,,,,
1779,"שיא החשמל והמיזוג ב""ה בע""מ",514535970,"שיא החשמל והמיזוג ב""ה בע""מ",exact,לא נמצא ברשם - ח.פ. לא קיים בפועל,,,,,
2010,"שיא מימונים בע""מ",516107448,"שיא מימונים בע""מ",exact,לא נמצא ברשם - ח.פ. לא קיים בפועל,,,,,
1724,"שילת אופטרוניקה בע""מ",514123082,"שילת אופטרוניקה בע""מ",exact,לא נמצא ברשם - ח.פ. לא קיים בפועל,,,,,
2550,"שלוות צפת בע""מ",516924016,"שלוות צפת בע""מ",exact,לא נמצא ברשם - ח.פ. לא קיים בפועל,,,,,
1774,"שן סמייל בע""מ",515920650,"שן סמייל בע""מ",exact,לא נמצא ברשם - ח.פ. לא קיים בפועל,,,,,
2131,"שערי עוזיהו בע""מ",515617314,"שערי עוזיהו בע""מ",exact,לא נמצא ברשם - ח.פ. לא קיים בפועל,,,,,
453,"שערים מקבוצת בית ירושלמי בע""מ",516438801,"שערים מקבוצת בית ירושלמי בע""מ",exact,לא נמצא ברשם - ח.פ. לא קיים בפועל,,,,,
1676,שפירא תאורה,516826989,"שפירא תאורה בע""מ",fuzzy,לא נמצא ברשם - ח.פ. לא קיים בפועל,,,,,
615,"שפע ייזום ותיווך נדל""ן בע""מ",514581180,"שפע ייזום ותיווך נדל""ן בע""מ",exact,לא נמצא ברשם - ח.פ. לא קיים בפועל,,,,,
1776,"תהילינס 10 בע""מ",514471937,"תהילינס 10 בע""מ",exact,לא נמצא ברשם - ח.פ. לא קיים בפועל,,,,,
1790,"תכלית מזון מוכן בע""מ",513828251,"תכלית מזון מוכן בע""מ",exact,לא נמצא ברשם - ח.פ. לא קיים בפועל,,,,,
1128,"תפארת רכסים (ע""ר)",580405496,"תפארת רכסים (ע""ר)",exact,לא נמצא ברשם - ח.פ. לא קיים בפועל,,,,,
838,אבי שמאים ויועצים 770 בעמ,515891620,"אבי שמאים ויועצים 770 בע""מ",exact,לא נמצא ברשם - ח.פ. לא קיים בפועל,,,,,
831,"אביב חדש בלוד 2012 בע""מ",514784578,"אביב חדש בלוד 2012 בע""מ",exact,לא נמצא ברשם - ח.פ. לא קיים בפועל,,,,,
2249,"אדיר 55 בע""מ",512776337,"אדיר 55 בע""מ",exact,לא נמצא ברשם - ח.פ. לא קיים בפועל,,,,,
1127,"אוורסט בן גוריון 28 בע""מ",515492833,"אוורסט בן גוריון 28 בע""מ",exact,לא נמצא ברשם - ח.פ. לא קיים בפועל,,,,,
798,"אורה סמארט אייר בע""מ",515816114,"אורה סמארט אייר בע""מ",exact,לא נמצא ברשם - ח.פ. לא קיים בפועל,,,,,
2254,"אוריקאר תחבורה בע""מ",512407222,"אוריקאר תחבורה בע""מ",exact,לא נמצא ברשם - ח.פ. לא קיים בפועל,,,,,
2250,"אל.אר.ג'י איטום בניה ואחסנה בע""מ",514943828,"אל.אר.ג'י איטום בניה ואחסנה בע""מ",exact,לא נמצא ברשם - ח.פ. לא קיים בפועל,,,,,
769,"אסיה סיירוס פיתוח וייזום בע""מ",513706424,"אסיה סיירוס פיתוח וייזום בע""מ",exact,לא נמצא ברשם - ח.פ. לא קיים בפועל,,,,,
2258,"אפסנט מדיקל בע""מ",515882041,"אפסנט מדיקל בע""מ",exact,לא נמצא ברשם - ח.פ. לא קיים בפועל,,,,,
770,"אקשן טויס בע""מ",516247608,"אקשן טויס בע""מ",exact,לא נמצא ברשם - ח.פ. לא קיים בפועל,,,,,
662,"אריה לדרמן החזקות בע""מ",516033693,"אריה לדרמן החזקות בע""מ",exact,לא נמצא ברשם - ח.פ. לא קיים בפועל,,,,,
521,"באלי גלובל הולדינגס בע""מ",514212570,"באלי גלובל הולדינגס בע""מ",exact,לא נמצא ברשם - ח.פ. לא קיים בפועל,,,,,
2263,"בהצלחה תמיד בע""מ",516763133,"בהצלחה תמיד בע""מ",exact,לא נמצא ברשם - ח.פ. לא קיים בפועל,,,,,
771,"ביזי טופ בע""מ",515901262,"ביזי טופ בע""מ",exact,לא נמצא ברשם - ח.פ. לא קיים בפועל,,,,,
792,בית אדיר יזמות ובניה,515668218,"בית אדיר יזמות ובניה בע""מ",fuzzy,לא נמצא ברשם - ח.פ. לא קיים בפועל,,,,,
772,"בית הצדיק בע""מ",515756807,"בית הצדיק בע""מ",exact,לא נמצא ברשם - ח.פ. לא קיים בפועל,,,,,
773,"בית מדרש חניכי הישיבות נתיבות(ע""ר)",580648939,"בית מדרש חניכי הישיבות נתיבות (ע""ר)",exact,לא נמצא ברשם - ח.פ. לא קיים בפועל,,,,,
490,"בלה מ.ב. השקעות בע""מ",516571783,"בלה מ.ב. השקעות בע""מ",exact,לא נמצא ברשם - ח.פ. לא קיים בפועל,,,,,
774,"בן אנד ברו 770 בע""מ",516633542,"בן אנד ברו 770 בע""מ",exact,לא נמצא ברשם - ח.פ. לא קיים בפועל,,,,,
775,בנה בתך,540123114,בנה ביתך,fuzzy,לא נמצא ברשם - ח.פ. לא קיים בפועל,,,,,
776,"בעל התניא אביטל בע""מ",516468642,"בעל התניא אביטל בע""מ",exact,לא נמצא ברשם - ח.פ. לא קיים בפועל,,,,,
777,"בעל התניא אחזקות בע""מ",516717758,"בעל התניא אחזקות בע""מ",exact,לא נמצא ברשם - ח.פ. לא קיים בפועל,,,,,
472,"בעל התניא אילת בע""מ",516016508,"בעל התניא אילת בע""מ",exact,לא נמצא ברשם - ח.פ. לא קיים בפועל,,,,,
471,"בעל התניא אפרת בע""מ",516187853,"בעל התניא אפרת בע""מ",exact,לא נמצא ברשם - ח.פ. לא קיים בפועל,,,,,
778,"בעל התניא בן שמן בע""מ",516372919,"בעל התניא בן שמן בע""מ",exact,לא נמצא ברשם - ח.פ. לא קיים בפועל,,,,,
779,"בעל התניא השרון בע""מ",516510310,"בעל התניא השרון בע""מ",exact,לא נמצא ברשם - ח.פ. לא קיים בפועל,,,,,
470,"בעל התניא התמרים בע""מ",516387446,"בעל התניא התמרים בע""מ",exact,לא נמצא ברשם - ח.פ. לא קיים בפועל,,,,,
781,"בעל התניא מכרזים בע""מ",516509866,"בעל התניא מכרזים בע""מ",exact,לא נמצא ברשם - ח.פ. לא קיים בפועל,,,,,
782,"בעל התניא עפולה בע""מ",516378874,"בעל התניא עפולה בע""מ",exact,לא נמצא ברשם - ח.פ. לא קיים בפועל,,,,,
474,"בראשית הירוקה בע""מ",516040417,"בראשית הירוקה בע""מ",exact,לא נמצא ברשם - ח.פ. לא קיים בפועל,,,,,
918,"ברגר טאוורס ירושלים בע""מ",515200137,"ברגר טאוורס ירושלים בע""מ",exact,לא נמצא ברשם - ח.פ. לא קיים בפועל,,,,,
464,"ג'יי די סי מרפאת שיניים (ע""ר)",580065050,"ג'יי די סי מרפאת שיניים (ע""ר)",exact,לא נמצא ברשם - ח.פ. לא קיים בפועל,,,,,
785,"גדיש הירוקה בע""מ",515755593,"גדיש הירוקה בע""מ",exact,לא נמצא ברשם - ח.פ. לא קיים בפועל,,,,,
786,"גמילות חסדים בתפארתה(ע""ר)",580802783,"גמילות חסדים בתפארתה (ע""ר)",exact,לא נמצא ברשם - ח.פ. לא קיים בפועל,,,,,
518,"ד. סיט השקעות בע""מ",516536083,"ד. סיט השקעות בע""מ",exact,לא נמצא ברשם - ח.פ. לא קיים בפועל,,,,,
523,"ד.ח. רומנו השקעות בע""מ",516606779,"ד.ח. רומנו השקעות בע""מ",exact,לא נמצא ברשם - ח.פ. לא קיים בפועל,,,,,
2257,"דופלקס נאמן יזמות הנדסה ובניה בע""מ",514745520,"דופלקס נאמן יזמות הנדסה ובניה בע""מ",exact,לא נמצא ברשם - ח.פ. לא קיים בפועל,,,,,
638,"דור ודר מינוף פיננסים ויועצים בע""מ",516319266,"דור ודר מינוף פיננסים ויועצים בע""מ",exact,לא נמצא ברשם - ח.פ. לא קיים בפועל,,,,,
1134,"דלקל אנרגיה (2004) בע""מ",513592931,"דלקל אנרגיה (2004) בע""מ",exact,לא נמצא ברשם - ח.פ. לא קיים בפועל,,,,,
434,"הבית ברמות מקבוצת בית ירושלמי בע""מ",516186053,"הבית ברמות מקבוצת בית ירושלמי בע""מ",exact,לא נמצא ברשם - ח.פ. לא קיים בפועל,,,,,
790,"הולד מי בע""מ",513933218,"הולד מי בע""מ",exact,לא נמצא ברשם - ח.פ. לא קיים בפועל,,,,,
663,"הנוטע בע""מ",520002478,הנוטע בעמ,exact,לא נמצא ברשם - ח.פ. לא קיים בפועל,,,,,
675,"הפרדס הלבן חדרה 2023 בע""מ",516793478,"הפרדס הלבן חדרה 2023 בע""מ",exact,לא נמצא ברשם - ח.פ. לא קיים בפועל,,,,,
646,"וידאה ניהול השקעות מקבוצת לאומי בע""מ",515780138,"וידאה ניהול השקעות מקבוצת לאומי בע""מ",exact,לא נמצא ברשם - ח.פ. לא קיים בפועל,,,,,
614,"חזקי השקעות בע""מ",516229457,"חזקי השקעות בע""מ",exact,לא נמצא ברשם - ח.פ. לא קיים בפועל,,,,,
804,"י.ש. אזמרה יזמות בע""מ",515770824,"י.ש אזמרה יזמות בע""מ",exact,לא נמצא ברשם - ח.פ. לא קיים בפועל,,,,,
722,"יוד.פיי. יזמויות השקעות וייעוץ נדל""ן בע""מ",516598851,"יוד.פיי. יזמויות השקעות וייעוץ נדל""ן בע""מ",exact,לא נמצא ברשם - ח.פ. לא קיים בפועל,,,,,
1133,"ימות המשיח בע""מ",514226000,"ימות המשיח בע""מ",exact,לא נמצא ברשם - ח.פ. לא קיים בפועל,,,,,
2260,"ישיבה ופנימיה פאר ישראל ירושלים (ע""ר)",580635670,ישיבה ופנימיה פאר ישראל ירושלים (ע''ר),exact,לא נמצא ברשם - ח.פ. לא קיים בפועל,,,,,
640,"ישיבת קמניץ ירושלים כנסת בית יצחק (ע""ר)",580029239,"ישיבת קמניץ ירושלים כנסת בית יצחק (ע""ר)",exact,לא נמצא ברשם - ח.פ. לא קיים בפועל,,,,,
645,"לאומי פרטנרס בע""מ",520031857,"לאומי פרטנרס בע""מ",exact,לא נמצא ברשם - ח.פ. לא קיים בפועל,,,,,
644,"לאומי שירותי שוק ההון בע""מ",511481996,"לאומי שירותי שוק ההון בע""מ",exact,לא נמצא ברשם - ח.פ. לא קיים בפועל,,,,,
2262,"לומדים היכל התורה והחסד המרכזי (ע""ר)",580523264,"לומדים - היכל התורה והחסד המרכזי (ע""ר)",exact,לא נמצא ברשם - ח.פ. לא קיים בפועל,,,,,
727,"מוסדות ירוסלב (ע""ר)",580575025,"מוסדות ירוסלב (ע""ר)",exact,לא נמצא ברשם - ח.פ. לא קיים בפועל,,,,,
2261,"מוסדות רצון השם בית שמש (ע""ר)",580515435,"מוסדות רצון השם - בית שמש (ע""ר)",exact,לא נמצא ברשם - ח.פ. לא קיים בפועל,,,,,
799,"מטעמי שולחן ערוך בע""מ",515645844,"מטעמי שולחן ערוך בע""מ",exact,לא נמצא ברשם - ח.פ. לא קיים בפועל,,,,,
833,מיה רימונים 770 בעמ,516427580,"מיה רימונים 770 בע""מ",exact,לא נמצא ברשם - ח.פ. לא קיים בפועל,,,,,
2255,"מים אדירים הנדסה בע""מ",513646869,"מים אדירים הנדסה בע""מ",exact,לא נמצא ברשם - ח.פ. לא קיים בפועל,,,,,
2018,"מצות מהדרין וחבורה בע""מ",514208206,"מצות מהדרין וחבורה בע""מ",exact,לא נמצא ברשם - ח.פ. לא קיים בפועל,,,,,
1116,"מרכזיה בע""מ",515266286,"מרכזיה בע""מ",exact,לא נמצא ברשם - ח.פ. לא קיים בפועל,,,,,
755,משגב ציון ירושלים,580573921,"משגב ציון ירושלים (ע""ר)",exact,לא נמצא ברשם - ח.פ. לא קיים בפועל,,,,,
1508,סימפל,540167152,סימפלי,fuzzy,לא נמצא ברשם - ח.פ. לא קיים בפועל,,,,,
800,"ספארק איי אל בע""מ",516113479,"ספארק איי אל בע""מ (חל""צ)",fuzzy,לא נמצא ברשם - ח.פ. לא קיים בפועל,,,,,
801,"עוז תוכנה בע""מ",514453224,"עוז תוכנה בע""מ",exact,לא נמצא ברשם - ח.פ. לא קיים בפועל,,,,,
2264,"שמחה סטל החזקות בע""מ",517202503,"שמחה סטל החזקות בע""מ",exact,לא נמצא ברשם - ח.פ. לא קיים בפועל,,,,,
2259,"תשואות חן בע""מ",515279396,"תשואות חן בע""מ",exact,לא נמצא ברשם - ח.פ. לא קיים בפועל,,,,,
